Date,CourseID,CourseName,CourseCategory,Actual_Next_Day_Enrollment,Predicted_Next_Day_Enrollment,Actual_Next_Day_Revenue,Predicted_Next_Day_Revenue
2025-10-25,CR00051,HTML & CSS,Web Development,0.0,15.339776178768837,0.0,15.339776178768837
2025-10-25,CR00029,Natural Language Processing,Machine Learning,0.0,0.0,0.0,0.0
2025-10-25,CR00032,Ethical Hacking,Cybersecurity,1.0,0.0,0.0,0.0
2025-10-25,CR00057,SEO for E-commerce,Digital Marketing,0.0,73.73634581849626,0.0,73.73634581849626
2025-10-25,CR00050,Computer Vision,Artificial Intelligence,0.0,202.84990997654225,0.0,202.84990997654225
2025-10-25,CR00020,Email Marketing,Marketing,2.0,0.0,0.0,0.0
2025-10-25,CR00031,Network Security,Cybersecurity,0.0,0.0,0.0,0.0
2025-10-25,CR00039,Project Planning,Project Management,1.0,139.67850437694946,346.71,139.67850437694946
2025-10-25,CR00049,Deep Learning,Artificial Intelligence,0.0,195.12249287108207,0.0,195.12249287108207
2025-10-25,CR00035,Cyber Threat Intelligence,Cybersecurity,1.0,0.0,0.0,0.0
2025-10-25,CR00019,Content Marketing,Marketing,0.0,2.04121445546582,0.0,2.04121445546582
2025-10-25,CR00001,Python Basics,Programming,0.0,186.27655470036882,0.0,186.27655470036882
2025-10-25,CR00012,Business Strategy,Business,0.0,242.84383672351132,0.0,242.84383672351132
2025-10-25,CR00008,Photoshop Mastery,Design,0.0,0.0,0.0,0.0
2025-10-25,CR00003,C++ for Beginners,Programming,0.0,1.972198757256578,0.0,1.972198757256578
2025-10-25,CR00060,Content Creation,Digital Marketing,1.0,0.0,0.0,0.0
2025-10-25,CR00026,Intro to Machine Learning,Machine Learning,0.0,0.0,0.0,0.0
2025-10-25,CR00025,Statistical Analysis,Data Science,0.0,119.91477512037633,0.0,119.91477512037633
2025-10-25,CR00022,Data Visualization,Data Science,0.0,5.655413078440013,0.0,5.655413078440013
2025-10-25,CR00038,Risk Management,Project Management,0.0,166.9566477456649,0.0,166.9566477456649
2025-10-25,CR00041,Financial Accounting,Finance,1.0,21.397642980977263,53.86,21.397642980977263
2025-10-25,CR00007,UI/UX Design,Design,0.0,0.0,0.0,0.0
2025-10-25,CR00024,Big Data Analytics,Data Science,0.0,58.726057841945234,0.0,58.726057841945234
2025-10-25,CR00033,Cybersecurity Fundamentals,Cybersecurity,0.0,0.0,0.0,0.0
2025-10-25,CR00021,Data Analysis with Python,Data Science,0.0,1.429565777843159,0.0,1.429565777843159
2025-10-25,CR00014,Sales Mastery,Business,0.0,0.0,0.0,0.0
2025-10-25,CR00044,Personal Finance,Finance,1.0,42.86373225266824,119.04,42.86373225266824
2025-10-25,CR00016,Digital Marketing,Marketing,0.0,0.0,0.0,0.0
2025-10-25,CR00034,Data Encryption,Cybersecurity,1.0,126.53008063038945,394.26,126.53008063038945
2025-10-25,CR00045,Financial Modeling,Finance,0.0,0.0,0.0,0.0
2025-10-25,CR00027,Neural Networks,Machine Learning,0.0,0.0,0.0,0.0
2025-10-25,CR00058,Social Media Strategy,Digital Marketing,0.0,0.0,0.0,0.0
2025-10-25,CR00009,Web Design Fundamentals,Design,1.0,2.716537990410899,0.0,2.716537990410899
2025-10-25,CR00042,Investment Strategies,Finance,0.0,0.0,0.0,0.0
2025-10-25,CR00046,AI for Beginners,Artificial Intelligence,1.0,96.34240534369272,248.1,96.34240534369272
2025-10-25,CR00053,React for Beginners,Web Development,1.0,0.0,0.0,0.0
2025-10-25,CR00059,Affiliate Marketing,Digital Marketing,0.0,0.0,0.0,0.0
2025-10-25,CR00054,Backend Development with Node.js,Web Development,1.0,2.8742240559494405,0.0,2.8742240559494405
2025-10-25,CR00018,Social Media Marketing,Marketing,1.0,0.0,0.0,0.0
2025-10-25,CR00036,Agile Project Management,Project Management,0.0,6.791632410143073,0.0,6.791632410143073
2025-10-25,CR00011,Entrepreneurship 101,Business,1.0,163.21035033605347,326.02,163.21035033605347
2025-10-25,CR00015,Leadership Essentials,Business,1.0,132.6369263588018,285.05,132.6369263588018
2025-10-25,CR00048,AI Ethics,Artificial Intelligence,0.0,0.42236812476883756,0.0,0.42236812476883756
2025-10-25,CR00055,Full-Stack Web Development,Web Development,1.0,21.417656095131093,57.32,21.417656095131093
2025-10-25,CR00056,Google Ads Mastery,Digital Marketing,0.0,101.16240640110279,0.0,101.16240640110279
2025-10-25,CR00006,Graphic Design Basics,Design,0.0,114.51660653103451,0.0,114.51660653103451
2025-10-25,CR00023,Machine Learning Fundamentals,Data Science,0.0,3.9289921709227684,0.0,3.9289921709227684
2025-10-25,CR00037,Scrum Essentials,Project Management,0.0,0.0,0.0,0.0
2025-10-25,CR00040,Leadership in Projects,Project Management,0.0,179.6841865226463,0.0,179.6841865226463
2025-10-25,CR00002,Java Programming,Programming,1.0,0.0,0.0,0.0
2025-10-25,CR00028,Deep Learning,Machine Learning,0.0,2.217776371344854,0.0,2.217776371344854
2025-10-25,CR00047,Natural Language Processing,Artificial Intelligence,0.0,41.691245841354096,0.0,41.691245841354096
2025-10-25,CR00017,SEO Mastery,Marketing,0.0,4.620848873137291,0.0,4.620848873137291
2025-10-25,CR00052,JavaScript Mastery,Web Development,0.0,0.0,0.0,0.0
2025-10-25,CR00005,Full Stack Development,Programming,0.0,0.0,0.0,0.0
2025-10-25,CR00043,Corporate Finance,Finance,0.0,2.496568757997487,0.0,2.496568757997487
2025-10-25,CR00013,Finance for Startups,Business,1.0,0.0,0.0,0.0
2025-10-25,CR00004,Advanced Python,Programming,0.0,0.6979514062133632,0.0,0.6979514062133632
2025-10-25,CR00030,Reinforcement Learning,Machine Learning,1.0,0.0,0.0,0.0
2025-10-25,CR00010,3D Modeling,Design,0.0,0.0,0.0,0.0
2025-10-26,CR00046,AI for Beginners,Artificial Intelligence,0.0,92.62717452197401,0.0,92.62717452197401
2025-10-26,CR00008,Photoshop Mastery,Design,0.0,0.0,0.0,0.0
2025-10-26,CR00005,Full Stack Development,Programming,1.0,0.0,0.0,0.0
2025-10-26,CR00007,UI/UX Design,Design,1.0,0.0,0.0,0.0
2025-10-26,CR00055,Full-Stack Web Development,Web Development,0.0,20.764175960154247,0.0,20.764175960154247
2025-10-26,CR00052,JavaScript Mastery,Web Development,1.0,0.4379606098469253,0.0,0.4379606098469253
2025-10-26,CR00034,Data Encryption,Cybersecurity,0.0,125.70125528278875,0.0,125.70125528278875
2025-10-26,CR00048,AI Ethics,Artificial Intelligence,1.0,0.0,0.0,0.0
2025-10-26,CR00020,Email Marketing,Marketing,2.0,0.0,0.0,0.0
2025-10-26,CR00036,Agile Project Management,Project Management,0.0,5.926216348561084,0.0,5.926216348561084
2025-10-26,CR00025,Statistical Analysis,Data Science,0.0,108.52004142626862,0.0,108.52004142626862
2025-10-26,CR00002,Java Programming,Programming,0.0,0.0,0.0,0.0
2025-10-26,CR00040,Leadership in Projects,Project Management,0.0,157.57361896594236,0.0,157.57361896594236
2025-10-26,CR00038,Risk Management,Project Management,0.0,163.2259038315586,0.0,163.2259038315586
2025-10-26,CR00003,C++ for Beginners,Programming,1.0,1.1433734096558794,0.0,1.1433734096558794
2025-10-26,CR00035,Cyber Threat Intelligence,Cybersecurity,1.0,0.0,0.0,0.0
2025-10-26,CR00011,Entrepreneurship 101,Business,1.0,185.85176076564585,326.02,185.85176076564585
2025-10-26,CR00054,Backend Development with Node.js,Web Development,0.0,1.4004654431701127,0.0,1.4004654431701127
2025-10-26,CR00012,Business Strategy,Business,0.0,274.3736481944179,0.0,274.3736481944179
2025-10-26,CR00027,Neural Networks,Machine Learning,0.0,0.20451096371610333,0.0,0.20451096371610333
2025-10-26,CR00059,Affiliate Marketing,Digital Marketing,0.0,0.0,0.0,0.0
2025-10-26,CR00053,React for Beginners,Web Development,1.0,0.0,0.0,0.0
2025-10-26,CR00013,Finance for Startups,Business,1.0,0.0,0.0,0.0
2025-10-26,CR00031,Network Security,Cybersecurity,0.0,0.0,0.0,0.0
2025-10-26,CR00014,Sales Mastery,Business,0.0,0.5602380902843294,0.0,0.5602380902843294
2025-10-26,CR00009,Web Design Fundamentals,Design,1.0,2.1306508326014466,0.0,2.1306508326014466
2025-10-26,CR00044,Personal Finance,Finance,0.0,41.07773252706062,0.0,41.07773252706062
2025-10-26,CR00056,Google Ads Mastery,Digital Marketing,0.0,86.46793048394483,0.0,86.46793048394483
2025-10-26,CR00006,Graphic Design Basics,Design,1.0,136.90961074939514,276.37,136.90961074939514
2025-10-26,CR00024,Big Data Analytics,Data Science,0.0,60.11179075544513,0.0,60.11179075544513
2025-10-26,CR00032,Ethical Hacking,Cybersecurity,0.0,0.0,0.0,0.0
2025-10-26,CR00037,Scrum Essentials,Project Management,0.0,0.0,0.0,0.0
2025-10-26,CR00043,Corporate Finance,Finance,1.0,1.3639459719180564,0.0,1.3639459719180564
2025-10-26,CR00022,Data Visualization,Data Science,0.0,4.929352650646024,0.0,4.929352650646024
2025-10-26,CR00028,Deep Learning,Machine Learning,0.0,0.0,0.0,0.0
2025-10-26,CR00026,Intro to Machine Learning,Machine Learning,0.0,0.0,0.0,0.0
2025-10-26,CR00010,3D Modeling,Design,0.0,0.0,0.0,0.0
2025-10-26,CR00057,SEO for E-commerce,Digital Marketing,0.0,71.44321818579255,0.0,71.44321818579255
2025-10-26,CR00004,Advanced Python,Programming,0.0,0.0,0.0,0.0
2025-10-26,CR00019,Content Marketing,Marketing,1.0,0.2530717823020723,0.0,0.2530717823020723
2025-10-26,CR00017,SEO Mastery,Marketing,1.0,3.165290424994893,0.0,3.165290424994893
2025-10-26,CR00030,Reinforcement Learning,Machine Learning,0.0,0.0,0.0,0.0
2025-10-26,CR00047,Natural Language Processing,Artificial Intelligence,2.0,35.937751984431976,179.18,35.937751984431976
2025-10-26,CR00051,HTML & CSS,Web Development,0.0,15.200053310236193,0.0,15.200053310236193
2025-10-26,CR00039,Project Planning,Project Management,0.0,145.28875886724973,0.0,145.28875886724973
2025-10-26,CR00042,Investment Strategies,Finance,2.0,0.0,0.0,0.0
2025-10-26,CR00021,Data Analysis with Python,Data Science,1.0,0.4617456281107266,0.0,0.4617456281107266
2025-10-26,CR00050,Computer Vision,Artificial Intelligence,0.0,227.6271040566694,0.0,227.6271040566694
2025-10-26,CR00001,Python Basics,Programming,0.0,192.55524695687592,0.0,192.55524695687592
2025-10-26,CR00060,Content Creation,Digital Marketing,0.0,0.0,0.0,0.0
2025-10-26,CR00023,Machine Learning Fundamentals,Data Science,0.0,3.10016682332207,0.0,3.10016682332207
2025-10-26,CR00016,Digital Marketing,Marketing,0.0,0.0,0.0,0.0
2025-10-26,CR00029,Natural Language Processing,Machine Learning,1.0,0.0,0.0,0.0
2025-10-26,CR00033,Cybersecurity Fundamentals,Cybersecurity,0.0,0.0,0.0,0.0
2025-10-26,CR00018,Social Media Marketing,Marketing,1.0,0.0,0.0,0.0
2025-10-26,CR00041,Financial Accounting,Finance,0.0,20.34225352243714,0.0,20.34225352243714
2025-10-26,CR00045,Financial Modeling,Finance,0.0,0.0,0.0,0.0
2025-10-26,CR00049,Deep Learning,Artificial Intelligence,0.0,163.43256098438468,0.0,163.43256098438468
2025-10-26,CR00015,Leadership Essentials,Business,0.0,124.95349846720782,0.0,124.95349846720782
2025-10-26,CR00058,Social Media Strategy,Digital Marketing,1.0,0.0,0.0,0.0
2025-10-27,CR00049,Deep Learning,Artificial Intelligence,0.0,156.97507719153222,0.0,156.97507719153222
2025-10-27,CR00030,Reinforcement Learning,Machine Learning,0.0,0.0,0.0,0.0
2025-10-27,CR00045,Financial Modeling,Finance,0.0,0.0,0.0,0.0
2025-10-27,CR00002,Java Programming,Programming,0.0,0.0,0.0,0.0
2025-10-27,CR00032,Ethical Hacking,Cybersecurity,0.0,0.0,0.0,0.0
2025-10-27,CR00010,3D Modeling,Design,0.0,0.0,0.0,0.0
2025-10-27,CR00029,Natural Language Processing,Machine Learning,0.0,0.0,0.0,0.0
2025-10-27,CR00060,Content Creation,Digital Marketing,2.0,0.0,0.0,0.0
2025-10-27,CR00043,Corporate Finance,Finance,0.0,0.0,0.0,0.0
2025-10-27,CR00053,React for Beginners,Web Development,0.0,0.0,0.0,0.0
2025-10-27,CR00031,Network Security,Cybersecurity,1.0,0.0,0.0,0.0
2025-10-27,CR00013,Finance for Startups,Business,1.0,0.0,0.0,0.0
2025-10-27,CR00017,SEO Mastery,Marketing,1.0,0.0,0.0,0.0
2025-10-27,CR00046,AI for Beginners,Artificial Intelligence,0.0,92.54714733455484,0.0,92.54714733455484
2025-10-27,CR00023,Machine Learning Fundamentals,Data Science,0.0,0.6041684092262898,0.0,0.6041684092262898
2025-10-27,CR00058,Social Media Strategy,Digital Marketing,0.0,0.0,0.0,0.0
2025-10-27,CR00055,Full-Stack Web Development,Web Development,0.0,25.95067935316443,0.0,25.95067935316443
2025-10-27,CR00052,JavaScript Mastery,Web Development,0.0,0.4437328044210602,0.0,0.4437328044210602
2025-10-27,CR00009,Web Design Fundamentals,Design,1.0,0.9472373653362212,0.0,0.9472373653362212
2025-10-27,CR00034,Data Encryption,Cybersecurity,0.0,148.17834060406457,0.0,148.17834060406457
2025-10-27,CR00054,Backend Development with Node.js,Web Development,0.0,0.0,0.0,0.0
2025-10-27,CR00036,Agile Project Management,Project Management,1.0,4.173311868594027,0.0,4.173311868594027
2025-10-27,CR00006,Graphic Design Basics,Design,0.0,121.1999515780949,0.0,121.1999515780949
2025-10-27,CR00040,Leadership in Projects,Project Management,0.0,156.2896743614491,0.0,156.2896743614491
2025-10-27,CR00027,Neural Networks,Machine Learning,0.0,0.0,0.0,0.0
2025-10-27,CR00005,Full Stack Development,Programming,0.0,0.0,0.0,0.0
2025-10-27,CR00042,Investment Strategies,Finance,1.0,0.0,0.0,0.0
2025-10-27,CR00024,Big Data Analytics,Data Science,0.0,64.16253806052273,0.0,64.16253806052273
2025-10-27,CR00016,Digital Marketing,Marketing,0.0,0.0,0.0,0.0
2025-10-27,CR00025,Statistical Analysis,Data Science,0.0,107.26269885680097,0.0,107.26269885680097
2025-10-27,CR00048,AI Ethics,Artificial Intelligence,0.0,0.0,0.0,0.0
2025-10-27,CR00015,Leadership Essentials,Business,0.0,120.81605671625027,0.0,120.81605671625027
2025-10-27,CR00035,Cyber Threat Intelligence,Cybersecurity,0.0,0.0,0.0,0.0
2025-10-27,CR00012,Business Strategy,Business,0.0,234.89089443942188,0.0,234.89089443942188
2025-10-27,CR00011,Entrepreneurship 101,Business,1.0,154.4842775781362,326.02,154.4842775781362
2025-10-27,CR00051,HTML & CSS,Web Development,0.0,13.459208821316327,0.0,13.459208821316327
2025-10-27,CR00003,C++ for Beginners,Programming,0.0,0.0,0.0,0.0
2025-10-27,CR00008,Photoshop Mastery,Design,0.0,0.0,0.0,0.0
2025-10-27,CR00044,Personal Finance,Finance,0.0,43.88349612161186,0.0,43.88349612161186
2025-10-27,CR00041,Financial Accounting,Finance,1.0,19.40307785314117,53.86,19.40307785314117
2025-10-27,CR00059,Affiliate Marketing,Digital Marketing,0.0,0.0,0.0,0.0
2025-10-27,CR00018,Social Media Marketing,Marketing,2.0,0.0,0.0,0.0
2025-10-27,CR00026,Intro to Machine Learning,Machine Learning,1.0,0.0,0.0,0.0
2025-10-27,CR00050,Computer Vision,Artificial Intelligence,1.0,192.94450849415057,490.9,192.94450849415057
2025-10-27,CR00056,Google Ads Mastery,Digital Marketing,0.0,81.00588183626368,0.0,81.00588183626368
2025-10-27,CR00021,Data Analysis with Python,Data Science,0.0,0.0,0.0,0.0
2025-10-27,CR00007,UI/UX Design,Design,1.0,0.0,0.0,0.0
2025-10-27,CR00057,SEO for E-commerce,Digital Marketing,0.0,66.13844098674097,0.0,66.13844098674097
2025-10-27,CR00038,Risk Management,Project Management,0.0,150.98692094365327,0.0,150.98692094365327
2025-10-27,CR00001,Python Basics,Programming,1.0,159.79032583532353,472.28,159.79032583532353
2025-10-27,CR00033,Cybersecurity Fundamentals,Cybersecurity,1.0,0.0,0.0,0.0
2025-10-27,CR00019,Content Marketing,Marketing,0.0,0.3537852845934708,0.0,0.3537852845934708
2025-10-27,CR00004,Advanced Python,Programming,2.0,0.0,0.0,0.0
2025-10-27,CR00020,Email Marketing,Marketing,1.0,0.0,0.0,0.0
2025-10-27,CR00047,Natural Language Processing,Artificial Intelligence,0.0,35.812105408644214,0.0,35.812105408644214
2025-10-27,CR00022,Data Visualization,Data Science,0.0,5.214463364285244,0.0,5.214463364285244
2025-10-27,CR00014,Sales Mastery,Business,0.0,0.0,0.0,0.0
2025-10-27,CR00039,Project Planning,Project Management,2.0,166.4143368661004,693.42,166.4143368661004
2025-10-27,CR00028,Deep Learning,Machine Learning,0.0,0.0,0.0,0.0
2025-10-27,CR00037,Scrum Essentials,Project Management,1.0,0.0,0.0,0.0
2025-10-28,CR00007,UI/UX Design,Design,1.0,0.0,0.0,0.0
2025-10-28,CR00021,Data Analysis with Python,Data Science,0.0,0.0,0.0,0.0
2025-10-28,CR00018,Social Media Marketing,Marketing,0.0,0.0,0.0,0.0
2025-10-28,CR00035,Cyber Threat Intelligence,Cybersecurity,3.0,0.0,0.0,0.0
2025-10-28,CR00016,Digital Marketing,Marketing,0.0,0.0,0.0,0.0
2025-10-28,CR00012,Business Strategy,Business,2.0,262.9489170627852,975.84,262.9489170627852
2025-10-28,CR00038,Risk Management,Project Management,1.0,162.90052603719374,342.61,162.90052603719374
2025-10-28,CR00020,Email Marketing,Marketing,0.0,0.0,0.0,0.0
2025-10-28,CR00008,Photoshop Mastery,Design,1.0,0.0,0.0,0.0
2025-10-28,CR00031,Network Security,Cybersecurity,0.0,0.0,0.0,0.0
2025-10-28,CR00025,Statistical Analysis,Data Science,1.0,124.86730843381004,299.57,124.86730843381004
2025-10-28,CR00024,Big Data Analytics,Data Science,2.0,66.69845269357933,235.36,66.69845269357933
2025-10-28,CR00022,Data Visualization,Data Science,0.0,7.571589491615008,0.0,7.571589491615008
2025-10-28,CR00039,Project Planning,Project Management,1.0,135.75800203929052,346.71,135.75800203929052
2025-10-28,CR00037,Scrum Essentials,Project Management,1.0,0.0,0.0,0.0
2025-10-28,CR00047,Natural Language Processing,Artificial Intelligence,1.0,36.75845540425614,89.59,36.75845540425614
2025-10-28,CR00023,Machine Learning Fundamentals,Data Science,0.0,2.8457767625078247,0.0,2.8457767625078247
2025-10-28,CR00055,Full-Stack Web Development,Web Development,0.0,23.619972843335503,0.0,23.619972843335503
2025-10-28,CR00046,AI for Beginners,Artificial Intelligence,0.0,98.65099041555266,0.0,98.65099041555266
2025-10-28,CR00041,Financial Accounting,Finance,4.0,21.188801138075643,215.44,21.188801138075643
2025-10-28,CR00030,Reinforcement Learning,Machine Learning,0.0,0.0,0.0,0.0
2025-10-28,CR00056,Google Ads Mastery,Digital Marketing,1.0,88.88077916953281,212.39,88.88077916953281
2025-10-28,CR00013,Finance for Startups,Business,0.0,0.0,0.0,0.0
2025-10-28,CR00002,Java Programming,Programming,0.0,0.0,0.0,0.0
2025-10-28,CR00052,JavaScript Mastery,Web Development,0.0,2.1641163021330954,0.0,2.1641163021330954
2025-10-28,CR00036,Agile Project Management,Project Management,0.0,6.530437995923791,0.0,6.530437995923791
2025-10-28,CR00006,Graphic Design Basics,Design,1.0,151.23696658090154,276.37,151.23696658090154
2025-10-28,CR00043,Corporate Finance,Finance,1.0,0.0,0.0,0.0
2025-10-28,CR00019,Content Marketing,Marketing,0.0,2.188704665023593,0.0,2.188704665023593
2025-10-28,CR00040,Leadership in Projects,Project Management,0.0,164.92725540696932,0.0,164.92725540696932
2025-10-28,CR00017,SEO Mastery,Marketing,1.0,4.854468695177559,0.0,4.854468695177559
2025-10-28,CR00049,Deep Learning,Artificial Intelligence,0.0,142.24515045184336,0.0,142.24515045184336
2025-10-28,CR00003,C++ for Beginners,Programming,1.0,0.0,0.0,0.0
2025-10-28,CR00011,Entrepreneurship 101,Business,0.0,154.49303583792857,0.0,154.49303583792857
2025-10-28,CR00045,Financial Modeling,Finance,1.0,0.0,0.0,0.0
2025-10-28,CR00057,SEO for E-commerce,Digital Marketing,0.0,76.95929332108543,0.0,76.95929332108543
2025-10-28,CR00027,Neural Networks,Machine Learning,0.0,1.3121243254828556,0.0,1.3121243254828556
2025-10-28,CR00053,React for Beginners,Web Development,0.0,0.0,0.0,0.0
2025-10-28,CR00004,Advanced Python,Programming,0.0,0.9150625354953874,0.0,0.9150625354953874
2025-10-28,CR00060,Content Creation,Digital Marketing,1.0,0.0,0.0,0.0
2025-10-28,CR00005,Full Stack Development,Programming,0.0,0.0,0.0,0.0
2025-10-28,CR00054,Backend Development with Node.js,Web Development,1.0,2.7135399288378608,0.0,2.7135399288378608
2025-10-28,CR00001,Python Basics,Programming,0.0,230.72917712841092,0.0,230.72917712841092
2025-10-28,CR00034,Data Encryption,Cybersecurity,0.0,129.17433791728672,0.0,129.17433791728672
2025-10-28,CR00059,Affiliate Marketing,Digital Marketing,0.0,0.0,0.0,0.0
2025-10-28,CR00048,AI Ethics,Artificial Intelligence,0.0,0.6212790894139317,0.0,0.6212790894139317
2025-10-28,CR00015,Leadership Essentials,Business,0.0,122.83733083997235,0.0,122.83733083997235
2025-10-28,CR00029,Natural Language Processing,Machine Learning,0.0,0.0,0.0,0.0
2025-10-28,CR00033,Cybersecurity Fundamentals,Cybersecurity,0.0,0.0,0.0,0.0
2025-10-28,CR00042,Investment Strategies,Finance,0.0,0.0,0.0,0.0
2025-10-28,CR00044,Personal Finance,Finance,0.0,40.73527190142033,0.0,40.73527190142033
2025-10-28,CR00058,Social Media Strategy,Digital Marketing,1.0,0.0,0.0,0.0
2025-10-28,CR00014,Sales Mastery,Business,1.0,0.14985708835786937,0.0,0.14985708835786937
2025-10-28,CR00026,Intro to Machine Learning,Machine Learning,0.0,0.0,0.0,0.0
2025-10-28,CR00009,Web Design Fundamentals,Design,0.0,3.176518593771746,0.0,3.176518593771746
2025-10-28,CR00051,HTML & CSS,Web Development,1.0,15.014614446499273,37.89,15.014614446499273
2025-10-28,CR00010,3D Modeling,Design,0.0,0.0,0.0,0.0
2025-10-28,CR00032,Ethical Hacking,Cybersecurity,1.0,0.0,0.0,0.0
2025-10-28,CR00028,Deep Learning,Machine Learning,1.0,1.074585315701043,0.78,1.074585315701043
2025-10-28,CR00050,Computer Vision,Artificial Intelligence,1.0,174.32503676874163,490.9,174.32503676874163
2025-10-29,CR00004,Advanced Python,Programming,3.0,0.6394711921467646,0.0,0.6394711921467646
2025-10-29,CR00037,Scrum Essentials,Project Management,1.0,0.0,0.0,0.0
2025-10-29,CR00010,3D Modeling,Design,0.0,0.07897376135395007,0.0,0.07897376135395007
2025-10-29,CR00018,Social Media Marketing,Marketing,2.0,0.0,0.0,0.0
2025-10-29,CR00042,Investment Strategies,Finance,1.0,0.6464169911353395,0.0,0.6464169911353395
2025-10-29,CR00030,Reinforcement Learning,Machine Learning,1.0,0.0,0.0,0.0
2025-10-29,CR00047,Natural Language Processing,Artificial Intelligence,0.0,33.32394436745231,0.0,33.32394436745231
2025-10-29,CR00060,Content Creation,Digital Marketing,0.0,0.0,0.0,0.0
2025-10-29,CR00041,Financial Accounting,Finance,0.0,25.0173738540027,0.0,25.0173738540027
2025-10-29,CR00028,Deep Learning,Machine Learning,0.0,4.074400172413149,0.0,4.074400172413149
2025-10-29,CR00031,Network Security,Cybersecurity,0.0,0.0,0.0,0.0
2025-10-29,CR00003,C++ for Beginners,Programming,0.0,3.4756526069581497,0.0,3.4756526069581497
2025-10-29,CR00014,Sales Mastery,Business,3.0,3.020368378296041,0.0,3.020368378296041
2025-10-29,CR00020,Email Marketing,Marketing,0.0,0.0,0.0,0.0
2025-10-29,CR00038,Risk Management,Project Management,0.0,154.22402430747087,0.0,154.22402430747087
2025-10-29,CR00050,Computer Vision,Artificial Intelligence,1.0,182.89985794905425,490.9,182.89985794905425
2025-10-29,CR00007,UI/UX Design,Design,1.0,0.0,0.0,0.0
2025-10-29,CR00029,Natural Language Processing,Machine Learning,0.0,1.9445980500623605,0.0,1.9445980500623605
2025-10-29,CR00021,Data Analysis with Python,Data Science,1.0,1.7664110285329144,0.0,1.7664110285329144
2025-10-29,CR00001,Python Basics,Programming,0.0,270.1330067173956,0.0,270.1330067173956
2025-10-29,CR00039,Project Planning,Project Management,0.0,178.57557099775892,0.0,178.57557099775892
2025-10-29,CR00019,Content Marketing,Marketing,0.0,4.157192424276936,0.0,4.157192424276936
2025-10-29,CR00045,Financial Modeling,Finance,0.0,2.43843593533974,0.0,2.43843593533974
2025-10-29,CR00022,Data Visualization,Data Science,0.0,8.535597924994718,0.0,8.535597924994718
2025-10-29,CR00057,SEO for E-commerce,Digital Marketing,1.0,75.29441046105511,177.34,75.29441046105511
2025-10-29,CR00056,Google Ads Mastery,Digital Marketing,1.0,92.79914353217202,212.39,92.79914353217202
2025-10-29,CR00033,Cybersecurity Fundamentals,Cybersecurity,0.0,0.0,0.0,0.0
2025-10-29,CR00046,AI for Beginners,Artificial Intelligence,0.0,90.39733205518569,0.0,90.39733205518569
2025-10-29,CR00040,Leadership in Projects,Project Management,0.0,166.571242646847,0.0,166.571242646847
2025-10-29,CR00016,Digital Marketing,Marketing,1.0,0.8128358398590478,0.0,0.8128358398590478
2025-10-29,CR00005,Full Stack Development,Programming,1.0,0.29789875913134267,0.0,0.29789875913134267
2025-10-29,CR00049,Deep Learning,Artificial Intelligence,0.0,124.17243961994771,0.0,124.17243961994771
2025-10-29,CR00059,Affiliate Marketing,Digital Marketing,0.0,0.0,0.0,0.0
2025-10-29,CR00024,Big Data Analytics,Data Science,1.0,77.31151163819095,117.68,77.31151163819095
2025-10-29,CR00048,AI Ethics,Artificial Intelligence,0.0,2.8691053677323595,0.0,2.8691053677323595
2025-10-29,CR00025,Statistical Analysis,Data Science,0.0,151.01864098054696,0.0,151.01864098054696
2025-10-29,CR00035,Cyber Threat Intelligence,Cybersecurity,0.0,0.0,0.0,0.0
2025-10-29,CR00015,Leadership Essentials,Business,0.0,132.42513337224844,0.0,132.42513337224844
2025-10-29,CR00032,Ethical Hacking,Cybersecurity,1.0,0.0,0.0,0.0
2025-10-29,CR00011,Entrepreneurship 101,Business,2.0,146.27031125666485,652.04,146.27031125666485
2025-10-29,CR00051,HTML & CSS,Web Development,0.0,16.658601686376954,0.0,16.658601686376954
2025-10-29,CR00008,Photoshop Mastery,Design,0.0,0.8925196252766625,0.0,0.8925196252766625
2025-10-29,CR00044,Personal Finance,Finance,0.0,41.42208476329108,0.0,41.42208476329108
2025-10-29,CR00026,Intro to Machine Learning,Machine Learning,1.0,0.6640699966030326,0.0,0.6640699966030326
2025-10-29,CR00017,SEO Mastery,Marketing,2.0,6.247884517882014,0.0,6.247884517882014
2025-10-29,CR00023,Machine Learning Fundamentals,Data Science,0.0,5.6996527451217815,0.0,5.6996527451217815
2025-10-29,CR00012,Business Strategy,Business,1.0,241.05730949071847,487.92,241.05730949071847
2025-10-29,CR00052,JavaScript Mastery,Web Development,0.0,2.667474887342479,0.0,2.667474887342479
2025-10-29,CR00053,React for Beginners,Web Development,0.0,0.0,0.0,0.0
2025-10-29,CR00043,Corporate Finance,Finance,3.0,4.41065893137241,0.0,4.41065893137241
2025-10-29,CR00027,Neural Networks,Machine Learning,0.0,2.8245795436619687,0.0,2.8245795436619687
2025-10-29,CR00006,Graphic Design Basics,Design,0.0,137.38551209924734,0.0,137.38551209924734
2025-10-29,CR00055,Full-Stack Web Development,Web Development,0.0,28.21679441677582,0.0,28.21679441677582
2025-10-29,CR00058,Social Media Strategy,Digital Marketing,0.0,0.0,0.0,0.0
2025-10-29,CR00054,Backend Development with Node.js,Web Development,0.0,4.209359839692752,0.0,4.209359839692752
2025-10-29,CR00036,Agile Project Management,Project Management,1.0,5.759024648519535,0.0,5.759024648519535
2025-10-29,CR00009,Web Design Fundamentals,Design,1.0,4.569934416476187,0.0,4.569934416476187
2025-10-29,CR00034,Data Encryption,Cybersecurity,0.0,172.2077702191199,0.0,172.2077702191199
2025-10-29,CR00002,Java Programming,Programming,0.0,0.0,0.0,0.0
2025-10-29,CR00013,Finance for Startups,Business,0.0,1.823913071305192,0.0,1.823913071305192
2025-10-30,CR00058,Social Media Strategy,Digital Marketing,0.0,0.0,0.0,0.0
2025-10-30,CR00051,HTML & CSS,Web Development,0.0,16.951302028750295,0.0,16.951302028750295
2025-10-30,CR00053,React for Beginners,Web Development,0.0,0.0,0.0,0.0
2025-10-30,CR00057,SEO for E-commerce,Digital Marketing,0.0,79.38552988504408,0.0,79.38552988504408
2025-10-30,CR00052,JavaScript Mastery,Web Development,0.0,3.780094081739847,0.0,3.780094081739847
2025-10-30,CR00054,Backend Development with Node.js,Web Development,0.0,1.1014219519604467,0.0,1.1014219519604467
2025-10-30,CR00059,Affiliate Marketing,Digital Marketing,0.0,0.0,0.0,0.0
2025-10-30,CR00056,Google Ads Mastery,Digital Marketing,0.0,89.40978290322275,0.0,89.40978290322275
2025-10-30,CR00050,Computer Vision,Artificial Intelligence,0.0,183.72811056227317,0.0,183.72811056227317
2025-10-30,CR00055,Full-Stack Web Development,Web Development,0.0,26.7599566889073,0.0,26.7599566889073
2025-10-30,CR00060,Content Creation,Digital Marketing,0.0,0.0,0.0,0.0
2025-10-30,CR00009,Web Design Fundamentals,Design,0.0,4.6656333658143865,0.0,4.6656333658143865
2025-10-30,CR00006,Graphic Design Basics,Design,0.0,143.99482811390573,0.0,143.99482811390573
2025-10-30,CR00035,Cyber Threat Intelligence,Cybersecurity,0.0,1.9816816887845405,0.0,1.9816816887845405
2025-10-30,CR00038,Risk Management,Project Management,0.0,150.65239845635972,0.0,150.65239845635972
2025-10-30,CR00013,Finance for Startups,Business,0.0,1.9196120206433847,0.0,1.9196120206433847
2025-10-30,CR00036,Agile Project Management,Project Management,0.0,8.397588433265526,0.0,8.397588433265526
2025-10-30,CR00023,Machine Learning Fundamentals,Data Science,0.0,5.77526967323692,0.0,5.77526967323692
2025-10-30,CR00041,Financial Accounting,Finance,0.0,25.815664751896186,0.0,25.815664751896186
2025-10-30,CR00037,Scrum Essentials,Project Management,0.0,0.0,0.0,0.0
2025-10-30,CR00008,Photoshop Mastery,Design,0.0,0.5245966385414818,0.0,0.5245966385414818
2025-10-30,CR00028,Deep Learning,Machine Learning,0.0,3.4389405160806845,0.0,3.4389405160806845
2025-10-30,CR00031,Network Security,Cybersecurity,0.0,0.0,0.0,0.0
2025-10-30,CR00020,Email Marketing,Marketing,0.0,0.0,0.0,0.0
2025-10-30,CR00016,Digital Marketing,Marketing,0.0,0.695610884863072,0.0,0.695610884863072
2025-10-30,CR00044,Personal Finance,Finance,0.0,44.031260335451165,0.0,44.031260335451165
2025-10-30,CR00014,Sales Mastery,Business,0.0,0.6388891173682509,0.0,0.6388891173682509
2025-10-30,CR00015,Leadership Essentials,Business,0.0,118.31357153593838,0.0,118.31357153593838
2025-10-30,CR00043,Corporate Finance,Finance,0.0,1.8447824590968054,0.0,1.8447824590968054
2025-10-30,CR00049,Deep Learning,Artificial Intelligence,0.0,123.9838046751074,0.0,123.9838046751074
2025-10-30,CR00022,Data Visualization,Data Science,0.0,9.821464427502399,0.0,9.821464427502399
2025-10-30,CR00002,Java Programming,Programming,0.0,0.0,0.0,0.0
2025-10-30,CR00030,Reinforcement Learning,Machine Learning,0.0,0.0,0.0,0.0
2025-10-30,CR00021,Data Analysis with Python,Data Science,0.0,2.1990514164323116,0.0,2.1990514164323116
2025-10-30,CR00018,Social Media Marketing,Marketing,0.0,0.32309844918395925,0.0,0.32309844918395925
2025-10-30,CR00029,Natural Language Processing,Machine Learning,0.0,0.0,0.0,0.0
2025-10-30,CR00004,Advanced Python,Programming,0.0,0.7094889218356712,0.0,0.7094889218356712
2025-10-30,CR00047,Natural Language Processing,Artificial Intelligence,0.0,30.219242426303488,0.0,30.219242426303488
2025-10-30,CR00007,UI/UX Design,Design,0.0,0.0,0.0,0.0
2025-10-30,CR00032,Ethical Hacking,Cybersecurity,0.0,0.0,0.0,0.0
2025-10-30,CR00019,Content Marketing,Marketing,0.0,4.36434137409065,0.0,4.36434137409065
2025-10-30,CR00046,AI for Beginners,Artificial Intelligence,0.0,90.24683648554127,0.0,90.24683648554127
2025-10-30,CR00001,Python Basics,Programming,0.0,193.02937190423734,0.0,193.02937190423734
2025-10-30,CR00033,Cybersecurity Fundamentals,Cybersecurity,0.0,0.0,0.0,0.0
2025-10-30,CR00011,Entrepreneurship 101,Business,0.0,134.5482659236859,0.0,134.5482659236859
2025-10-30,CR00040,Leadership in Projects,Project Management,0.0,160.8180527009582,0.0,160.8180527009582
2025-10-30,CR00003,C++ for Beginners,Programming,0.0,3.2359415425886624,0.0,3.2359415425886624
2025-10-30,CR00025,Statistical Analysis,Data Science,0.0,127.9504754518253,0.0,127.9504754518253
2025-10-30,CR00026,Intro to Machine Learning,Machine Learning,0.0,0.759768945941218,0.0,0.759768945941218
2025-10-30,CR00027,Neural Networks,Machine Learning,0.0,2.1256568738688912,0.0,2.1256568738688912
2025-10-30,CR00048,AI Ethics,Artificial Intelligence,0.0,3.0762543175460664,0.0,3.0762543175460664
2025-10-30,CR00045,Financial Modeling,Finance,0.0,1.676277715165135,0.0,1.676277715165135
2025-10-30,CR00039,Project Planning,Project Management,0.0,175.6604202751314,0.0,175.6604202751314
2025-10-30,CR00012,Business Strategy,Business,0.0,212.47003756826473,0.0,212.47003756826473
2025-10-30,CR00010,3D Modeling,Design,0.0,1.3482049565374155,0.0,1.3482049565374155
2025-10-30,CR00034,Data Encryption,Cybersecurity,0.0,159.80671214808888,0.0,159.80671214808888
2025-10-30,CR00042,Investment Strategies,Finance,0.0,0.9760520503225436,0.0,0.9760520503225436
2025-10-30,CR00024,Big Data Analytics,Data Science,0.0,63.113142208948865,0.0,63.113142208948865
2025-10-30,CR00005,Full Stack Development,Programming,0.0,0.0,0.0,0.0
2025-10-30,CR00017,SEO Mastery,Marketing,0.0,5.84681753106436,0.0,5.84681753106436
2025-10-31,CR00008,Photoshop Mastery,Design,0.0,0.0,0.0,0.0
2025-10-31,CR00003,C++ for Beginners,Programming,2.0,0.5281889048560657,0.0,0.5281889048560657
2025-10-31,CR00056,Google Ads Mastery,Digital Marketing,1.0,87.07294156557998,212.39,87.07294156557998
2025-10-31,CR00030,Reinforcement Learning,Machine Learning,0.0,0.0,0.0,0.0
2025-10-31,CR00051,HTML & CSS,Web Development,0.0,14.025082097833764,0.0,14.025082097833764
2025-10-31,CR00033,Cybersecurity Fundamentals,Cybersecurity,0.0,0.0,0.0,0.0
2025-10-31,CR00021,Data Analysis with Python,Data Science,1.0,1.1503834059683555,0.0,1.1503834059683555
2025-10-31,CR00034,Data Encryption,Cybersecurity,0.0,141.50241748623256,0.0,141.50241748623256
2025-10-31,CR00047,Natural Language Processing,Artificial Intelligence,0.0,31.247982867209714,0.0,31.247982867209714
2025-10-31,CR00032,Ethical Hacking,Cybersecurity,0.0,0.0,0.0,0.0
2025-10-31,CR00053,React for Beginners,Web Development,2.0,0.0,0.0,0.0
2025-10-31,CR00058,Social Media Strategy,Digital Marketing,1.0,0.0,0.0,0.0
2025-10-31,CR00042,Investment Strategies,Finance,1.0,0.0,0.0,0.0
2025-10-31,CR00043,Corporate Finance,Finance,0.0,1.2153858287769808,0.0,1.2153858287769808
2025-10-31,CR00057,SEO for E-commerce,Digital Marketing,0.0,78.91113784383865,0.0,78.91113784383865
2025-10-31,CR00017,SEO Mastery,Marketing,0.0,3.7463938035800908,0.0,3.7463938035800908
2025-10-31,CR00009,Web Design Fundamentals,Design,0.0,2.4155212843774763,0.0,2.4155212843774763
2025-10-31,CR00019,Content Marketing,Marketing,0.0,2.8120277474816078,0.0,2.8120277474816078
2025-10-31,CR00020,Email Marketing,Marketing,2.0,0.0,0.0,0.0
2025-10-31,CR00035,Cyber Threat Intelligence,Cybersecurity,0.0,0.9052484073824871,0.0,0.9052484073824871
2025-10-31,CR00048,AI Ethics,Artificial Intelligence,0.0,1.5239406909370388,0.0,1.5239406909370388
2025-10-31,CR00031,Network Security,Cybersecurity,0.0,0.0,0.0,0.0
2025-10-31,CR00015,Leadership Essentials,Business,0.0,124.40479322107075,0.0,124.40479322107075
2025-10-31,CR00041,Financial Accounting,Finance,2.0,30.3212080054015,107.72,30.3212080054015
2025-10-31,CR00060,Content Creation,Digital Marketing,0.0,0.0,0.0,0.0
2025-10-31,CR00016,Digital Marketing,Marketing,0.0,0.0,0.0,0.0
2025-10-31,CR00004,Advanced Python,Programming,0.0,0.0,0.0,0.0
2025-10-31,CR00006,Graphic Design Basics,Design,1.0,132.4562369448266,276.37,132.4562369448266
2025-10-31,CR00023,Machine Learning Fundamentals,Data Science,0.0,3.5962229460861863,0.0,3.5962229460861863
2025-10-31,CR00013,Finance for Startups,Business,1.0,0.0,0.0,0.0
2025-10-31,CR00038,Risk Management,Project Management,1.0,166.391047633867,342.61,166.391047633867
2025-10-31,CR00036,Agile Project Management,Project Management,1.0,4.682347177784649,0.0,4.682347177784649
2025-10-31,CR00027,Neural Networks,Machine Learning,3.0,0.0,0.0,0.0
2025-10-31,CR00059,Affiliate Marketing,Digital Marketing,0.0,0.0,0.0,0.0
2025-10-31,CR00005,Full Stack Development,Programming,0.0,0.0,0.0,0.0
2025-10-31,CR00055,Full-Stack Web Development,Web Development,0.0,25.9400612273849,0.0,25.9400612273849
2025-10-31,CR00037,Scrum Essentials,Project Management,0.0,0.0,0.0,0.0
2025-10-31,CR00024,Big Data Analytics,Data Science,0.0,60.08593921435568,0.0,60.08593921435568
2025-10-31,CR00045,Financial Modeling,Finance,1.0,0.0,0.0,0.0
2025-10-31,CR00039,Project Planning,Project Management,1.0,187.15811404086878,346.71,187.15811404086878
2025-10-31,CR00026,Intro to Machine Learning,Machine Learning,0.0,0.0,0.0,0.0
2025-10-31,CR00025,Statistical Analysis,Data Science,1.0,130.95701041010958,299.57,130.95701041010958
2025-10-31,CR00040,Leadership in Projects,Project Management,0.0,148.03705412797223,0.0,148.03705412797223
2025-10-31,CR00011,Entrepreneurship 101,Business,0.0,159.3431879091333,0.0,159.3431879091333
2025-10-31,CR00046,AI for Beginners,Artificial Intelligence,0.0,86.31929917172306,0.0,86.31929917172306
2025-10-31,CR00001,Python Basics,Programming,2.0,200.53177576148698,944.56,200.53177576148698
2025-10-31,CR00012,Business Strategy,Business,1.0,225.40985698853095,487.92,225.40985698853095
2025-10-31,CR00052,JavaScript Mastery,Web Development,0.0,2.0433832437829977,0.0,2.0433832437829977
2025-10-31,CR00018,Social Media Marketing,Marketing,0.0,0.0,0.0,0.0
2025-10-31,CR00002,Java Programming,Programming,1.0,0.0,0.0,0.0
2025-10-31,CR00054,Backend Development with Node.js,Web Development,1.0,1.9723325247227876,0.0,1.9723325247227876
2025-10-31,CR00029,Natural Language Processing,Machine Learning,1.0,0.41855778334566196,0.0,0.41855778334566196
2025-10-31,CR00028,Deep Learning,Machine Learning,0.0,0.7198923565800754,0.0,0.7198923565800754
2025-10-31,CR00014,Sales Mastery,Business,2.0,0.0,0.0,0.0
2025-10-31,CR00050,Computer Vision,Artificial Intelligence,0.0,208.89810490715615,0.0,208.89810490715615
2025-10-31,CR00022,Data Visualization,Data Science,0.0,5.444444530160482,0.0,5.444444530160482
2025-10-31,CR00010,3D Modeling,Design,1.0,0.07522984899345886,0.0,0.07522984899345886
2025-10-31,CR00049,Deep Learning,Artificial Intelligence,0.0,176.68581928448603,0.0,176.68581928448603
2025-10-31,CR00044,Personal Finance,Finance,2.0,40.3495809788456,238.08,40.3495809788456
2025-10-31,CR00007,UI/UX Design,Design,0.0,0.0,0.0,0.0
2025-11-01,CR00039,Project Planning,Project Management,0.0,168.08631577358796,0.0,168.08631577358796
2025-11-01,CR00040,Leadership in Projects,Project Management,0.0,158.38534603262343,0.0,158.38534603262343
2025-11-01,CR00015,Leadership Essentials,Business,0.0,130.39265393597333,0.0,130.39265393597333
2025-11-01,CR00051,HTML & CSS,Web Development,0.0,13.968118439130592,0.0,13.968118439130592
2025-11-01,CR00004,Advanced Python,Programming,0.0,0.0,0.0,0.0
2025-11-01,CR00033,Cybersecurity Fundamentals,Cybersecurity,0.0,0.0,0.0,0.0
2025-11-01,CR00046,AI for Beginners,Artificial Intelligence,0.0,85.13333319283666,0.0,85.13333319283666
2025-11-01,CR00047,Natural Language Processing,Artificial Intelligence,1.0,27.534709229056922,89.59,27.534709229056922
2025-11-01,CR00017,SEO Mastery,Marketing,1.0,4.071900887750303,0.0,4.071900887750303
2025-11-01,CR00058,Social Media Strategy,Digital Marketing,0.0,0.0,0.0,0.0
2025-11-01,CR00014,Sales Mastery,Business,1.0,0.0,0.0,0.0
2025-11-01,CR00057,SEO for E-commerce,Digital Marketing,0.0,76.67298567112222,0.0,76.67298567112222
2025-11-01,CR00012,Business Strategy,Business,0.0,192.37373087746127,0.0,192.37373087746127
2025-11-01,CR00034,Data Encryption,Cybersecurity,2.0,161.95195206302225,788.52,161.95195206302225
2025-11-01,CR00060,Content Creation,Digital Marketing,1.0,0.0,0.0,0.0
2025-11-01,CR00041,Financial Accounting,Finance,1.0,26.20649969586024,53.86,26.20649969586024
2025-11-01,CR00016,Digital Marketing,Marketing,0.0,0.0,0.0,0.0
2025-11-01,CR00005,Full Stack Development,Programming,1.0,0.0,0.0,0.0
2025-11-01,CR00038,Risk Management,Project Management,0.0,143.9169668860322,0.0,143.9169668860322
2025-11-01,CR00050,Computer Vision,Artificial Intelligence,0.0,191.44451222159853,0.0,191.44451222159853
2025-11-01,CR00052,JavaScript Mastery,Web Development,0.0,1.929366479637224,0.0,1.929366479637224
2025-11-01,CR00013,Finance for Startups,Business,2.0,0.22487535965297667,0.0,0.22487535965297667
2025-11-01,CR00035,Cyber Threat Intelligence,Cybersecurity,1.0,0.5285284314958432,0.0,0.5285284314958432
2025-11-01,CR00037,Scrum Essentials,Project Management,0.0,0.0,0.0,0.0
2025-11-01,CR00010,3D Modeling,Design,0.0,0.0,0.0,0.0
2025-11-01,CR00036,Agile Project Management,Project Management,1.0,3.5474628177577614,0.0,3.5474628177577614
2025-11-01,CR00011,Entrepreneurship 101,Business,1.0,128.9495434776033,326.02,128.9495434776033
2025-11-01,CR00024,Big Data Analytics,Data Science,3.0,57.65573140474082,353.04,57.65573140474082
2025-11-01,CR00032,Ethical Hacking,Cybersecurity,0.0,0.0,0.0,0.0
2025-11-01,CR00055,Full-Stack Web Development,Web Development,0.0,26.697550869614826,0.0,26.697550869614826
2025-11-01,CR00059,Affiliate Marketing,Digital Marketing,1.0,0.0,0.0,0.0
2025-11-01,CR00056,Google Ads Mastery,Digital Marketing,1.0,84.38087242030407,212.39,84.38087242030407
2025-11-01,CR00019,Content Marketing,Marketing,0.0,0.08952810403727085,0.0,0.08952810403727085
2025-11-01,CR00027,Neural Networks,Machine Learning,0.0,0.7102587319435685,0.0,0.7102587319435685
2025-11-01,CR00043,Corporate Finance,Finance,0.0,1.934893929296308,0.0,1.934893929296308
2025-11-01,CR00028,Deep Learning,Machine Learning,1.0,1.9795713462027962,0.78,1.9795713462027962
2025-11-01,CR00008,Photoshop Mastery,Design,1.0,0.0,0.0,0.0
2025-11-01,CR00006,Graphic Design Basics,Design,1.0,144.00182207367823,276.37,144.00182207367823
2025-11-01,CR00021,Data Analysis with Python,Data Science,1.0,1.0198579490643311,0.0,1.0198579490643311
2025-11-01,CR00031,Network Security,Cybersecurity,0.0,0.0,0.0,0.0
2025-11-01,CR00020,Email Marketing,Marketing,0.0,0.0,0.0,0.0
2025-11-01,CR00023,Machine Learning Fundamentals,Data Science,0.0,2.1123791472699907,0.0,2.1123791472699907
2025-11-01,CR00054,Backend Development with Node.js,Web Development,1.0,2.101424397317075,0.0,2.101424397317075
2025-11-01,CR00044,Personal Finance,Finance,1.0,40.104393024657526,119.04,40.104393024657526
2025-11-01,CR00030,Reinforcement Learning,Machine Learning,0.0,0.0,0.0,0.0
2025-11-01,CR00029,Natural Language Processing,Machine Learning,0.0,0.0,0.0,0.0
2025-11-01,CR00001,Python Basics,Programming,0.0,200.1953416254293,0.0,200.1953416254293
2025-11-01,CR00049,Deep Learning,Artificial Intelligence,1.0,185.33728183965812,415.51,185.33728183965812
2025-11-01,CR00009,Web Design Fundamentals,Design,0.0,2.729136982885535,0.0,2.729136982885535
2025-11-01,CR00022,Data Visualization,Data Science,2.0,6.486830259427855,0.0,6.486830259427855
2025-11-01,CR00002,Java Programming,Programming,0.0,0.0,0.0,0.0
2025-11-01,CR00003,C++ for Beginners,Programming,0.0,0.28300095066799,0.0,0.28300095066799
2025-11-01,CR00025,Statistical Analysis,Data Science,0.0,124.36526573530057,0.0,124.36526573530057
2025-11-01,CR00018,Social Media Marketing,Marketing,0.0,0.0,0.0,0.0
2025-11-01,CR00045,Financial Modeling,Finance,0.0,0.0,0.0,0.0
2025-11-01,CR00048,AI Ethics,Artificial Intelligence,0.0,0.0400968921208289,0.0,0.0400968921208289
2025-11-01,CR00007,UI/UX Design,Design,0.0,0.0,0.0,0.0
2025-11-01,CR00042,Investment Strategies,Finance,0.0,0.29385873620070413,0.0,0.29385873620070413
2025-11-01,CR00026,Intro to Machine Learning,Machine Learning,0.0,0.0,0.0,0.0
2025-11-01,CR00053,React for Beginners,Web Development,0.0,0.0,0.0,0.0
2025-11-02,CR00022,Data Visualization,Data Science,0.0,5.682463831240817,0.0,5.682463831240817
2025-11-02,CR00049,Deep Learning,Artificial Intelligence,0.0,146.11526615120215,0.0,146.11526615120215
2025-11-02,CR00054,Backend Development with Node.js,Web Development,0.0,0.0,0.0,0.0
2025-11-02,CR00052,JavaScript Mastery,Web Development,0.0,0.0,0.0,0.0
2025-11-02,CR00028,Deep Learning,Machine Learning,0.0,1.0182391553058423,0.0,1.0182391553058423
2025-11-02,CR00044,Personal Finance,Finance,0.0,41.485969986865165,0.0,41.485969986865165
2025-11-02,CR00018,Social Media Marketing,Marketing,0.0,0.0,0.0,0.0
2025-11-02,CR00038,Risk Management,Project Management,0.0,147.77526232812363,0.0,147.77526232812363
2025-11-02,CR00013,Finance for Startups,Business,0.0,0.0,0.0,0.0
2025-11-02,CR00001,Python Basics,Programming,0.0,256.367946085688,0.0,256.367946085688
2025-11-02,CR00046,AI for Beginners,Artificial Intelligence,0.0,84.28843732422094,0.0,84.28843732422094
2025-11-02,CR00045,Financial Modeling,Finance,0.0,0.0,0.0,0.0
2025-11-02,CR00011,Entrepreneurship 101,Business,0.0,157.7878152093054,0.0,157.7878152093054
2025-11-02,CR00025,Statistical Analysis,Data Science,2.0,158.4262432034697,599.14,158.4262432034697
2025-11-02,CR00039,Project Planning,Project Management,0.0,182.5063183713903,0.0,182.5063183713903
2025-11-02,CR00026,Intro to Machine Learning,Machine Learning,3.0,0.0,0.0,0.0
2025-11-02,CR00040,Leadership in Projects,Project Management,1.0,144.06502927460943,327.99,144.06502927460943
2025-11-02,CR00059,Affiliate Marketing,Digital Marketing,0.0,0.0,0.0,0.0
2025-11-02,CR00012,Business Strategy,Business,1.0,222.3588912941313,487.92,222.3588912941313
2025-11-02,CR00055,Full-Stack Web Development,Web Development,1.0,25.037210036443103,57.32,25.037210036443103
2025-11-02,CR00005,Full Stack Development,Programming,0.0,0.0,0.0,0.0
2025-11-02,CR00014,Sales Mastery,Business,1.0,0.0,0.0,0.0
2025-11-02,CR00027,Neural Networks,Machine Learning,0.0,0.0,0.0,0.0
2025-11-02,CR00006,Graphic Design Basics,Design,0.0,134.62557632314116,0.0,134.62557632314116
2025-11-02,CR00023,Machine Learning Fundamentals,Data Science,1.0,1.308012719082953,0.0,1.308012719082953
2025-11-02,CR00024,Big Data Analytics,Data Science,0.0,64.8512465643111,0.0,64.8512465643111
2025-11-02,CR00050,Computer Vision,Artificial Intelligence,0.0,226.02255183425473,0.0,226.02255183425473
2025-11-02,CR00002,Java Programming,Programming,0.0,0.0,0.0,0.0
2025-11-02,CR00060,Content Creation,Digital Marketing,1.0,0.0,0.0,0.0
2025-11-02,CR00035,Cyber Threat Intelligence,Cybersecurity,1.0,0.0,0.0,0.0
2025-11-02,CR00019,Content Marketing,Marketing,2.0,1.7869322845201552,0.0,1.7869322845201552
2025-11-02,CR00056,Google Ads Mastery,Digital Marketing,1.0,100.9619408754645,212.39,100.9619408754645
2025-11-02,CR00016,Digital Marketing,Marketing,1.0,0.0,0.0,0.0
2025-11-02,CR00041,Financial Accounting,Finance,1.0,24.988795923849658,53.86,24.988795923849658
2025-11-02,CR00032,Ethical Hacking,Cybersecurity,0.0,0.0,0.0,0.0
2025-11-02,CR00034,Data Encryption,Cybersecurity,1.0,144.6151461092196,394.26,144.6151461092196
2025-11-02,CR00042,Investment Strategies,Finance,0.0,0.0,0.0,0.0
2025-11-02,CR00048,AI Ethics,Artificial Intelligence,0.0,0.0,0.0,0.0
2025-11-02,CR00053,React for Beginners,Web Development,2.0,0.0,0.0,0.0
2025-11-02,CR00017,SEO Mastery,Marketing,0.0,2.2837582145865554,0.0,2.2837582145865554
2025-11-02,CR00051,HTML & CSS,Web Development,0.0,12.665391355370797,0.0,12.665391355370797
2025-11-02,CR00003,C++ for Beginners,Programming,1.0,0.0,0.0,0.0
2025-11-02,CR00033,Cybersecurity Fundamentals,Cybersecurity,0.0,0.0,0.0,0.0
2025-11-02,CR00009,Web Design Fundamentals,Design,0.0,1.1420465130445763,0.0,1.1420465130445763
2025-11-02,CR00058,Social Media Strategy,Digital Marketing,1.0,0.0,0.0,0.0
2025-11-02,CR00015,Leadership Essentials,Business,0.0,125.92686376992043,0.0,125.92686376992043
2025-11-02,CR00008,Photoshop Mastery,Design,1.0,0.0,0.0,0.0
2025-11-02,CR00047,Natural Language Processing,Artificial Intelligence,1.0,24.098388654184596,89.59,24.098388654184596
2025-11-02,CR00010,3D Modeling,Design,1.0,0.0,0.0,0.0
2025-11-02,CR00004,Advanced Python,Programming,1.0,0.0,0.0,0.0
2025-11-02,CR00036,Agile Project Management,Project Management,0.0,3.945395737307855,0.0,3.945395737307855
2025-11-02,CR00029,Natural Language Processing,Machine Learning,0.0,0.0,0.0,0.0
2025-11-02,CR00007,UI/UX Design,Design,0.0,0.0,0.0,0.0
2025-11-02,CR00043,Corporate Finance,Finance,0.0,1.3155457721309674,0.0,1.3155457721309674
2025-11-02,CR00021,Data Analysis with Python,Data Science,0.0,0.0,0.0,0.0
2025-11-02,CR00031,Network Security,Cybersecurity,0.0,0.0,0.0,0.0
2025-11-02,CR00037,Scrum Essentials,Project Management,0.0,0.0,0.0,0.0
2025-11-02,CR00020,Email Marketing,Marketing,0.0,0.0,0.0,0.0
2025-11-02,CR00057,SEO for E-commerce,Digital Marketing,0.0,75.84416032352152,0.0,75.84416032352152
2025-11-02,CR00030,Reinforcement Learning,Machine Learning,0.0,0.0,0.0,0.0
2025-11-03,CR00010,3D Modeling,Design,1.0,0.0,0.0,0.0
2025-11-03,CR00009,Web Design Fundamentals,Design,0.0,0.0,0.0,0.0
2025-11-03,CR00058,Social Media Strategy,Digital Marketing,1.0,0.0,0.0,0.0
2025-11-03,CR00050,Computer Vision,Artificial Intelligence,0.0,224.76520926478707,0.0,224.76520926478707
2025-11-03,CR00059,Affiliate Marketing,Digital Marketing,2.0,0.0,0.0,0.0
2025-11-03,CR00051,HTML & CSS,Web Development,0.0,11.408048785903148,0.0,11.408048785903148
2025-11-03,CR00005,Full Stack Development,Programming,0.0,0.0,0.0,0.0
2025-11-03,CR00007,UI/UX Design,Design,2.0,0.0,0.0,0.0
2025-11-03,CR00043,Corporate Finance,Finance,0.0,0.0,0.0,0.0
2025-11-03,CR00040,Leadership in Projects,Project Management,0.0,157.0409472338589,0.0,157.0409472338589
2025-11-03,CR00008,Photoshop Mastery,Design,0.0,0.0,0.0,0.0
2025-11-03,CR00041,Financial Accounting,Finance,0.0,24.11510704778224,0.0,24.11510704778224
2025-11-03,CR00044,Personal Finance,Finance,0.0,41.26117417551359,0.0,41.26117417551359
2025-11-03,CR00042,Investment Strategies,Finance,0.0,0.0,0.0,0.0
2025-11-03,CR00006,Graphic Design Basics,Design,0.0,129.13850759445532,0.0,129.13850759445532
2025-11-03,CR00015,Leadership Essentials,Business,0.0,117.90693117261958,0.0,117.90693117261958
2025-11-03,CR00011,Entrepreneurship 101,Business,1.0,153.93487787961107,326.02,153.93487787961107
2025-11-03,CR00033,Cybersecurity Fundamentals,Cybersecurity,1.0,0.0,0.0,0.0
2025-11-03,CR00018,Social Media Marketing,Marketing,2.0,0.0,0.0,0.0
2025-11-03,CR00003,C++ for Beginners,Programming,1.0,0.0,0.0,0.0
2025-11-03,CR00053,React for Beginners,Web Development,1.0,0.0,0.0,0.0
2025-11-03,CR00046,AI for Beginners,Artificial Intelligence,1.0,114.34238589977627,248.1,114.34238589977627
2025-11-03,CR00060,Content Creation,Digital Marketing,0.0,0.0,0.0,0.0
2025-11-03,CR00032,Ethical Hacking,Cybersecurity,0.0,0.0,0.0,0.0
2025-11-03,CR00056,Google Ads Mastery,Digital Marketing,0.0,102.27163747662487,0.0,102.27163747662487
2025-11-03,CR00019,Content Marketing,Marketing,0.0,0.0,0.0,0.0
2025-11-03,CR00031,Network Security,Cybersecurity,1.0,0.0,0.0,0.0
2025-11-03,CR00020,Email Marketing,Marketing,1.0,0.0,0.0,0.0
2025-11-03,CR00030,Reinforcement Learning,Machine Learning,0.0,0.0,0.0,0.0
2025-11-03,CR00017,SEO Mastery,Marketing,0.0,1.8093997803290662,0.0,1.8093997803290662
2025-11-03,CR00021,Data Analysis with Python,Data Science,0.0,0.0,0.0,0.0
2025-11-03,CR00002,Java Programming,Programming,0.0,0.0,0.0,0.0
2025-11-03,CR00049,Deep Learning,Artificial Intelligence,1.0,138.20409625115605,415.51,138.20409625115605
2025-11-03,CR00022,Data Visualization,Data Science,1.0,5.651835696541113,0.0,5.651835696541113
2025-11-03,CR00028,Deep Learning,Machine Learning,1.0,0.0,0.78,0.0
2025-11-03,CR00054,Backend Development with Node.js,Web Development,0.0,0.0,0.0,0.0
2025-11-03,CR00023,Machine Learning Fundamentals,Data Science,0.0,0.07512906902895367,0.0,0.07512906902895367
2025-11-03,CR00027,Neural Networks,Machine Learning,1.0,0.0,0.0,0.0
2025-11-03,CR00055,Full-Stack Web Development,Web Development,0.0,22.06805882861976,0.0,22.06805882861976
2025-11-03,CR00024,Big Data Analytics,Data Science,1.0,58.99461504590009,117.68,58.99461504590009
2025-11-03,CR00026,Intro to Machine Learning,Machine Learning,0.0,0.0,0.0,0.0
2025-11-03,CR00025,Statistical Analysis,Data Science,0.0,144.6335278326893,0.0,144.6335278326893
2025-11-03,CR00001,Python Basics,Programming,0.0,215.63454119264577,0.0,215.63454119264577
2025-11-03,CR00029,Natural Language Processing,Machine Learning,0.0,0.0,0.0,0.0
2025-11-03,CR00034,Data Encryption,Cybersecurity,0.0,201.02317489335698,0.0,201.02317489335698
2025-11-03,CR00048,AI Ethics,Artificial Intelligence,1.0,0.0,0.0,0.0
2025-11-03,CR00038,Risk Management,Project Management,0.0,142.43819697156763,0.0,142.43819697156763
2025-11-03,CR00004,Advanced Python,Programming,2.0,0.0,0.0,0.0
2025-11-03,CR00052,JavaScript Mastery,Web Development,1.0,0.0,0.0,0.0
2025-11-03,CR00035,Cyber Threat Intelligence,Cybersecurity,1.0,0.0,0.0,0.0
2025-11-03,CR00016,Digital Marketing,Marketing,1.0,0.0,0.0,0.0
2025-11-03,CR00039,Project Planning,Project Management,1.0,169.59679427196187,346.71,169.59679427196187
2025-11-03,CR00037,Scrum Essentials,Project Management,0.0,0.0,0.0,0.0
2025-11-03,CR00012,Business Strategy,Business,0.0,220.40635208467643,0.0,220.40635208467643
2025-11-03,CR00013,Finance for Startups,Business,0.0,0.0,0.0,0.0
2025-11-03,CR00014,Sales Mastery,Business,0.0,0.0,0.0,0.0
2025-11-03,CR00036,Agile Project Management,Project Management,3.0,4.259273552838934,0.0,4.259273552838934
2025-11-03,CR00047,Natural Language Processing,Artificial Intelligence,0.0,21.802984271634752,0.0,21.802984271634752
2025-11-03,CR00045,Financial Modeling,Finance,0.0,0.0,0.0,0.0
2025-11-03,CR00057,SEO for E-commerce,Digital Marketing,0.0,74.58681775405388,0.0,74.58681775405388
2025-11-04,CR00022,Data Visualization,Data Science,0.0,7.10608301642187,0.0,7.10608301642187
2025-11-04,CR00028,Deep Learning,Machine Learning,0.0,1.7843136823540888,0.0,1.7843136823540888
2025-11-04,CR00037,Scrum Essentials,Project Management,0.0,0.0,0.0,0.0
2025-11-04,CR00040,Leadership in Projects,Project Management,0.0,157.560666307414,0.0,157.560666307414
2025-11-04,CR00010,3D Modeling,Design,2.0,0.0,0.0,0.0
2025-11-04,CR00013,Finance for Startups,Business,1.0,0.1772888725127615,0.0,0.1772888725127615
2025-11-04,CR00054,Backend Development with Node.js,Web Development,0.0,1.8904086188373483,0.0,1.8904086188373483
2025-11-04,CR00016,Digital Marketing,Marketing,1.0,0.0,0.0,0.0
2025-11-04,CR00006,Graphic Design Basics,Design,1.0,118.24343651909115,276.37,118.24343651909115
2025-11-04,CR00023,Machine Learning Fundamentals,Data Science,2.0,2.3602079507423923,0.0,2.3602079507423923
2025-11-04,CR00060,Content Creation,Digital Marketing,0.0,0.0,0.0,0.0
2025-11-04,CR00027,Neural Networks,Machine Learning,0.0,0.7058826796790214,0.0,0.7058826796790214
2025-11-04,CR00038,Risk Management,Project Management,1.0,141.7367925316057,342.61,141.7367925316057
2025-11-04,CR00055,Full-Stack Web Development,Web Development,3.0,25.105644661880245,171.96,25.105644661880245
2025-11-04,CR00012,Business Strategy,Business,1.0,204.64076931085677,487.92,204.64076931085677
2025-11-04,CR00026,Intro to Machine Learning,Machine Learning,0.0,0.0,0.0,0.0
2025-11-04,CR00024,Big Data Analytics,Data Science,1.0,54.64006960616341,117.68,54.64006960616341
2025-11-04,CR00039,Project Planning,Project Management,0.0,165.86400320704047,0.0,165.86400320704047
2025-11-04,CR00011,Entrepreneurship 101,Business,0.0,158.63631235095454,0.0,158.63631235095454
2025-11-04,CR00044,Personal Finance,Finance,0.0,42.204840889646476,0.0,42.204840889646476
2025-11-04,CR00029,Natural Language Processing,Machine Learning,0.0,0.0,0.0,0.0
2025-11-04,CR00052,JavaScript Mastery,Web Development,1.0,0.32218289048729076,0.0,0.32218289048729076
2025-11-04,CR00043,Corporate Finance,Finance,0.0,2.7886272654452853,0.0,2.7886272654452853
2025-11-04,CR00034,Data Encryption,Cybersecurity,1.0,186.97799297676292,394.26,186.97799297676292
2025-11-04,CR00041,Financial Accounting,Finance,0.0,25.429061712578672,0.0,25.429061712578672
2025-11-04,CR00051,HTML & CSS,Web Development,2.0,13.608562912446807,75.78,13.608562912446807
2025-11-04,CR00035,Cyber Threat Intelligence,Cybersecurity,1.0,0.0,0.0,0.0
2025-11-04,CR00017,SEO Mastery,Marketing,1.0,4.124576404156784,0.0,4.124576404156784
2025-11-04,CR00033,Cybersecurity Fundamentals,Cybersecurity,0.0,0.0,0.0,0.0
2025-11-04,CR00058,Social Media Strategy,Digital Marketing,1.0,0.0,0.0,0.0
2025-11-04,CR00009,Web Design Fundamentals,Design,1.0,0.583498182095326,0.0,0.583498182095326
2025-11-04,CR00015,Leadership Essentials,Business,0.0,113.43208275799152,0.0,113.43208275799152
2025-11-04,CR00018,Social Media Marketing,Marketing,1.0,0.0,0.0,0.0
2025-11-04,CR00053,React for Beginners,Web Development,1.0,0.0,0.0,0.0
2025-11-04,CR00057,SEO for E-commerce,Digital Marketing,0.0,75.32302959549452,0.0,75.32302959549452
2025-11-04,CR00032,Ethical Hacking,Cybersecurity,0.0,0.0,0.0,0.0
2025-11-04,CR00056,Google Ads Mastery,Digital Marketing,2.0,96.46221674677923,424.78,96.46221674677923
2025-11-04,CR00042,Investment Strategies,Finance,2.0,0.0,0.0,0.0
2025-11-04,CR00008,Photoshop Mastery,Design,0.0,0.0,0.0,0.0
2025-11-04,CR00036,Agile Project Management,Project Management,0.0,5.483961661061294,0.0,5.483961661061294
2025-11-04,CR00019,Content Marketing,Marketing,1.0,1.2270533133484989,0.0,1.2270533133484989
2025-11-04,CR00031,Network Security,Cybersecurity,1.0,0.0,0.0,0.0
2025-11-04,CR00014,Sales Mastery,Business,0.0,0.0,0.0,0.0
2025-11-04,CR00020,Email Marketing,Marketing,0.0,0.0,0.0,0.0
2025-11-04,CR00030,Reinforcement Learning,Machine Learning,1.0,0.0,0.0,0.0
2025-11-04,CR00021,Data Analysis with Python,Data Science,1.0,1.4262955318462431,0.0,1.4262955318462431
2025-11-04,CR00007,UI/UX Design,Design,0.0,0.0,0.0,0.0
2025-11-04,CR00045,Financial Modeling,Finance,0.0,0.0,0.0,0.0
2025-11-04,CR00025,Statistical Analysis,Data Science,0.0,138.43467551205435,0.0,138.43467551205435
2025-11-04,CR00047,Natural Language Processing,Artificial Intelligence,0.0,27.46055652623408,0.0,27.46055652623408
2025-11-04,CR00050,Computer Vision,Artificial Intelligence,1.0,252.9886216990245,490.9,252.9886216990245
2025-11-04,CR00003,C++ for Beginners,Programming,0.0,0.0,0.0,0.0
2025-11-04,CR00059,Affiliate Marketing,Digital Marketing,1.0,0.0,0.0,0.0
2025-11-04,CR00049,Deep Learning,Artificial Intelligence,2.0,135.4044259239566,831.02,135.4044259239566
2025-11-04,CR00048,AI Ethics,Artificial Intelligence,0.0,0.8319189918341081,0.0,0.8319189918341081
2025-11-04,CR00001,Python Basics,Programming,1.0,195.30256485853607,472.28,195.30256485853607
2025-11-04,CR00046,AI for Beginners,Artificial Intelligence,1.0,109.31119306385817,248.1,109.31119306385817
2025-11-04,CR00002,Java Programming,Programming,0.0,0.0,0.0,0.0
2025-11-04,CR00005,Full Stack Development,Programming,0.0,0.0,0.0,0.0
2025-11-04,CR00004,Advanced Python,Programming,0.0,0.0,0.0,0.0
2025-11-05,CR00030,Reinforcement Learning,Machine Learning,0.0,0.0,0.0,0.0
2025-11-05,CR00044,Personal Finance,Finance,2.0,49.232577200008194,238.08,49.232577200008194
2025-11-05,CR00022,Data Visualization,Data Science,0.0,8.277763239557359,0.0,8.277763239557359
2025-11-05,CR00043,Corporate Finance,Finance,0.0,4.605861813433279,0.0,4.605861813433279
2025-11-05,CR00036,Agile Project Management,Project Management,0.0,7.709730070528295,0.0,7.709730070528295
2025-11-05,CR00049,Deep Learning,Artificial Intelligence,1.0,142.83855296147806,415.51,142.83855296147806
2025-11-05,CR00005,Full Stack Development,Programming,0.0,0.0,0.0,0.0
2025-11-05,CR00040,Leadership in Projects,Project Management,2.0,141.8180367375334,655.98,141.8180367375334
2025-11-05,CR00029,Natural Language Processing,Machine Learning,0.0,1.2758422444207724,0.0,1.2758422444207724
2025-11-05,CR00001,Python Basics,Programming,1.0,206.28060810133752,472.28,206.28060810133752
2025-11-05,CR00025,Statistical Analysis,Data Science,1.0,125.95361460283726,299.57,125.95361460283726
2025-11-05,CR00023,Machine Learning Fundamentals,Data Science,0.0,4.632493148474481,0.0,4.632493148474481
2025-11-05,CR00002,Java Programming,Programming,0.0,0.0,0.0,0.0
2025-11-05,CR00015,Leadership Essentials,Business,1.0,129.69524783143936,285.05,129.69524783143936
2025-11-05,CR00012,Business Strategy,Business,1.0,214.55509979498717,487.92,214.55509979498717
2025-11-05,CR00007,UI/UX Design,Design,1.0,0.0,0.0,0.0
2025-11-05,CR00020,Email Marketing,Marketing,3.0,0.0,0.0,0.0
2025-11-05,CR00037,Scrum Essentials,Project Management,1.0,0.0,0.0,0.0
2025-11-05,CR00060,Content Creation,Digital Marketing,1.0,0.0,0.0,0.0
2025-11-05,CR00010,3D Modeling,Design,1.0,1.4755947034604517,0.0,1.4755947034604517
2025-11-05,CR00017,SEO Mastery,Marketing,0.0,5.637031622335897,0.0,5.637031622335897
2025-11-05,CR00004,Advanced Python,Programming,0.0,0.0,0.0,0.0
2025-11-05,CR00056,Google Ads Mastery,Digital Marketing,0.0,93.89013486477621,0.0,93.89013486477621
2025-11-05,CR00051,HTML & CSS,Web Development,0.0,15.264190603398106,0.0,15.264190603398106
2025-11-05,CR00019,Content Marketing,Marketing,0.0,4.626544355233193,0.0,4.626544355233193
2025-11-05,CR00038,Risk Management,Project Management,0.0,135.2725287003245,0.0,135.2725287003245
2025-11-05,CR00026,Intro to Machine Learning,Machine Learning,0.0,0.0,0.0,0.0
2025-11-05,CR00048,AI Ethics,Artificial Intelligence,1.0,1.2190502224467252,0.0,1.2190502224467252
2025-11-05,CR00009,Web Design Fundamentals,Design,0.0,3.342432856992019,0.0,3.342432856992019
2025-11-05,CR00057,SEO for E-commerce,Digital Marketing,2.0,71.45527992068527,354.68,71.45527992068527
2025-11-05,CR00032,Ethical Hacking,Cybersecurity,1.0,0.0,0.0,0.0
2025-11-05,CR00024,Big Data Analytics,Data Science,2.0,49.79458363530271,235.36,49.79458363530271
2025-11-05,CR00031,Network Security,Cybersecurity,0.0,0.0,0.0,0.0
2025-11-05,CR00042,Investment Strategies,Finance,0.0,0.04744760659586689,0.0,0.04744760659586689
2025-11-05,CR00041,Financial Accounting,Finance,1.0,25.541042949279543,53.86,25.541042949279543
2025-11-05,CR00003,C++ for Beginners,Programming,0.0,1.6364623860164613,0.0,1.6364623860164613
2025-11-05,CR00013,Finance for Startups,Business,0.0,1.6731087833676526,0.0,1.6731087833676526
2025-11-05,CR00047,Natural Language Processing,Artificial Intelligence,0.0,28.224367753874457,0.0,28.224367753874457
2025-11-05,CR00018,Social Media Marketing,Marketing,2.0,0.0,0.0,0.0
2025-11-05,CR00016,Digital Marketing,Marketing,0.0,0.0,0.0,0.0
2025-11-05,CR00058,Social Media Strategy,Digital Marketing,0.0,0.0,0.0,0.0
2025-11-05,CR00008,Photoshop Mastery,Design,0.0,0.0,0.0,0.0
2025-11-05,CR00033,Cybersecurity Fundamentals,Cybersecurity,1.0,0.0,0.0,0.0
2025-11-05,CR00050,Computer Vision,Artificial Intelligence,1.0,243.47244531685428,490.9,243.47244531685428
2025-11-05,CR00021,Data Analysis with Python,Data Science,1.0,3.0702827717239245,0.0,3.0702827717239245
2025-11-05,CR00055,Full-Stack Web Development,Web Development,0.0,23.837497073149226,0.0,23.837497073149226
2025-11-05,CR00028,Deep Learning,Machine Learning,0.0,3.220177258295969,0.0,3.220177258295969
2025-11-05,CR00059,Affiliate Marketing,Digital Marketing,0.0,0.0,0.0,0.0
2025-11-05,CR00045,Financial Modeling,Finance,0.0,1.1745778789645556,0.0,1.1745778789645556
2025-11-05,CR00052,JavaScript Mastery,Web Development,0.0,3.490423248834915,0.0,3.490423248834915
2025-11-05,CR00034,Data Encryption,Cybersecurity,0.0,167.41746340331906,0.0,167.41746340331906
2025-11-05,CR00027,Neural Networks,Machine Learning,0.0,3.4738632669007785,0.0,3.4738632669007785
2025-11-05,CR00046,AI for Beginners,Artificial Intelligence,0.0,115.52719808648538,0.0,115.52719808648538
2025-11-05,CR00054,Backend Development with Node.js,Web Development,0.0,2.5917138404761957,0.0,2.5917138404761957
2025-11-05,CR00014,Sales Mastery,Business,0.0,2.2208489757358265,0.0,2.2208489757358265
2025-11-05,CR00053,React for Beginners,Web Development,1.0,0.0,0.0,0.0
2025-11-05,CR00035,Cyber Threat Intelligence,Cybersecurity,0.0,1.4075667764257105,0.0,1.4075667764257105
2025-11-05,CR00039,Project Planning,Project Management,1.0,171.57265697731685,346.71,171.57265697731685
2025-11-05,CR00011,Entrepreneurship 101,Business,1.0,188.01232938566025,326.02,188.01232938566025
2025-11-05,CR00006,Graphic Design Basics,Design,0.0,125.21461049870686,0.0,125.21461049870686
2025-11-06,CR00049,Deep Learning,Artificial Intelligence,1.0,143.1464885258696,415.51,143.1464885258696
2025-11-06,CR00008,Photoshop Mastery,Design,4.0,0.0,0.0,0.0
2025-11-06,CR00014,Sales Mastery,Business,0.0,0.05345734791518453,0.0,0.05345734791518453
2025-11-06,CR00059,Affiliate Marketing,Digital Marketing,0.0,0.0,0.0,0.0
2025-11-06,CR00033,Cybersecurity Fundamentals,Cybersecurity,1.0,0.0,0.0,0.0
2025-11-06,CR00050,Computer Vision,Artificial Intelligence,0.0,259.9126059175495,0.0,259.9126059175495
2025-11-06,CR00001,Python Basics,Programming,0.0,233.78446274619347,0.0,233.78446274619347
2025-11-06,CR00010,3D Modeling,Design,0.0,1.0563275520058824,0.0,1.0563275520058824
2025-11-06,CR00021,Data Analysis with Python,Data Science,2.0,1.2010007286197464,0.0,1.2010007286197464
2025-11-06,CR00053,React for Beginners,Web Development,0.0,0.0,0.0,0.0
2025-11-06,CR00058,Social Media Strategy,Digital Marketing,0.0,0.0,0.0,0.0
2025-11-06,CR00002,Java Programming,Programming,2.0,0.0,0.0,0.0
2025-11-06,CR00011,Entrepreneurship 101,Business,0.0,167.7784176361663,0.0,167.7784176361663
2025-11-06,CR00043,Corporate Finance,Finance,0.0,4.994087875261947,0.0,4.994087875261947
2025-11-06,CR00060,Content Creation,Digital Marketing,0.0,0.0,0.0,0.0
2025-11-06,CR00037,Scrum Essentials,Project Management,0.0,0.0,0.0,0.0
2025-11-06,CR00016,Digital Marketing,Marketing,0.0,0.0,0.0,0.0
2025-11-06,CR00019,Content Marketing,Marketing,1.0,3.979282849432934,0.0,3.979282849432934
2025-11-06,CR00018,Social Media Marketing,Marketing,1.0,0.0,0.0,0.0
2025-11-06,CR00035,Cyber Threat Intelligence,Cybersecurity,0.0,0.0,0.0,0.0
2025-11-06,CR00056,Google Ads Mastery,Digital Marketing,0.0,95.51852739994585,0.0,95.51852739994585
2025-11-06,CR00051,HTML & CSS,Web Development,1.0,17.81693780122813,37.89,17.81693780122813
2025-11-06,CR00039,Project Planning,Project Management,0.0,171.16600632647464,0.0,171.16600632647464
2025-11-06,CR00036,Agile Project Management,Project Management,1.0,8.392759365548983,0.0,8.392759365548983
2025-11-06,CR00003,C++ for Beginners,Programming,0.0,1.8189120075110168,0.0,1.8189120075110168
2025-11-06,CR00038,Risk Management,Project Management,0.0,143.63783599248632,0.0,143.63783599248632
2025-11-06,CR00026,Intro to Machine Learning,Machine Learning,2.0,0.0,0.0,0.0
2025-11-06,CR00057,SEO for E-commerce,Digital Marketing,0.0,67.2506071505156,0.0,67.2506071505156
2025-11-06,CR00004,Advanced Python,Programming,0.0,0.0,0.0,0.0
2025-11-06,CR00048,AI Ethics,Artificial Intelligence,0.0,2.577863935826713,0.0,2.577863935826713
2025-11-06,CR00009,Web Design Fundamentals,Design,0.0,1.473150813887841,0.0,1.473150813887841
2025-11-06,CR00034,Data Encryption,Cybersecurity,0.0,172.73558288620222,0.0,172.73558288620222
2025-11-06,CR00032,Ethical Hacking,Cybersecurity,1.0,0.0,0.0,0.0
2025-11-06,CR00024,Big Data Analytics,Data Science,0.0,54.11845142091006,0.0,54.11845142091006
2025-11-06,CR00031,Network Security,Cybersecurity,0.0,0.0,0.0,0.0
2025-11-06,CR00042,Investment Strategies,Finance,0.0,0.9410745265897589,0.0,0.9410745265897589
2025-11-06,CR00041,Financial Accounting,Finance,0.0,27.790035044060616,0.0,27.790035044060616
2025-11-06,CR00045,Financial Modeling,Finance,2.0,1.3118655001485422,0.0,1.3118655001485422
2025-11-06,CR00013,Finance for Startups,Business,0.0,1.0258472775673866,0.0,1.0258472775673866
2025-11-06,CR00047,Natural Language Processing,Artificial Intelligence,0.0,29.72445218371807,0.0,29.72445218371807
2025-11-06,CR00025,Statistical Analysis,Data Science,0.0,147.0965331141819,0.0,147.0965331141819
2025-11-06,CR00006,Graphic Design Basics,Design,0.0,130.65298866796928,0.0,130.65298866796928
2025-11-06,CR00028,Deep Learning,Machine Learning,0.0,3.173520803295503,0.0,3.173520803295503
2025-11-06,CR00023,Machine Learning Fundamentals,Data Science,0.0,5.587790761537214,0.0,5.587790761537214
2025-11-06,CR00055,Full-Stack Web Development,Web Development,1.0,30.340447891941146,57.32,30.340447891941146
2025-11-06,CR00054,Backend Development with Node.js,Web Development,0.0,1.157160016987575,0.0,1.157160016987575
2025-11-06,CR00005,Full Stack Development,Programming,0.0,0.0,0.0,0.0
2025-11-06,CR00020,Email Marketing,Marketing,0.0,0.0,0.0,0.0
2025-11-06,CR00052,JavaScript Mastery,Web Development,1.0,1.8507004173891346,0.0,1.8507004173891346
2025-11-06,CR00044,Personal Finance,Finance,0.0,44.033016318032416,0.0,44.033016318032416
2025-11-06,CR00030,Reinforcement Learning,Machine Learning,0.0,0.0,0.0,0.0
2025-11-06,CR00046,AI for Beginners,Artificial Intelligence,3.0,105.84978147165586,744.3,105.84978147165586
2025-11-06,CR00007,UI/UX Design,Design,0.0,0.0,0.0,0.0
2025-11-06,CR00040,Leadership in Projects,Project Management,0.0,136.11805086169576,0.0,136.11805086169576
2025-11-06,CR00017,SEO Mastery,Marketing,1.0,4.874873402161285,0.0,4.874873402161285
2025-11-06,CR00029,Natural Language Processing,Machine Learning,1.0,1.2819586755624428,0.0,1.2819586755624428
2025-11-06,CR00022,Data Visualization,Data Science,0.0,8.476227108702261,0.0,8.476227108702261
2025-11-06,CR00027,Neural Networks,Machine Learning,0.0,2.610244890675915,0.0,2.610244890675915
2025-11-06,CR00015,Leadership Essentials,Business,0.0,117.98491361253626,0.0,117.98491361253626
2025-11-06,CR00012,Business Strategy,Business,0.0,218.80656669968118,0.0,218.80656669968118
2025-11-07,CR00003,C++ for Beginners,Programming,0.0,0.8252754190321454,0.0,0.8252754190321454
2025-11-07,CR00041,Financial Accounting,Finance,1.0,24.92997835727403,53.86,24.92997835727403
2025-11-07,CR00055,Full-Stack Web Development,Web Development,0.0,21.590424231029566,0.0,21.590424231029566
2025-11-07,CR00053,React for Beginners,Web Development,0.0,0.0,0.0,0.0
2025-11-07,CR00044,Personal Finance,Finance,0.0,47.56884819592184,0.0,47.56884819592184
2025-11-07,CR00042,Investment Strategies,Finance,0.0,0.0,0.0,0.0
2025-11-07,CR00060,Content Creation,Digital Marketing,0.0,0.0,0.0,0.0
2025-11-07,CR00045,Financial Modeling,Finance,0.0,0.0,0.0,0.0
2025-11-07,CR00047,Natural Language Processing,Artificial Intelligence,2.0,31.63819372588306,179.18,31.63819372588306
2025-11-07,CR00031,Network Security,Cybersecurity,0.0,0.0,0.0,0.0
2025-11-07,CR00016,Digital Marketing,Marketing,0.0,0.0,0.0,0.0
2025-11-07,CR00019,Content Marketing,Marketing,1.0,2.3938252227414267,0.0,2.3938252227414267
2025-11-07,CR00052,JavaScript Mastery,Web Development,1.0,1.6066635551324708,0.0,1.6066635551324708
2025-11-07,CR00018,Social Media Marketing,Marketing,0.0,0.0,0.0,0.0
2025-11-07,CR00028,Deep Learning,Machine Learning,0.0,0.0,0.0,0.0
2025-11-07,CR00014,Sales Mastery,Business,2.0,0.0,0.0,0.0
2025-11-07,CR00012,Business Strategy,Business,0.0,211.80333682697324,0.0,211.80333682697324
2025-11-07,CR00024,Big Data Analytics,Data Science,0.0,55.829282525662805,0.0,55.829282525662805
2025-11-07,CR00023,Machine Learning Fundamentals,Data Science,1.0,3.289210328265284,0.0,3.289210328265284
2025-11-07,CR00034,Data Encryption,Cybersecurity,3.0,166.17205644338875,1182.78,166.17205644338875
2025-11-07,CR00046,AI for Beginners,Artificial Intelligence,0.0,111.61549344276217,0.0,111.61549344276217
2025-11-07,CR00036,Agile Project Management,Project Management,0.0,6.692278409917165,0.0,6.692278409917165
2025-11-07,CR00039,Project Planning,Project Management,2.0,165.90375604528748,693.42,165.90375604528748
2025-11-07,CR00051,HTML & CSS,Web Development,2.0,15.507352483581023,75.78,15.507352483581023
2025-11-07,CR00017,SEO Mastery,Marketing,0.0,2.514515345905309,0.0,2.514515345905309
2025-11-07,CR00026,Intro to Machine Learning,Machine Learning,1.0,0.0,0.0,0.0
2025-11-07,CR00057,SEO for E-commerce,Digital Marketing,1.0,72.37509020741223,177.34,72.37509020741223
2025-11-07,CR00027,Neural Networks,Machine Learning,0.0,2.04170750904359,0.0,2.04170750904359
2025-11-07,CR00048,AI Ethics,Artificial Intelligence,0.0,0.249445853996761,0.0,0.249445853996761
2025-11-07,CR00022,Data Visualization,Data Science,0.0,6.948372401506887,0.0,6.948372401506887
2025-11-07,CR00035,Cyber Threat Intelligence,Cybersecurity,1.0,0.0,0.0,0.0
2025-11-07,CR00009,Web Design Fundamentals,Design,0.0,1.0026406222153454,0.0,1.0026406222153454
2025-11-07,CR00025,Statistical Analysis,Data Science,1.0,134.56023079730042,299.57,134.56023079730042
2025-11-07,CR00056,Google Ads Mastery,Digital Marketing,0.0,98.60632479027987,0.0,98.60632479027987
2025-11-07,CR00032,Ethical Hacking,Cybersecurity,0.0,0.0,0.0,0.0
2025-11-07,CR00049,Deep Learning,Artificial Intelligence,0.0,171.00005316950887,0.0,171.00005316950887
2025-11-07,CR00038,Risk Management,Project Management,1.0,129.6467393077918,342.61,129.6467393077918
2025-11-07,CR00029,Natural Language Processing,Machine Learning,0.0,0.1655955688045907,0.0,0.1655955688045907
2025-11-07,CR00058,Social Media Strategy,Digital Marketing,0.0,0.0,0.0,0.0
2025-11-07,CR00006,Graphic Design Basics,Design,1.0,114.40861435843902,276.37,114.40861435843902
2025-11-07,CR00013,Finance for Startups,Business,1.0,0.0,0.0,0.0
2025-11-07,CR00059,Affiliate Marketing,Digital Marketing,0.0,0.0,0.0,0.0
2025-11-07,CR00010,3D Modeling,Design,1.0,0.0,0.0,0.0
2025-11-07,CR00054,Backend Development with Node.js,Web Development,0.0,2.131075918462116,0.0,2.131075918462116
2025-11-07,CR00040,Leadership in Projects,Project Management,0.0,120.28249048252958,0.0,120.28249048252958
2025-11-07,CR00015,Leadership Essentials,Business,0.0,115.94469953408266,0.0,115.94469953408266
2025-11-07,CR00004,Advanced Python,Programming,1.0,0.0,0.0,0.0
2025-11-07,CR00033,Cybersecurity Fundamentals,Cybersecurity,0.0,0.0,0.0,0.0
2025-11-07,CR00011,Entrepreneurship 101,Business,0.0,174.67100637739657,0.0,174.67100637739657
2025-11-07,CR00007,UI/UX Design,Design,1.0,0.0,0.0,0.0
2025-11-07,CR00043,Corporate Finance,Finance,0.0,1.6398809474208562,0.0,1.6398809474208562
2025-11-07,CR00002,Java Programming,Programming,0.0,0.0,0.0,0.0
2025-11-07,CR00001,Python Basics,Programming,0.0,251.72935524555828,0.0,251.72935524555828
2025-11-07,CR00050,Computer Vision,Artificial Intelligence,1.0,264.575769102876,490.9,264.575769102876
2025-11-07,CR00030,Reinforcement Learning,Machine Learning,0.0,0.0,0.0,0.0
2025-11-07,CR00020,Email Marketing,Marketing,1.0,0.0,0.0,0.0
2025-11-07,CR00021,Data Analysis with Python,Data Science,0.0,0.31203060118446757,0.0,0.31203060118446757
2025-11-07,CR00005,Full Stack Development,Programming,1.0,0.0,0.0,0.0
2025-11-07,CR00037,Scrum Essentials,Project Management,0.0,0.0,0.0,0.0
2025-11-07,CR00008,Photoshop Mastery,Design,0.0,0.0,0.0,0.0
2025-11-08,CR00043,Corporate Finance,Finance,2.0,0.8172768179369001,0.0,0.8172768179369001
2025-11-08,CR00022,Data Visualization,Data Science,0.0,8.26989436123472,0.0,8.26989436123472
2025-11-08,CR00017,SEO Mastery,Marketing,1.0,0.8375007608073801,0.0,0.8375007608073801
2025-11-08,CR00007,UI/UX Design,Design,1.0,0.0,0.0,0.0
2025-11-08,CR00009,Web Design Fundamentals,Design,0.0,0.0,0.0,0.0
2025-11-08,CR00046,AI for Beginners,Artificial Intelligence,0.0,103.0716935478591,0.0,103.0716935478591
2025-11-08,CR00036,Agile Project Management,Project Management,0.0,6.270554976771592,0.0,6.270554976771592
2025-11-08,CR00039,Project Planning,Project Management,0.0,158.8640197808785,0.0,158.8640197808785
2025-11-08,CR00035,Cyber Threat Intelligence,Cybersecurity,0.0,0.0,0.0,0.0
2025-11-08,CR00048,AI Ethics,Artificial Intelligence,0.0,0.0,0.0,0.0
2025-11-08,CR00049,Deep Learning,Artificial Intelligence,0.0,180.74506621845575,0.0,180.74506621845575
2025-11-08,CR00011,Entrepreneurship 101,Business,0.0,157.66898829500698,0.0,157.66898829500698
2025-11-08,CR00006,Graphic Design Basics,Design,0.0,112.12150049532156,0.0,112.12150049532156
2025-11-08,CR00001,Python Basics,Programming,2.0,222.9901829316886,944.56,222.9901829316886
2025-11-08,CR00040,Leadership in Projects,Project Management,1.0,114.11261182541543,327.99,114.11261182541543
2025-11-08,CR00051,HTML & CSS,Web Development,0.0,14.94964351435403,0.0,14.94964351435403
2025-11-08,CR00037,Scrum Essentials,Project Management,0.0,0.0,0.0,0.0
2025-11-08,CR00012,Business Strategy,Business,0.0,190.10866781627732,0.0,190.10866781627732
2025-11-08,CR00029,Natural Language Processing,Machine Learning,1.0,0.4591611745752715,0.0,0.4591611745752715
2025-11-08,CR00054,Backend Development with Node.js,Web Development,0.0,2.284424421865431,0.0,2.284424421865431
2025-11-08,CR00003,C++ for Beginners,Programming,1.0,0.0,0.0,0.0
2025-11-08,CR00002,Java Programming,Programming,0.0,0.0,0.0,0.0
2025-11-08,CR00056,Google Ads Mastery,Digital Marketing,1.0,99.16992117793458,212.39,99.16992117793458
2025-11-08,CR00016,Digital Marketing,Marketing,1.0,0.0,0.0,0.0
2025-11-08,CR00057,SEO for E-commerce,Digital Marketing,0.0,68.44756896604162,0.0,68.44756896604162
2025-11-08,CR00027,Neural Networks,Machine Learning,0.0,0.911364782074152,0.0,0.911364782074152
2025-11-08,CR00004,Advanced Python,Programming,1.0,0.0,0.0,0.0
2025-11-08,CR00026,Intro to Machine Learning,Machine Learning,0.0,0.0,0.0,0.0
2025-11-08,CR00032,Ethical Hacking,Cybersecurity,0.0,0.0,0.0,0.0
2025-11-08,CR00025,Statistical Analysis,Data Science,2.0,124.02987408320476,599.14,124.02987408320476
2025-11-08,CR00045,Financial Modeling,Finance,1.0,0.0,0.0,0.0
2025-11-08,CR00005,Full Stack Development,Programming,1.0,0.0,0.0,0.0
2025-11-08,CR00018,Social Media Marketing,Marketing,0.0,0.0,0.0,0.0
2025-11-08,CR00014,Sales Mastery,Business,1.0,0.27428930152998987,0.0,0.27428930152998987
2025-11-08,CR00023,Machine Learning Fundamentals,Data Science,1.0,4.610732287993109,0.0,4.610732287993109
2025-11-08,CR00033,Cybersecurity Fundamentals,Cybersecurity,0.0,0.0,0.0,0.0
2025-11-08,CR00013,Finance for Startups,Business,0.0,0.0,0.0,0.0
2025-11-08,CR00015,Leadership Essentials,Business,1.0,120.59397253456638,285.05,120.59397253456638
2025-11-08,CR00042,Investment Strategies,Finance,0.0,0.0,0.0,0.0
2025-11-08,CR00019,Content Marketing,Marketing,0.0,0.0,0.0,0.0
2025-11-08,CR00055,Full-Stack Web Development,Web Development,0.0,22.850341729204466,0.0,22.850341729204466
2025-11-08,CR00052,JavaScript Mastery,Web Development,0.0,1.4476433337277541,0.0,1.4476433337277541
2025-11-08,CR00028,Deep Learning,Machine Learning,0.0,0.3420607826842712,0.0,0.3420607826842712
2025-11-08,CR00058,Social Media Strategy,Digital Marketing,0.0,0.0,0.0,0.0
2025-11-08,CR00008,Photoshop Mastery,Design,2.0,0.0,0.0,0.0
2025-11-08,CR00050,Computer Vision,Artificial Intelligence,0.0,234.40886448132125,0.0,234.40886448132125
2025-11-08,CR00020,Email Marketing,Marketing,0.0,0.0,0.0,0.0
2025-11-08,CR00024,Big Data Analytics,Data Science,0.0,53.408338596572584,0.0,53.408338596572584
2025-11-08,CR00047,Natural Language Processing,Artificial Intelligence,1.0,28.929516084496736,89.59,28.929516084496736
2025-11-08,CR00034,Data Encryption,Cybersecurity,2.0,166.2304636390748,788.52,166.2304636390748
2025-11-08,CR00053,React for Beginners,Web Development,0.0,0.0,0.0,0.0
2025-11-08,CR00010,3D Modeling,Design,0.0,0.0,0.0,0.0
2025-11-08,CR00060,Content Creation,Digital Marketing,0.0,0.0,0.0,0.0
2025-11-08,CR00031,Network Security,Cybersecurity,1.0,0.0,0.0,0.0
2025-11-08,CR00021,Data Analysis with Python,Data Science,0.0,0.47594604184270395,0.0,0.47594604184270395
2025-11-08,CR00059,Affiliate Marketing,Digital Marketing,0.0,0.0,0.0,0.0
2025-11-08,CR00044,Personal Finance,Finance,0.0,51.791053448090494,0.0,51.791053448090494
2025-11-08,CR00041,Financial Accounting,Finance,0.0,26.929162995661606,0.0,26.929162995661606
2025-11-08,CR00038,Risk Management,Project Management,1.0,129.67661718425103,342.61,129.67661718425103
2025-11-08,CR00030,Reinforcement Learning,Machine Learning,0.0,0.0,0.0,0.0
2025-11-09,CR00039,Project Planning,Project Management,0.0,161.15083662984608,0.0,161.15083662984608
2025-11-09,CR00040,Leadership in Projects,Project Management,1.0,116.80030074921517,327.99,116.80030074921517
2025-11-09,CR00058,Social Media Strategy,Digital Marketing,0.0,0.0,0.0,0.0
2025-11-09,CR00038,Risk Management,Project Management,1.0,140.26551326496218,342.61,140.26551326496218
2025-11-09,CR00027,Neural Networks,Machine Learning,0.0,0.0,0.0,0.0
2025-11-09,CR00034,Data Encryption,Cybersecurity,0.0,175.95669673871194,0.0,175.95669673871194
2025-11-09,CR00003,C++ for Beginners,Programming,0.0,0.0,0.0,0.0
2025-11-09,CR00053,React for Beginners,Web Development,0.0,0.0,0.0,0.0
2025-11-09,CR00023,Machine Learning Fundamentals,Data Science,0.0,2.0464851596084372,0.0,2.0464851596084372
2025-11-09,CR00041,Financial Accounting,Finance,1.0,27.26100770651545,53.86,27.26100770651545
2025-11-09,CR00018,Social Media Marketing,Marketing,0.0,0.0,0.0,0.0
2025-11-09,CR00056,Google Ads Mastery,Digital Marketing,0.0,89.25201072991015,0.0,89.25201072991015
2025-11-09,CR00055,Full-Stack Web Development,Web Development,0.0,19.8082493949632,0.0,19.8082493949632
2025-11-09,CR00048,AI Ethics,Artificial Intelligence,2.0,0.0,0.0,0.0
2025-11-09,CR00010,3D Modeling,Design,1.0,0.0,0.0,0.0
2025-11-09,CR00032,Ethical Hacking,Cybersecurity,0.0,0.0,0.0,0.0
2025-11-09,CR00012,Business Strategy,Business,2.0,239.11327674335405,975.84,239.11327674335405
2025-11-09,CR00036,Agile Project Management,Project Management,0.0,4.317736281826811,0.0,4.317736281826811
2025-11-09,CR00011,Entrepreneurship 101,Business,0.0,138.7062997721381,0.0,138.7062997721381
2025-11-09,CR00028,Deep Learning,Machine Learning,0.0,0.0,0.0,0.0
2025-11-09,CR00050,Computer Vision,Artificial Intelligence,0.0,231.48866569749893,0.0,231.48866569749893
2025-11-09,CR00046,AI for Beginners,Artificial Intelligence,0.0,104.0674213688028,0.0,104.0674213688028
2025-11-09,CR00014,Sales Mastery,Business,1.0,0.0,0.0,0.0
2025-11-09,CR00009,Web Design Fundamentals,Design,1.0,1.0502764290236684,0.0,1.0502764290236684
2025-11-09,CR00037,Scrum Essentials,Project Management,0.0,0.0,0.0,0.0
2025-11-09,CR00017,SEO Mastery,Marketing,1.0,1.534620003555304,0.0,1.534620003555304
2025-11-09,CR00005,Full Stack Development,Programming,0.0,0.0,0.0,0.0
2025-11-09,CR00029,Natural Language Processing,Machine Learning,0.0,0.28704005506457264,0.0,0.28704005506457264
2025-11-09,CR00001,Python Basics,Programming,0.0,201.3645048980395,0.0,201.3645048980395
2025-11-09,CR00031,Network Security,Cybersecurity,0.0,0.0,0.0,0.0
2025-11-09,CR00045,Financial Modeling,Finance,1.0,0.0,0.0,0.0
2025-11-09,CR00035,Cyber Threat Intelligence,Cybersecurity,0.0,0.0,0.0,0.0
2025-11-09,CR00059,Affiliate Marketing,Digital Marketing,0.0,0.0,0.0,0.0
2025-11-09,CR00025,Statistical Analysis,Data Science,0.0,163.95731461862286,0.0,163.95731461862286
2025-11-09,CR00043,Corporate Finance,Finance,0.0,1.5309047534430817,0.0,1.5309047534430817
2025-11-09,CR00021,Data Analysis with Python,Data Science,0.0,0.28731622957376146,0.0,0.28731622957376146
2025-11-09,CR00042,Investment Strategies,Finance,0.0,0.0,0.0,0.0
2025-11-09,CR00052,JavaScript Mastery,Web Development,1.0,0.3682465689538361,0.0,0.3682465689538361
2025-11-09,CR00013,Finance for Startups,Business,1.0,0.0,0.0,0.0
2025-11-09,CR00024,Big Data Analytics,Data Science,0.0,52.582879607716464,0.0,52.582879607716464
2025-11-09,CR00033,Cybersecurity Fundamentals,Cybersecurity,1.0,0.0,0.0,0.0
2025-11-09,CR00019,Content Marketing,Marketing,0.0,0.0,0.0,0.0
2025-11-09,CR00008,Photoshop Mastery,Design,0.0,0.0,0.0,0.0
2025-11-09,CR00006,Graphic Design Basics,Design,0.0,113.89482700954906,0.0,113.89482700954906
2025-11-09,CR00047,Natural Language Processing,Artificial Intelligence,0.0,29.640963763341617,0.0,29.640963763341617
2025-11-09,CR00004,Advanced Python,Programming,0.0,0.0,0.0,0.0
2025-11-09,CR00022,Data Visualization,Data Science,0.0,6.235683783654331,0.0,6.235683783654331
2025-11-09,CR00015,Leadership Essentials,Business,0.0,105.80408092030002,0.0,105.80408092030002
2025-11-09,CR00044,Personal Finance,Finance,0.0,51.68969120843426,0.0,51.68969120843426
2025-11-09,CR00002,Java Programming,Programming,1.0,0.0,0.0,0.0
2025-11-09,CR00030,Reinforcement Learning,Machine Learning,0.0,0.0,0.0,0.0
2025-11-09,CR00054,Backend Development with Node.js,Web Development,1.0,0.44305572739617105,0.0,0.44305572739617105
2025-11-09,CR00020,Email Marketing,Marketing,0.0,0.0,0.0,0.0
2025-11-09,CR00026,Intro to Machine Learning,Machine Learning,0.0,0.0,0.0,0.0
2025-11-09,CR00060,Content Creation,Digital Marketing,0.0,0.0,0.0,0.0
2025-11-09,CR00016,Digital Marketing,Marketing,2.0,0.0,0.0,0.0
2025-11-09,CR00049,Deep Learning,Artificial Intelligence,1.0,140.02077261623376,415.51,140.02077261623376
2025-11-09,CR00007,UI/UX Design,Design,0.0,0.0,0.0,0.0
2025-11-09,CR00051,HTML & CSS,Web Development,1.0,13.396554587413743,37.89,13.396554587413743
2025-11-09,CR00057,SEO for E-commerce,Digital Marketing,0.0,69.80523407282207,0.0,69.80523407282207
2025-11-10,CR00047,Natural Language Processing,Artificial Intelligence,1.0,35.21659215101359,89.59,35.21659215101359
2025-11-10,CR00007,UI/UX Design,Design,2.0,0.0,0.0,0.0
2025-11-10,CR00052,JavaScript Mastery,Web Development,0.0,0.0,0.0,0.0
2025-11-10,CR00033,Cybersecurity Fundamentals,Cybersecurity,0.0,0.0,0.0,0.0
2025-11-10,CR00006,Graphic Design Basics,Design,1.0,112.46907192477696,276.37,112.46907192477696
2025-11-10,CR00020,Email Marketing,Marketing,0.0,0.0,0.0,0.0
2025-11-10,CR00008,Photoshop Mastery,Design,0.0,0.0,0.0,0.0
2025-11-10,CR00050,Computer Vision,Artificial Intelligence,0.0,281.6721794692135,0.0,281.6721794692135
2025-11-10,CR00060,Content Creation,Digital Marketing,1.0,0.0,0.0,0.0
2025-11-10,CR00021,Data Analysis with Python,Data Science,1.0,0.0,0.0,0.0
2025-11-10,CR00014,Sales Mastery,Business,0.0,0.0,0.0,0.0
2025-11-10,CR00010,3D Modeling,Design,1.0,0.0,0.0,0.0
2025-11-10,CR00040,Leadership in Projects,Project Management,0.0,106.49077649936078,0.0,106.49077649936078
2025-11-10,CR00027,Neural Networks,Machine Learning,1.0,0.0,0.0,0.0
2025-11-10,CR00022,Data Visualization,Data Science,2.0,5.466555548663983,0.0,5.466555548663983
2025-11-10,CR00043,Corporate Finance,Finance,0.0,0.3154678550946315,0.0,0.3154678550946315
2025-11-10,CR00015,Leadership Essentials,Business,0.0,116.3067584645046,0.0,116.3067584645046
2025-11-10,CR00029,Natural Language Processing,Machine Learning,0.0,0.0,0.0,0.0
2025-11-10,CR00012,Business Strategy,Business,0.0,196.43638779749023,0.0,196.43638779749023
2025-11-10,CR00037,Scrum Essentials,Project Management,1.0,0.0,0.0,0.0
2025-11-10,CR00035,Cyber Threat Intelligence,Cybersecurity,1.0,0.0,0.0,0.0
2025-11-10,CR00030,Reinforcement Learning,Machine Learning,1.0,0.0,0.0,0.0
2025-11-10,CR00034,Data Encryption,Cybersecurity,1.0,177.6009473295974,394.26,177.6009473295974
2025-11-10,CR00044,Personal Finance,Finance,0.0,45.95730066202538,0.0,45.95730066202538
2025-11-10,CR00018,Social Media Marketing,Marketing,0.0,0.0,0.0,0.0
2025-11-10,CR00059,Affiliate Marketing,Digital Marketing,1.0,0.0,0.0,0.0
2025-11-10,CR00003,C++ for Beginners,Programming,0.0,0.0,0.0,0.0
2025-11-10,CR00045,Financial Modeling,Finance,2.0,0.0,0.0,0.0
2025-11-10,CR00057,SEO for E-commerce,Digital Marketing,2.0,66.55492728482608,354.68,66.55492728482608
2025-11-10,CR00038,Risk Management,Project Management,0.0,139.6155686980983,0.0,139.6155686980983
2025-11-10,CR00056,Google Ads Mastery,Digital Marketing,1.0,94.8162248925191,212.39,94.8162248925191
2025-11-10,CR00001,Python Basics,Programming,0.0,235.43621093971626,0.0,235.43621093971626
2025-11-10,CR00053,React for Beginners,Web Development,0.0,0.0,0.0,0.0
2025-11-10,CR00032,Ethical Hacking,Cybersecurity,0.0,0.0,0.0,0.0
2025-11-10,CR00023,Machine Learning Fundamentals,Data Science,1.0,1.8183212443335748,0.0,1.8183212443335748
2025-11-10,CR00011,Entrepreneurship 101,Business,0.0,133.41390647494816,0.0,133.41390647494816
2025-11-10,CR00017,SEO Mastery,Marketing,0.0,0.0,0.0,0.0
2025-11-10,CR00009,Web Design Fundamentals,Design,1.0,0.0,0.0,0.0
2025-11-10,CR00039,Project Planning,Project Management,0.0,179.5496225662739,0.0,179.5496225662739
2025-11-10,CR00049,Deep Learning,Artificial Intelligence,0.0,168.83458124196204,0.0,168.83458124196204
2025-11-10,CR00046,AI for Beginners,Artificial Intelligence,2.0,87.13858338963514,496.2,87.13858338963514
2025-11-10,CR00048,AI Ethics,Artificial Intelligence,1.0,0.0,0.0,0.0
2025-11-10,CR00005,Full Stack Development,Programming,0.0,0.0,0.0,0.0
2025-11-10,CR00036,Agile Project Management,Project Management,1.0,4.17534114737817,0.0,4.17534114737817
2025-11-10,CR00054,Backend Development with Node.js,Web Development,1.0,0.10143334049368491,0.0,0.10143334049368491
2025-11-10,CR00041,Financial Accounting,Finance,0.0,24.318027553999993,0.0,24.318027553999993
2025-11-10,CR00019,Content Marketing,Marketing,1.0,0.0,0.0,0.0
2025-11-10,CR00058,Social Media Strategy,Digital Marketing,0.0,0.0,0.0,0.0
2025-11-10,CR00028,Deep Learning,Machine Learning,1.0,0.0,0.78,0.0
2025-11-10,CR00013,Finance for Startups,Business,1.0,0.0,0.0,0.0
2025-11-10,CR00026,Intro to Machine Learning,Machine Learning,0.0,0.0,0.0,0.0
2025-11-10,CR00024,Big Data Analytics,Data Science,1.0,58.35847873058904,117.68,58.35847873058904
2025-11-10,CR00002,Java Programming,Programming,0.0,0.0,0.0,0.0
2025-11-10,CR00051,HTML & CSS,Web Development,1.0,11.674775471561599,37.89,11.674775471561599
2025-11-10,CR00025,Statistical Analysis,Data Science,2.0,158.19068969787241,599.14,158.19068969787241
2025-11-10,CR00042,Investment Strategies,Finance,0.0,0.0,0.0,0.0
2025-11-10,CR00055,Full-Stack Web Development,Web Development,0.0,17.44082078460876,0.0,17.44082078460876
2025-11-10,CR00004,Advanced Python,Programming,0.0,0.0,0.0,0.0
2025-11-10,CR00016,Digital Marketing,Marketing,1.0,0.0,0.0,0.0
2025-11-10,CR00031,Network Security,Cybersecurity,1.0,0.0,0.0,0.0
2025-11-11,CR00057,SEO for E-commerce,Digital Marketing,0.0,77.38252219011184,0.0,77.38252219011184
2025-11-11,CR00004,Advanced Python,Programming,1.0,0.0,0.0,0.0
2025-11-11,CR00018,Social Media Marketing,Marketing,0.0,0.0,0.0,0.0
2025-11-11,CR00002,Java Programming,Programming,0.0,0.0,0.0,0.0
2025-11-11,CR00059,Affiliate Marketing,Digital Marketing,1.0,0.0,0.0,0.0
2025-11-11,CR00044,Personal Finance,Finance,0.0,53.541563859053085,0.0,53.541563859053085
2025-11-11,CR00046,AI for Beginners,Artificial Intelligence,0.0,89.32302699516379,0.0,89.32302699516379
2025-11-11,CR00045,Financial Modeling,Finance,1.0,0.0,0.0,0.0
2025-11-11,CR00015,Leadership Essentials,Business,0.0,118.21366228775896,0.0,118.21366228775896
2025-11-11,CR00053,React for Beginners,Web Development,0.0,0.0,0.0,0.0
2025-11-11,CR00029,Natural Language Processing,Machine Learning,0.0,1.3372847144254791,0.0,1.3372847144254791
2025-11-11,CR00035,Cyber Threat Intelligence,Cybersecurity,1.0,0.0,0.0,0.0
2025-11-11,CR00055,Full-Stack Web Development,Web Development,0.0,20.644012507570427,0.0,20.644012507570427
2025-11-11,CR00052,JavaScript Mastery,Web Development,0.0,1.4351265356389717,0.0,1.4351265356389717
2025-11-11,CR00006,Graphic Design Basics,Design,0.0,108.20599970801894,0.0,108.20599970801894
2025-11-11,CR00028,Deep Learning,Machine Learning,0.0,1.878063026925993,0.0,1.878063026925993
2025-11-11,CR00022,Data Visualization,Data Science,0.0,6.445049137903737,0.0,6.445049137903737
2025-11-11,CR00011,Entrepreneurship 101,Business,0.0,125.15551338061373,0.0,125.15551338061373
2025-11-11,CR00039,Project Planning,Project Management,0.0,147.1786828198144,0.0,147.1786828198144
2025-11-11,CR00025,Statistical Analysis,Data Science,0.0,152.83854169241798,0.0,152.83854169241798
2025-11-11,CR00043,Corporate Finance,Finance,0.0,2.0490536940404738,0.0,2.0490536940404738
2025-11-11,CR00007,UI/UX Design,Design,0.0,0.0,0.0,0.0
2025-11-11,CR00019,Content Marketing,Marketing,1.0,1.7792861757530574,0.0,1.7792861757530574
2025-11-11,CR00058,Social Media Strategy,Digital Marketing,1.0,0.0,0.0,0.0
2025-11-11,CR00020,Email Marketing,Marketing,1.0,0.0,0.0,0.0
2025-11-11,CR00042,Investment Strategies,Finance,0.0,0.2884605126302091,0.0,0.2884605126302091
2025-11-11,CR00003,C++ for Beginners,Programming,2.0,0.2974932360153417,0.0,0.2974932360153417
2025-11-11,CR00041,Financial Accounting,Finance,0.0,27.379717709935814,0.0,27.379717709935814
2025-11-11,CR00005,Full Stack Development,Programming,0.0,0.0,0.0,0.0
2025-11-11,CR00038,Risk Management,Project Management,0.0,160.24482286540132,0.0,160.24482286540132
2025-11-11,CR00013,Finance for Startups,Business,1.0,0.0,0.0,0.0
2025-11-11,CR00032,Ethical Hacking,Cybersecurity,0.0,0.0,0.0,0.0
2025-11-11,CR00036,Agile Project Management,Project Management,0.0,5.265411351659409,0.0,5.265411351659409
2025-11-11,CR00009,Web Design Fundamentals,Design,0.0,2.236430008273757,0.0,2.236430008273757
2025-11-11,CR00049,Deep Learning,Artificial Intelligence,1.0,181.23542104563367,415.51,181.23542104563367
2025-11-11,CR00031,Network Security,Cybersecurity,0.0,0.0,0.0,0.0
2025-11-11,CR00056,Google Ads Mastery,Digital Marketing,1.0,98.69732349576606,212.39,98.69732349576606
2025-11-11,CR00026,Intro to Machine Learning,Machine Learning,0.0,0.0,0.0,0.0
2025-11-11,CR00051,HTML & CSS,Web Development,1.0,13.951821195711943,37.89,13.951821195711943
2025-11-11,CR00048,AI Ethics,Artificial Intelligence,0.0,0.5521664235439658,0.0,0.5521664235439658
2025-11-11,CR00001,Python Basics,Programming,0.0,202.19052771936504,0.0,202.19052771936504
2025-11-11,CR00016,Digital Marketing,Marketing,0.0,0.0,0.0,0.0
2025-11-11,CR00024,Big Data Analytics,Data Science,1.0,60.560114976714225,117.68,60.560114976714225
2025-11-11,CR00023,Machine Learning Fundamentals,Data Science,0.0,4.11686256083707,0.0,4.11686256083707
2025-11-11,CR00040,Leadership in Projects,Project Management,0.0,115.69914391058818,0.0,115.69914391058818
2025-11-11,CR00014,Sales Mastery,Business,2.0,0.0,0.0,0.0
2025-11-11,CR00030,Reinforcement Learning,Machine Learning,1.0,0.0,0.0,0.0
2025-11-11,CR00034,Data Encryption,Cybersecurity,0.0,178.10531874121864,0.0,178.10531874121864
2025-11-11,CR00047,Natural Language Processing,Artificial Intelligence,1.0,28.835526740883235,89.59,28.835526740883235
2025-11-11,CR00060,Content Creation,Digital Marketing,0.0,0.0,0.0,0.0
2025-11-11,CR00037,Scrum Essentials,Project Management,0.0,0.0,0.0,0.0
2025-11-11,CR00012,Business Strategy,Business,0.0,244.84204715048526,0.0,244.84204715048526
2025-11-11,CR00027,Neural Networks,Machine Learning,2.0,0.0,0.0,0.0
2025-11-11,CR00010,3D Modeling,Design,3.0,0.0,0.0,0.0
2025-11-11,CR00017,SEO Mastery,Marketing,1.0,2.018237398130644,0.0,2.018237398130644
2025-11-11,CR00021,Data Analysis with Python,Data Science,1.0,0.20130913245698423,0.0,0.20130913245698423
2025-11-11,CR00050,Computer Vision,Artificial Intelligence,0.0,217.22090328225687,0.0,217.22090328225687
2025-11-11,CR00008,Photoshop Mastery,Design,1.0,0.0,0.0,0.0
2025-11-11,CR00054,Backend Development with Node.js,Web Development,1.0,2.2837473024004282,0.0,2.2837473024004282
2025-11-11,CR00033,Cybersecurity Fundamentals,Cybersecurity,1.0,0.0,0.0,0.0
2025-11-12,CR00028,Deep Learning,Machine Learning,1.0,2.976100435539422,0.78,2.976100435539422
2025-11-12,CR00016,Digital Marketing,Marketing,3.0,0.0,0.0,0.0
2025-11-12,CR00004,Advanced Python,Programming,0.0,0.0,0.0,0.0
2025-11-12,CR00023,Machine Learning Fundamentals,Data Science,0.0,5.2973544792073355,0.0,5.2973544792073355
2025-11-12,CR00013,Finance for Startups,Business,1.0,0.5490053127376058,0.0,0.5490053127376058
2025-11-12,CR00014,Sales Mastery,Business,0.0,0.5492443811404399,0.0,0.5492443811404399
2025-11-12,CR00017,SEO Mastery,Marketing,0.0,1.8053872945170255,0.0,1.8053872945170255
2025-11-12,CR00046,AI for Beginners,Artificial Intelligence,0.0,114.86185979516613,0.0,114.86185979516613
2025-11-12,CR00033,Cybersecurity Fundamentals,Cybersecurity,0.0,0.0,0.0,0.0
2025-11-12,CR00022,Data Visualization,Data Science,0.0,8.689017712007654,0.0,8.689017712007654
2025-11-12,CR00037,Scrum Essentials,Project Management,0.0,0.0,0.0,0.0
2025-11-12,CR00003,C++ for Beginners,Programming,0.0,1.8716191472632886,0.0,1.8716191472632886
2025-11-12,CR00052,JavaScript Mastery,Web Development,1.0,3.1937762728006973,0.0,3.1937762728006973
2025-11-12,CR00012,Business Strategy,Business,0.0,205.59167846843178,0.0,205.59167846843178
2025-11-12,CR00038,Risk Management,Project Management,1.0,158.5508104288992,342.61,158.5508104288992
2025-11-12,CR00049,Deep Learning,Artificial Intelligence,0.0,190.44552406373126,0.0,190.44552406373126
2025-11-12,CR00060,Content Creation,Digital Marketing,1.0,0.0,0.0,0.0
2025-11-12,CR00027,Neural Networks,Machine Learning,2.0,1.927340426922008,0.0,1.927340426922008
2025-11-12,CR00036,Agile Project Management,Project Management,2.0,6.553452408381929,0.0,6.553452408381929
2025-11-12,CR00051,HTML & CSS,Web Development,1.0,16.08135062282234,37.89,16.08135062282234
2025-11-12,CR00008,Photoshop Mastery,Design,1.0,0.8719718412332611,0.0,0.8719718412332611
2025-11-12,CR00045,Financial Modeling,Finance,0.0,0.0,0.0,0.0
2025-11-12,CR00034,Data Encryption,Cybersecurity,0.0,185.18258294360416,0.0,185.18258294360416
2025-11-12,CR00025,Statistical Analysis,Data Science,2.0,160.0267993372479,599.14,160.0267993372479
2025-11-12,CR00059,Affiliate Marketing,Digital Marketing,0.0,0.0,0.0,0.0
2025-11-12,CR00009,Web Design Fundamentals,Design,0.0,2.687163812739371,0.0,2.687163812739371
2025-11-12,CR00001,Python Basics,Programming,0.0,192.54545818344863,0.0,192.54545818344863
2025-11-12,CR00024,Big Data Analytics,Data Science,1.0,63.81289428705392,117.68,63.81289428705392
2025-11-12,CR00040,Leadership in Projects,Project Management,1.0,113.44800575112089,327.99,113.44800575112089
2025-11-12,CR00010,3D Modeling,Design,1.0,0.0,0.0,0.0
2025-11-12,CR00058,Social Media Strategy,Digital Marketing,0.0,0.0,0.0,0.0
2025-11-12,CR00044,Personal Finance,Finance,0.0,51.09366016460634,0.0,51.09366016460634
2025-11-12,CR00002,Java Programming,Programming,1.0,0.0,0.0,0.0
2025-11-12,CR00005,Full Stack Development,Programming,0.0,0.0,0.0,0.0
2025-11-12,CR00006,Graphic Design Basics,Design,1.0,111.18933730859703,276.37,111.18933730859703
2025-11-12,CR00042,Investment Strategies,Finance,1.0,2.2450568862213984,0.0,2.2450568862213984
2025-11-12,CR00035,Cyber Threat Intelligence,Cybersecurity,0.0,0.40080616517420964,0.0,0.40080616517420964
2025-11-12,CR00039,Project Planning,Project Management,1.0,136.33849726727217,346.71,136.33849726727217
2025-11-12,CR00050,Computer Vision,Artificial Intelligence,2.0,202.92725230187528,981.8,202.92725230187528
2025-11-12,CR00032,Ethical Hacking,Cybersecurity,0.0,0.0,0.0,0.0
2025-11-12,CR00019,Content Marketing,Marketing,1.0,1.7044869421709734,0.0,1.7044869421709734
2025-11-12,CR00018,Social Media Marketing,Marketing,1.0,0.0,0.0,0.0
2025-11-12,CR00031,Network Security,Cybersecurity,1.0,0.0,0.0,0.0
2025-11-12,CR00053,React for Beginners,Web Development,0.0,0.0,0.0,0.0
2025-11-12,CR00047,Natural Language Processing,Artificial Intelligence,2.0,34.38268921096183,179.18,34.38268921096183
2025-11-12,CR00048,AI Ethics,Artificial Intelligence,0.0,2.043609436208257,0.0,2.043609436208257
2025-11-12,CR00043,Corporate Finance,Finance,0.0,5.034461698352985,0.0,5.034461698352985
2025-11-12,CR00021,Data Analysis with Python,Data Science,1.0,1.3896246629167024,0.0,1.3896246629167024
2025-11-12,CR00026,Intro to Machine Learning,Machine Learning,0.0,0.0,0.0,0.0
2025-11-12,CR00055,Full-Stack Web Development,Web Development,0.0,24.26539374779386,0.0,24.26539374779386
2025-11-12,CR00030,Reinforcement Learning,Machine Learning,1.0,0.0,0.0,0.0
2025-11-12,CR00011,Entrepreneurship 101,Business,0.0,125.52205881984551,0.0,125.52205881984551
2025-11-12,CR00029,Natural Language Processing,Machine Learning,0.0,2.9812719543031676,0.0,2.9812719543031676
2025-11-12,CR00007,UI/UX Design,Design,0.0,0.0,0.0,0.0
2025-11-12,CR00056,Google Ads Mastery,Digital Marketing,0.0,111.84318789615367,0.0,111.84318789615367
2025-11-12,CR00054,Backend Development with Node.js,Web Development,0.0,2.5168132808697976,0.0,2.5168132808697976
2025-11-12,CR00020,Email Marketing,Marketing,0.0,0.0,0.0,0.0
2025-11-12,CR00057,SEO for E-commerce,Digital Marketing,1.0,76.68497816606423,177.34,76.68497816606423
2025-11-12,CR00015,Leadership Essentials,Business,0.0,108.29781087837796,0.0,108.29781087837796
2025-11-12,CR00041,Financial Accounting,Finance,0.0,25.994295639958672,0.0,25.994295639958672
2025-11-13,CR00049,Deep Learning,Artificial Intelligence,1.0,241.34637718642105,415.51,241.34637718642105
2025-11-13,CR00009,Web Design Fundamentals,Design,0.0,3.976116197489624,0.0,3.976116197489624
2025-11-13,CR00001,Python Basics,Programming,2.0,201.68339552579314,944.56,201.68339552579314
2025-11-13,CR00017,SEO Mastery,Marketing,0.0,3.972138507628742,0.0,3.972138507628742
2025-11-13,CR00015,Leadership Essentials,Business,0.0,122.74555168071171,0.0,122.74555168071171
2025-11-13,CR00039,Project Planning,Project Management,1.0,127.97917760735109,346.71,127.97917760735109
2025-11-13,CR00060,Content Creation,Digital Marketing,0.0,0.0,0.0,0.0
2025-11-13,CR00047,Natural Language Processing,Artificial Intelligence,2.0,33.277789399700254,179.18,33.277789399700254
2025-11-13,CR00043,Corporate Finance,Finance,0.0,4.159566804324669,0.0,4.159566804324669
2025-11-13,CR00037,Scrum Essentials,Project Management,0.0,0.0,0.0,0.0
2025-11-13,CR00014,Sales Mastery,Business,1.0,0.0,0.0,0.0
2025-11-13,CR00007,UI/UX Design,Design,1.0,0.0,0.0,0.0
2025-11-13,CR00024,Big Data Analytics,Data Science,2.0,65.10239302880973,235.36,65.10239302880973
2025-11-13,CR00054,Backend Development with Node.js,Web Development,0.0,3.6581995771590243,0.0,3.6581995771590243
2025-11-13,CR00019,Content Marketing,Marketing,0.0,2.4183673903723317,0.0,2.4183673903723317
2025-11-13,CR00020,Email Marketing,Marketing,0.0,0.0,0.0,0.0
2025-11-13,CR00003,C++ for Beginners,Programming,0.0,1.4854959958911707,0.0,1.4854959958911707
2025-11-13,CR00013,Finance for Startups,Business,0.0,0.0,0.0,0.0
2025-11-13,CR00031,Network Security,Cybersecurity,1.0,0.0,0.0,0.0
2025-11-13,CR00021,Data Analysis with Python,Data Science,0.0,2.1984464188353314,0.0,2.1984464188353314
2025-11-13,CR00044,Personal Finance,Finance,0.0,50.94505026962241,0.0,50.94505026962241
2025-11-13,CR00042,Investment Strategies,Finance,0.0,0.9194011158866289,0.0,0.9194011158866289
2025-11-13,CR00005,Full Stack Development,Programming,0.0,0.0,0.0,0.0
2025-11-13,CR00008,Photoshop Mastery,Design,0.0,0.5040488544980803,0.0,0.5040488544980803
2025-11-13,CR00030,Reinforcement Learning,Machine Learning,1.0,0.0,0.0,0.0
2025-11-13,CR00025,Statistical Analysis,Data Science,0.0,145.7512556185087,0.0,145.7512556185087
2025-11-13,CR00050,Computer Vision,Artificial Intelligence,1.0,196.5470184177513,490.9,196.5470184177513
2025-11-13,CR00028,Deep Learning,Machine Learning,0.0,2.126995692420607,0.0,2.126995692420607
2025-11-13,CR00052,JavaScript Mastery,Web Development,0.0,2.8951133741334942,0.0,2.8951133741334942
2025-11-13,CR00027,Neural Networks,Machine Learning,1.0,1.5080732754674386,0.0,1.5080732754674386
2025-11-13,CR00010,3D Modeling,Design,2.0,0.0,0.0,0.0
2025-11-13,CR00051,HTML & CSS,Web Development,0.0,15.913837522894624,0.0,15.913837522894624
2025-11-13,CR00012,Business Strategy,Business,0.0,187.62561350364012,0.0,187.62561350364012
2025-11-13,CR00059,Affiliate Marketing,Digital Marketing,0.0,0.0,0.0,0.0
2025-11-13,CR00034,Data Encryption,Cybersecurity,1.0,188.0678189561766,394.26,188.0678189561766
2025-11-13,CR00040,Leadership in Projects,Project Management,0.0,113.24430611142526,0.0,113.24430611142526
2025-11-13,CR00011,Entrepreneurship 101,Business,2.0,136.72841416786267,652.04,136.72841416786267
2025-11-13,CR00022,Data Visualization,Data Science,1.0,6.553599491072205,0.0,6.553599491072205
2025-11-13,CR00018,Social Media Marketing,Marketing,0.0,0.0,0.0,0.0
2025-11-13,CR00046,AI for Beginners,Artificial Intelligence,0.0,103.87397946179806,0.0,103.87397946179806
2025-11-13,CR00057,SEO for E-commerce,Digital Marketing,0.0,71.07076673237746,0.0,71.07076673237746
2025-11-13,CR00045,Financial Modeling,Finance,0.0,0.0,0.0,0.0
2025-11-13,CR00055,Full-Stack Web Development,Web Development,2.0,25.695792339684992,114.64,25.695792339684992
2025-11-13,CR00006,Graphic Design Basics,Design,0.0,120.868860862005,0.0,120.868860862005
2025-11-13,CR00041,Financial Accounting,Finance,0.0,21.714345562682368,0.0,21.714345562682368
2025-11-13,CR00023,Machine Learning Fundamentals,Data Science,0.0,4.618152998981046,0.0,4.618152998981046
2025-11-13,CR00035,Cyber Threat Intelligence,Cybersecurity,0.0,0.6895874065290215,0.0,0.6895874065290215
2025-11-13,CR00048,AI Ethics,Artificial Intelligence,0.0,0.9172878482425375,0.0,0.9172878482425375
2025-11-13,CR00053,React for Beginners,Web Development,0.0,0.0,0.0,0.0
2025-11-13,CR00026,Intro to Machine Learning,Machine Learning,0.0,0.0,0.0,0.0
2025-11-13,CR00033,Cybersecurity Fundamentals,Cybersecurity,1.0,0.0,0.0,0.0
2025-11-13,CR00056,Google Ads Mastery,Digital Marketing,2.0,106.33089099508078,424.78,106.33089099508078
2025-11-13,CR00032,Ethical Hacking,Cybersecurity,1.0,0.0,0.0,0.0
2025-11-13,CR00004,Advanced Python,Programming,2.0,0.0,0.0,0.0
2025-11-13,CR00036,Agile Project Management,Project Management,0.0,4.250145668856916,0.0,4.250145668856916
2025-11-13,CR00016,Digital Marketing,Marketing,0.0,0.0,0.0,0.0
2025-11-13,CR00002,Java Programming,Programming,1.0,0.0,0.0,0.0
2025-11-13,CR00058,Social Media Strategy,Digital Marketing,0.0,0.0,0.0,0.0
2025-11-13,CR00038,Risk Management,Project Management,2.0,142.90202270422782,685.22,142.90202270422782
2025-11-13,CR00029,Natural Language Processing,Machine Learning,0.0,1.5921205400306064,0.0,1.5921205400306064
2025-11-14,CR00016,Digital Marketing,Marketing,0.0,0.0,0.0,0.0
2025-11-14,CR00029,Natural Language Processing,Machine Learning,0.0,0.0,0.0,0.0
2025-11-14,CR00007,UI/UX Design,Design,0.0,0.0,0.0,0.0
2025-11-14,CR00033,Cybersecurity Fundamentals,Cybersecurity,1.0,0.0,0.0,0.0
2025-11-14,CR00020,Email Marketing,Marketing,0.0,0.0,0.0,0.0
2025-11-14,CR00022,Data Visualization,Data Science,0.0,7.248176873481668,0.0,7.248176873481668
2025-11-14,CR00013,Finance for Startups,Business,1.0,0.0,0.0,0.0
2025-11-14,CR00052,JavaScript Mastery,Web Development,0.0,0.5833305996277574,0.0,0.5833305996277574
2025-11-14,CR00059,Affiliate Marketing,Digital Marketing,1.0,0.0,0.0,0.0
2025-11-14,CR00006,Graphic Design Basics,Design,3.0,111.55271065208203,829.11,111.55271065208203
2025-11-14,CR00044,Personal Finance,Finance,0.0,59.779467134440665,0.0,59.779467134440665
2025-11-14,CR00002,Java Programming,Programming,0.0,0.0,0.0,0.0
2025-11-14,CR00015,Leadership Essentials,Business,2.0,114.92899798796509,570.1,114.92899798796509
2025-11-14,CR00035,Cyber Threat Intelligence,Cybersecurity,0.0,0.0,0.0,0.0
2025-11-14,CR00025,Statistical Analysis,Data Science,0.0,157.85786811666287,0.0,157.85786811666287
2025-11-14,CR00045,Financial Modeling,Finance,1.0,0.0,0.0,0.0
2025-11-14,CR00004,Advanced Python,Programming,1.0,0.0,0.0,0.0
2025-11-14,CR00005,Full Stack Development,Programming,0.0,0.0,0.0,0.0
2025-11-14,CR00043,Corporate Finance,Finance,2.0,4.429044979887578,0.0,4.429044979887578
2025-11-14,CR00041,Financial Accounting,Finance,1.0,20.8159027049471,53.86,20.8159027049471
2025-11-14,CR00038,Risk Management,Project Management,1.0,163.57883338640147,342.61,163.57883338640147
2025-11-14,CR00036,Agile Project Management,Project Management,1.0,4.72573077686291,0.0,4.72573077686291
2025-11-14,CR00050,Computer Vision,Artificial Intelligence,1.0,203.44562365052624,490.9,203.44562365052624
2025-11-14,CR00032,Ethical Hacking,Cybersecurity,0.0,0.0,0.0,0.0
2025-11-14,CR00027,Neural Networks,Machine Learning,0.0,0.0,0.0,0.0
2025-11-14,CR00012,Business Strategy,Business,0.0,261.53258896628756,0.0,261.53258896628756
2025-11-14,CR00010,3D Modeling,Design,0.0,0.0,0.0,0.0
2025-11-14,CR00034,Data Encryption,Cybersecurity,1.0,186.23616681050248,394.26,186.23616681050248
2025-11-14,CR00047,Natural Language Processing,Artificial Intelligence,0.0,37.002403469881514,0.0,37.002403469881514
2025-11-14,CR00018,Social Media Marketing,Marketing,0.0,0.0,0.0,0.0
2025-11-14,CR00046,AI for Beginners,Artificial Intelligence,1.0,101.99411575307886,248.1,101.99411575307886
2025-11-14,CR00028,Deep Learning,Machine Learning,0.0,1.0384059811169806,0.0,1.0384059811169806
2025-11-14,CR00057,SEO for E-commerce,Digital Marketing,0.0,74.20293969894243,0.0,74.20293969894243
2025-11-14,CR00060,Content Creation,Digital Marketing,0.0,0.0,0.0,0.0
2025-11-14,CR00011,Entrepreneurship 101,Business,0.0,131.36557720498593,0.0,131.36557720498593
2025-11-14,CR00055,Full-Stack Web Development,Web Development,0.0,23.873219281744586,0.0,23.873219281744586
2025-11-14,CR00053,React for Beginners,Web Development,0.0,0.0,0.0,0.0
2025-11-14,CR00039,Project Planning,Project Management,0.0,137.70960019036917,0.0,137.70960019036917
2025-11-14,CR00030,Reinforcement Learning,Machine Learning,0.0,0.0,0.0,0.0
2025-11-14,CR00023,Machine Learning Fundamentals,Data Science,1.0,1.5478450086788058,0.0,1.5478450086788058
2025-11-14,CR00058,Social Media Strategy,Digital Marketing,1.0,0.0,0.0,0.0
2025-11-14,CR00026,Intro to Machine Learning,Machine Learning,0.0,0.0,0.0,0.0
2025-11-14,CR00037,Scrum Essentials,Project Management,2.0,0.0,0.0,0.0
2025-11-14,CR00014,Sales Mastery,Business,1.0,0.0,0.0,0.0
2025-11-14,CR00054,Backend Development with Node.js,Web Development,2.0,2.072741950467517,0.0,2.072741950467517
2025-11-14,CR00024,Big Data Analytics,Data Science,0.0,77.4349679758223,0.0,77.4349679758223
2025-11-14,CR00019,Content Marketing,Marketing,0.0,0.0,0.0,0.0
2025-11-14,CR00003,C++ for Beginners,Programming,2.0,0.0,0.0,0.0
2025-11-14,CR00008,Photoshop Mastery,Design,1.0,0.0,0.0,0.0
2025-11-14,CR00021,Data Analysis with Python,Data Science,1.0,0.0,0.0,0.0
2025-11-14,CR00042,Investment Strategies,Finance,0.0,0.0,0.0,0.0
2025-11-14,CR00056,Google Ads Mastery,Digital Marketing,0.0,97.1611298816942,0.0,97.1611298816942
2025-11-14,CR00001,Python Basics,Programming,1.0,234.2209119633909,472.28,234.2209119633909
2025-11-14,CR00017,SEO Mastery,Marketing,1.0,2.9619932263916198,0.0,2.9619932263916198
2025-11-14,CR00049,Deep Learning,Artificial Intelligence,0.0,207.8135105138004,0.0,207.8135105138004
2025-11-14,CR00009,Web Design Fundamentals,Design,0.0,2.4238025708805893,0.0,2.4238025708805893
2025-11-14,CR00031,Network Security,Cybersecurity,2.0,0.0,0.0,0.0
2025-11-14,CR00051,HTML & CSS,Web Development,0.0,13.938139152708565,0.0,13.938139152708565
2025-11-14,CR00048,AI Ethics,Artificial Intelligence,1.0,0.0,0.0,0.0
2025-11-14,CR00040,Leadership in Projects,Project Management,1.0,130.69290029023563,327.99,130.69290029023563
2025-11-15,CR00054,Backend Development with Node.js,Web Development,0.0,2.2094551465466097,0.0,2.2094551465466097
2025-11-15,CR00015,Leadership Essentials,Business,0.0,129.60658301722128,0.0,129.60658301722128
2025-11-15,CR00049,Deep Learning,Artificial Intelligence,0.0,221.85631123480493,0.0,221.85631123480493
2025-11-15,CR00014,Sales Mastery,Business,0.0,0.0,0.0,0.0
2025-11-15,CR00057,SEO for E-commerce,Digital Marketing,0.0,72.26164010515882,0.0,72.26164010515882
2025-11-15,CR00036,Agile Project Management,Project Management,0.0,5.206665681884445,0.0,5.206665681884445
2025-11-15,CR00034,Data Encryption,Cybersecurity,1.0,191.65717478865693,394.26,191.65717478865693
2025-11-15,CR00035,Cyber Threat Intelligence,Cybersecurity,1.0,0.0,0.0,0.0
2025-11-15,CR00056,Google Ads Mastery,Digital Marketing,0.0,110.37325044904676,0.0,110.37325044904676
2025-11-15,CR00009,Web Design Fundamentals,Design,0.0,2.4822097665666334,0.0,2.4822097665666334
2025-11-15,CR00031,Network Security,Cybersecurity,2.0,0.0,0.0,0.0
2025-11-15,CR00041,Financial Accounting,Finance,0.0,20.103444786069396,0.0,20.103444786069396
2025-11-15,CR00048,AI Ethics,Artificial Intelligence,0.0,0.0,0.0,0.0
2025-11-15,CR00051,HTML & CSS,Web Development,0.0,16.138643072672984,0.0,16.138643072672984
2025-11-15,CR00026,Intro to Machine Learning,Machine Learning,0.0,0.0,0.0,0.0
2025-11-15,CR00001,Python Basics,Programming,1.0,219.53542791433648,472.28,219.53542791433648
2025-11-15,CR00023,Machine Learning Fundamentals,Data Science,1.0,1.6473464311027186,0.0,1.6473464311027186
2025-11-15,CR00050,Computer Vision,Artificial Intelligence,0.0,198.48261559562897,0.0,198.48261559562897
2025-11-15,CR00010,3D Modeling,Design,2.0,0.0,0.0,0.0
2025-11-15,CR00032,Ethical Hacking,Cybersecurity,3.0,0.0,0.0,0.0
2025-11-15,CR00018,Social Media Marketing,Marketing,3.0,0.0,0.0,0.0
2025-11-15,CR00040,Leadership in Projects,Project Management,1.0,160.87219345020418,327.99,160.87219345020418
2025-11-15,CR00028,Deep Learning,Machine Learning,0.0,1.3331591347432479,0.0,1.3331591347432479
2025-11-15,CR00058,Social Media Strategy,Digital Marketing,2.0,0.0,0.0,0.0
2025-11-15,CR00005,Full Stack Development,Programming,0.0,0.0,0.0,0.0
2025-11-15,CR00042,Investment Strategies,Finance,0.0,0.0,0.0,0.0
2025-11-15,CR00021,Data Analysis with Python,Data Science,0.0,0.0,0.0,0.0
2025-11-15,CR00029,Natural Language Processing,Machine Learning,0.0,0.0,0.0,0.0
2025-11-15,CR00045,Financial Modeling,Finance,2.0,0.0,0.0,0.0
2025-11-15,CR00060,Content Creation,Digital Marketing,0.0,0.0,0.0,0.0
2025-11-15,CR00059,Affiliate Marketing,Digital Marketing,1.0,0.0,0.0,0.0
2025-11-15,CR00006,Graphic Design Basics,Design,1.0,120.15853825070445,276.37,120.15853825070445
2025-11-15,CR00002,Java Programming,Programming,0.0,0.0,0.0,0.0
2025-11-15,CR00025,Statistical Analysis,Data Science,0.0,163.72027111256108,0.0,163.72027111256108
2025-11-15,CR00020,Email Marketing,Marketing,1.0,0.0,0.0,0.0
2025-11-15,CR00044,Personal Finance,Finance,1.0,53.83163463978843,119.04,53.83163463978843
2025-11-15,CR00007,UI/UX Design,Design,1.0,0.0,0.0,0.0
2025-11-15,CR00030,Reinforcement Learning,Machine Learning,0.0,0.0,0.0,0.0
2025-11-15,CR00043,Corporate Finance,Finance,1.0,3.2487963309454955,0.0,3.2487963309454955
2025-11-15,CR00024,Big Data Analytics,Data Science,0.0,66.3398989505814,0.0,66.3398989505814
2025-11-15,CR00019,Content Marketing,Marketing,0.0,0.0,0.0,0.0
2025-11-15,CR00008,Photoshop Mastery,Design,0.0,0.0,0.0,0.0
2025-11-15,CR00053,React for Beginners,Web Development,0.0,0.0,0.0,0.0
2025-11-15,CR00011,Entrepreneurship 101,Business,1.0,123.04197649392137,326.02,123.04197649392137
2025-11-15,CR00047,Natural Language Processing,Artificial Intelligence,1.0,31.483853745456546,89.59,31.483853745456546
2025-11-15,CR00027,Neural Networks,Machine Learning,1.0,0.0,0.0,0.0
2025-11-15,CR00039,Project Planning,Project Management,1.0,153.43938253696146,346.71,153.43938253696146
2025-11-15,CR00017,SEO Mastery,Marketing,1.0,2.872233093054888,0.0,2.872233093054888
2025-11-15,CR00037,Scrum Essentials,Project Management,1.0,0.0,0.0,0.0
2025-11-15,CR00033,Cybersecurity Fundamentals,Cybersecurity,1.0,0.0,0.0,0.0
2025-11-15,CR00013,Finance for Startups,Business,0.0,0.0,0.0,0.0
2025-11-15,CR00012,Business Strategy,Business,0.0,221.27248623244526,0.0,221.27248623244526
2025-11-15,CR00038,Risk Management,Project Management,0.0,149.8041243465504,0.0,149.8041243465504
2025-11-15,CR00004,Advanced Python,Programming,0.0,0.0,0.0,0.0
2025-11-15,CR00052,JavaScript Mastery,Web Development,0.0,0.7564002925978457,0.0,0.7564002925978457
2025-11-15,CR00003,C++ for Beginners,Programming,0.0,0.0,0.0,0.0
2025-11-15,CR00016,Digital Marketing,Marketing,2.0,0.0,0.0,0.0
2025-11-15,CR00022,Data Visualization,Data Science,0.0,4.332506443755605,0.0,4.332506443755605
2025-11-15,CR00046,AI for Beginners,Artificial Intelligence,0.0,117.90278918724691,0.0,117.90278918724691
2025-11-15,CR00055,Full-Stack Web Development,Web Development,1.0,25.731200152658403,57.32,25.731200152658403
2025-11-16,CR00003,C++ for Beginners,Programming,3.0,0.0,0.0,0.0
2025-11-16,CR00042,Investment Strategies,Finance,0.0,0.0,0.0,0.0
2025-11-16,CR00021,Data Analysis with Python,Data Science,0.0,0.0,0.0,0.0
2025-11-16,CR00037,Scrum Essentials,Project Management,1.0,0.0,0.0,0.0
2025-11-16,CR00008,Photoshop Mastery,Design,0.0,0.0,0.0,0.0
2025-11-16,CR00016,Digital Marketing,Marketing,1.0,0.0,0.0,0.0
2025-11-16,CR00045,Financial Modeling,Finance,1.0,0.0,0.0,0.0
2025-11-16,CR00019,Content Marketing,Marketing,1.0,0.0,0.0,0.0
2025-11-16,CR00033,Cybersecurity Fundamentals,Cybersecurity,0.0,0.0,0.0,0.0
2025-11-16,CR00024,Big Data Analytics,Data Science,0.0,60.195689599088496,0.0,60.195689599088496
2025-11-16,CR00029,Natural Language Processing,Machine Learning,0.0,0.5448306503947293,0.0,0.5448306503947293
2025-11-16,CR00043,Corporate Finance,Finance,1.0,1.4841686450952096,0.0,1.4841686450952096
2025-11-16,CR00030,Reinforcement Learning,Machine Learning,0.0,0.0,0.0,0.0
2025-11-16,CR00006,Graphic Design Basics,Design,0.0,112.70725477037803,0.0,112.70725477037803
2025-11-16,CR00007,UI/UX Design,Design,0.0,0.0,0.0,0.0
2025-11-16,CR00002,Java Programming,Programming,0.0,0.0,0.0,0.0
2025-11-16,CR00060,Content Creation,Digital Marketing,1.0,0.0,0.0,0.0
2025-11-16,CR00059,Affiliate Marketing,Digital Marketing,0.0,0.0,0.0,0.0
2025-11-16,CR00014,Sales Mastery,Business,0.0,0.0,0.0,0.0
2025-11-16,CR00022,Data Visualization,Data Science,1.0,6.432717144007199,0.0,6.432717144007199
2025-11-16,CR00052,JavaScript Mastery,Web Development,0.0,0.0,0.0,0.0
2025-11-16,CR00054,Backend Development with Node.js,Web Development,0.0,0.0,0.0,0.0
2025-11-16,CR00015,Leadership Essentials,Business,1.0,123.2058480646712,285.05,123.2058480646712
2025-11-16,CR00044,Personal Finance,Finance,0.0,46.79559338216124,0.0,46.79559338216124
2025-11-16,CR00004,Advanced Python,Programming,0.0,0.0,0.0,0.0
2025-11-16,CR00020,Email Marketing,Marketing,0.0,0.0,0.0,0.0
2025-11-16,CR00025,Statistical Analysis,Data Science,0.0,149.4695538105961,0.0,149.4695538105961
2025-11-16,CR00035,Cyber Threat Intelligence,Cybersecurity,1.0,0.0,0.0,0.0
2025-11-16,CR00047,Natural Language Processing,Artificial Intelligence,0.0,31.49001043644351,0.0,31.49001043644351
2025-11-16,CR00013,Finance for Startups,Business,2.0,0.0,0.0,0.0
2025-11-16,CR00039,Project Planning,Project Management,0.0,159.71922381258958,0.0,159.71922381258958
2025-11-16,CR00005,Full Stack Development,Programming,0.0,0.0,0.0,0.0
2025-11-16,CR00009,Web Design Fundamentals,Design,1.0,0.41472857433780774,0.0,0.41472857433780774
2025-11-16,CR00050,Computer Vision,Artificial Intelligence,1.0,208.34043833667135,490.9,208.34043833667135
2025-11-16,CR00036,Agile Project Management,Project Management,0.0,4.2387189175860485,0.0,4.2387189175860485
2025-11-16,CR00055,Full-Stack Web Development,Web Development,1.0,23.947277896996912,57.32,23.947277896996912
2025-11-16,CR00010,3D Modeling,Design,1.0,0.0,0.0,0.0
2025-11-16,CR00034,Data Encryption,Cybersecurity,0.0,210.5237396721483,0.0,210.5237396721483
2025-11-16,CR00038,Risk Management,Project Management,0.0,161.9466658200816,0.0,161.9466658200816
2025-11-16,CR00058,Social Media Strategy,Digital Marketing,0.0,0.0,0.0,0.0
2025-11-16,CR00032,Ethical Hacking,Cybersecurity,1.0,0.0,0.0,0.0
2025-11-16,CR00046,AI for Beginners,Artificial Intelligence,0.0,132.8946781068513,0.0,132.8946781068513
2025-11-16,CR00040,Leadership in Projects,Project Management,1.0,188.52371205724472,327.99,188.52371205724472
2025-11-16,CR00028,Deep Learning,Machine Learning,0.0,0.0,0.0,0.0
2025-11-16,CR00053,React for Beginners,Web Development,0.0,0.0,0.0,0.0
2025-11-16,CR00057,SEO for E-commerce,Digital Marketing,1.0,74.84519940127905,177.34,74.84519940127905
2025-11-16,CR00011,Entrepreneurship 101,Business,0.0,145.51186150263067,0.0,145.51186150263067
2025-11-16,CR00018,Social Media Marketing,Marketing,0.0,0.0,0.0,0.0
2025-11-16,CR00001,Python Basics,Programming,0.0,191.34362576880926,0.0,191.34362576880926
2025-11-16,CR00023,Machine Learning Fundamentals,Data Science,0.0,1.4533378896894078,0.0,1.4533378896894078
2025-11-16,CR00048,AI Ethics,Artificial Intelligence,0.0,0.0,0.0,0.0
2025-11-16,CR00031,Network Security,Cybersecurity,0.0,0.0,0.0,0.0
2025-11-16,CR00012,Business Strategy,Business,1.0,214.03790223680585,487.92,214.03790223680585
2025-11-16,CR00026,Intro to Machine Learning,Machine Learning,1.0,0.0,0.0,0.0
2025-11-16,CR00056,Google Ads Mastery,Digital Marketing,0.0,89.69901315126432,0.0,89.69901315126432
2025-11-16,CR00027,Neural Networks,Machine Learning,2.0,0.0,0.0,0.0
2025-11-16,CR00017,SEO Mastery,Marketing,0.0,1.6415831170156139,0.0,1.6415831170156139
2025-11-16,CR00051,HTML & CSS,Web Development,0.0,15.453085778537826,0.0,15.453085778537826
2025-11-16,CR00049,Deep Learning,Artificial Intelligence,0.0,212.49125551828823,0.0,212.49125551828823
2025-11-16,CR00041,Financial Accounting,Finance,2.0,18.06630061260843,107.72,18.06630061260843
2025-11-17,CR00028,Deep Learning,Machine Learning,1.0,0.0,0.78,0.0
2025-11-17,CR00056,Google Ads Mastery,Digital Marketing,0.0,85.88599445483587,0.0,85.88599445483587
2025-11-17,CR00048,AI Ethics,Artificial Intelligence,0.0,0.0,0.0,0.0
2025-11-17,CR00053,React for Beginners,Web Development,1.0,0.0,0.0,0.0
2025-11-17,CR00021,Data Analysis with Python,Data Science,0.0,0.0,0.0,0.0
2025-11-17,CR00031,Network Security,Cybersecurity,1.0,0.0,0.0,0.0
2025-11-17,CR00049,Deep Learning,Artificial Intelligence,1.0,201.337424537738,415.51,201.337424537738
2025-11-17,CR00016,Digital Marketing,Marketing,1.0,0.0,0.0,0.0
2025-11-17,CR00032,Ethical Hacking,Cybersecurity,0.0,0.0,0.0,0.0
2025-11-17,CR00047,Natural Language Processing,Artificial Intelligence,0.0,33.87992871628553,0.0,33.87992871628553
2025-11-17,CR00020,Email Marketing,Marketing,1.0,0.0,0.0,0.0
2025-11-17,CR00019,Content Marketing,Marketing,1.0,0.0,0.0,0.0
2025-11-17,CR00034,Data Encryption,Cybersecurity,0.0,205.9362830280461,0.0,205.9362830280461
2025-11-17,CR00015,Leadership Essentials,Business,0.0,135.43672145575835,0.0,135.43672145575835
2025-11-17,CR00054,Backend Development with Node.js,Web Development,0.0,0.0,0.0,0.0
2025-11-17,CR00033,Cybersecurity Fundamentals,Cybersecurity,1.0,0.0,0.0,0.0
2025-11-17,CR00017,SEO Mastery,Marketing,0.0,0.0,0.0,0.0
2025-11-17,CR00030,Reinforcement Learning,Machine Learning,0.0,0.0,0.0,0.0
2025-11-17,CR00002,Java Programming,Programming,0.0,0.0,0.0,0.0
2025-11-17,CR00018,Social Media Marketing,Marketing,0.0,0.0,0.0,0.0
2025-11-17,CR00003,C++ for Beginners,Programming,2.0,0.0,0.0,0.0
2025-11-17,CR00029,Natural Language Processing,Machine Learning,0.0,0.0,0.0,0.0
2025-11-17,CR00035,Cyber Threat Intelligence,Cybersecurity,0.0,0.0,0.0,0.0
2025-11-17,CR00041,Financial Accounting,Finance,1.0,16.717355253908522,53.86,16.717355253908522
2025-11-17,CR00036,Agile Project Management,Project Management,0.0,2.268253541537959,0.0,2.268253541537959
2025-11-17,CR00051,HTML & CSS,Web Development,1.0,15.0766152670748,37.89,15.0766152670748
2025-11-17,CR00026,Intro to Machine Learning,Machine Learning,1.0,0.0,0.0,0.0
2025-11-17,CR00004,Advanced Python,Programming,0.0,0.0,0.0,0.0
2025-11-17,CR00001,Python Basics,Programming,1.0,209.6865148874358,472.28,209.6865148874358
2025-11-17,CR00058,Social Media Strategy,Digital Marketing,3.0,0.0,0.0,0.0
2025-11-17,CR00050,Computer Vision,Artificial Intelligence,0.0,201.13101000963212,0.0,201.13101000963212
2025-11-17,CR00040,Leadership in Projects,Project Management,0.0,150.9984013530987,0.0,150.9984013530987
2025-11-17,CR00010,3D Modeling,Design,0.0,0.0,0.0,0.0
2025-11-17,CR00009,Web Design Fundamentals,Design,0.0,0.4371360762361576,0.0,0.4371360762361576
2025-11-17,CR00057,SEO for E-commerce,Digital Marketing,0.0,73.5878568318114,0.0,73.5878568318114
2025-11-17,CR00011,Entrepreneurship 101,Business,0.0,114.20992529979644,0.0,114.20992529979644
2025-11-17,CR00046,AI for Beginners,Artificial Intelligence,1.0,118.85328446302097,248.1,118.85328446302097
2025-11-17,CR00038,Risk Management,Project Management,1.0,149.16250074120384,342.61,149.16250074120384
2025-11-17,CR00012,Business Strategy,Business,3.0,213.73854160373267,1463.76,213.73854160373267
2025-11-17,CR00014,Sales Mastery,Business,2.0,0.0,0.0,0.0
2025-11-17,CR00023,Machine Learning Fundamentals,Data Science,0.0,0.0,0.0,0.0
2025-11-17,CR00027,Neural Networks,Machine Learning,0.0,0.0,0.0,0.0
2025-11-17,CR00055,Full-Stack Web Development,Web Development,0.0,22.64015673484161,0.0,22.64015673484161
2025-11-17,CR00037,Scrum Essentials,Project Management,0.0,0.0,0.0,0.0
2025-11-17,CR00013,Finance for Startups,Business,0.0,0.0,0.0,0.0
2025-11-17,CR00039,Project Planning,Project Management,0.0,148.87742815338993,0.0,148.87742815338993
2025-11-17,CR00042,Investment Strategies,Finance,1.0,0.0,0.0,0.0
2025-11-17,CR00052,JavaScript Mastery,Web Development,2.0,0.0,0.0,0.0
2025-11-17,CR00060,Content Creation,Digital Marketing,0.0,0.0,0.0,0.0
2025-11-17,CR00025,Statistical Analysis,Data Science,1.0,154.89007503237212,299.57,154.89007503237212
2025-11-17,CR00006,Graphic Design Basics,Design,0.0,113.0774333786459,0.0,113.0774333786459
2025-11-17,CR00024,Big Data Analytics,Data Science,0.0,56.47091917840747,0.0,56.47091917840747
2025-11-17,CR00022,Data Visualization,Data Science,0.0,5.7340516126697025,0.0,5.7340516126697025
2025-11-17,CR00044,Personal Finance,Finance,1.0,43.818311659617265,119.04,43.818311659617265
2025-11-17,CR00045,Financial Modeling,Finance,0.0,0.0,0.0,0.0
2025-11-17,CR00059,Affiliate Marketing,Digital Marketing,0.0,0.0,0.0,0.0
2025-11-17,CR00008,Photoshop Mastery,Design,1.0,0.0,0.0,0.0
2025-11-17,CR00005,Full Stack Development,Programming,0.0,0.0,0.0,0.0
2025-11-17,CR00007,UI/UX Design,Design,0.0,0.0,0.0,0.0
2025-11-17,CR00043,Corporate Finance,Finance,0.0,0.0,0.0,0.0
2025-11-18,CR00038,Risk Management,Project Management,0.0,158.0936155063672,0.0,158.0936155063672
2025-11-18,CR00012,Business Strategy,Business,0.0,212.92959278335712,0.0,212.92959278335712
2025-11-18,CR00046,AI for Beginners,Artificial Intelligence,0.0,118.9418429004055,0.0,118.9418429004055
2025-11-18,CR00044,Personal Finance,Finance,1.0,44.76197837375015,119.04,44.76197837375015
2025-11-18,CR00020,Email Marketing,Marketing,1.0,0.0,0.0,0.0
2025-11-18,CR00032,Ethical Hacking,Cybersecurity,0.0,0.0,0.0,0.0
2025-11-18,CR00008,Photoshop Mastery,Design,0.0,0.0,0.0,0.0
2025-11-18,CR00006,Graphic Design Basics,Design,1.0,100.8454281223452,276.37,100.8454281223452
2025-11-18,CR00011,Entrepreneurship 101,Business,0.0,109.78257902973098,0.0,109.78257902973098
2025-11-18,CR00027,Neural Networks,Machine Learning,1.0,0.0,0.0,0.0
2025-11-18,CR00055,Full-Stack Web Development,Web Development,1.0,27.51478944698836,57.32,27.51478944698836
2025-11-18,CR00037,Scrum Essentials,Project Management,1.0,0.0,0.0,0.0
2025-11-18,CR00004,Advanced Python,Programming,0.0,0.0,0.0,0.0
2025-11-18,CR00033,Cybersecurity Fundamentals,Cybersecurity,0.0,0.0,0.0,0.0
2025-11-18,CR00045,Financial Modeling,Finance,0.0,0.0,0.0,0.0
2025-11-18,CR00013,Finance for Startups,Business,0.0,0.0,0.0,0.0
2025-11-18,CR00029,Natural Language Processing,Machine Learning,0.0,0.0,0.0,0.0
2025-11-18,CR00003,C++ for Beginners,Programming,1.0,0.0,0.0,0.0
2025-11-18,CR00017,SEO Mastery,Marketing,0.0,2.6044758636584078,0.0,2.6044758636584078
2025-11-18,CR00059,Affiliate Marketing,Digital Marketing,0.0,0.0,0.0,0.0
2025-11-18,CR00028,Deep Learning,Machine Learning,1.0,1.900151414982716,0.78,1.900151414982716
2025-11-18,CR00039,Project Planning,Project Management,0.0,144.0088686223229,0.0,144.0088686223229
2025-11-18,CR00042,Investment Strategies,Finance,0.0,0.19885652648375185,0.0,0.19885652648375185
2025-11-18,CR00060,Content Creation,Digital Marketing,2.0,0.0,0.0,0.0
2025-11-18,CR00005,Full Stack Development,Programming,1.0,0.0,0.0,0.0
2025-11-18,CR00009,Web Design Fundamentals,Design,0.0,2.0093522449254166,0.0,2.0093522449254166
2025-11-18,CR00041,Financial Accounting,Finance,0.0,18.374266147817302,0.0,18.374266147817302
2025-11-18,CR00031,Network Security,Cybersecurity,0.0,0.0,0.0,0.0
2025-11-18,CR00019,Content Marketing,Marketing,0.0,0.7761039571837927,0.0,0.7761039571837927
2025-11-18,CR00021,Data Analysis with Python,Data Science,1.0,0.0,0.0,0.0
2025-11-18,CR00048,AI Ethics,Artificial Intelligence,1.0,0.0,0.0,0.0
2025-11-18,CR00051,HTML & CSS,Web Development,0.0,17.459976609893694,0.0,17.459976609893694
2025-11-18,CR00025,Statistical Analysis,Data Science,0.0,142.98562981797852,0.0,142.98562981797852
2025-11-18,CR00024,Big Data Analytics,Data Science,1.0,53.69649969775577,117.68,53.69649969775577
2025-11-18,CR00001,Python Basics,Programming,0.0,206.17004608539432,0.0,206.17004608539432
2025-11-18,CR00058,Social Media Strategy,Digital Marketing,2.0,0.0,0.0,0.0
2025-11-18,CR00043,Corporate Finance,Finance,1.0,1.9249750675891377,0.0,1.9249750675891377
2025-11-18,CR00050,Computer Vision,Artificial Intelligence,1.0,210.26235807661067,490.9,210.26235807661067
2025-11-18,CR00030,Reinforcement Learning,Machine Learning,2.0,0.0,0.0,0.0
2025-11-18,CR00018,Social Media Marketing,Marketing,0.0,0.0,0.0,0.0
2025-11-18,CR00007,UI/UX Design,Design,0.0,0.0,0.0,0.0
2025-11-18,CR00010,3D Modeling,Design,1.0,0.0,0.0,0.0
2025-11-18,CR00002,Java Programming,Programming,0.0,0.0,0.0,0.0
2025-11-18,CR00053,React for Beginners,Web Development,1.0,0.0,0.0,0.0
2025-11-18,CR00056,Google Ads Mastery,Digital Marketing,0.0,83.17255471742047,0.0,83.17255471742047
2025-11-18,CR00026,Intro to Machine Learning,Machine Learning,0.0,0.0,0.0,0.0
2025-11-18,CR00040,Leadership in Projects,Project Management,2.0,152.48374839636412,655.98,152.48374839636412
2025-11-18,CR00035,Cyber Threat Intelligence,Cybersecurity,0.0,0.0,0.0,0.0
2025-11-18,CR00052,JavaScript Mastery,Web Development,0.0,0.6938120711585327,0.0,0.6938120711585327
2025-11-18,CR00022,Data Visualization,Data Science,2.0,7.5493764180990155,0.0,7.5493764180990155
2025-11-18,CR00057,SEO for E-commerce,Digital Marketing,0.0,77.96137627085353,0.0,77.96137627085353
2025-11-18,CR00047,Natural Language Processing,Artificial Intelligence,1.0,34.27208130097934,89.59,34.27208130097934
2025-11-18,CR00016,Digital Marketing,Marketing,0.0,0.0,0.0,0.0
2025-11-18,CR00054,Backend Development with Node.js,Web Development,2.0,2.872228456170575,0.0,2.872228456170575
2025-11-18,CR00015,Leadership Essentials,Business,0.0,129.89360175431707,0.0,129.89360175431707
2025-11-18,CR00023,Machine Learning Fundamentals,Data Science,0.0,2.6182450463343727,0.0,2.6182450463343727
2025-11-18,CR00014,Sales Mastery,Business,0.0,0.0432043095954171,0.0,0.0432043095954171
2025-11-18,CR00036,Agile Project Management,Project Management,0.0,3.50612405137052,0.0,3.50612405137052
2025-11-18,CR00049,Deep Learning,Artificial Intelligence,0.0,230.0730439443047,0.0,230.0730439443047
2025-11-18,CR00034,Data Encryption,Cybersecurity,1.0,194.029697045454,394.26,194.029697045454
2025-11-19,CR00036,Agile Project Management,Project Management,0.0,8.366189047504236,0.0,8.366189047504236
2025-11-19,CR00058,Social Media Strategy,Digital Marketing,0.0,0.0,0.0,0.0
2025-11-19,CR00007,UI/UX Design,Design,0.0,0.0,0.0,0.0
2025-11-19,CR00046,AI for Beginners,Artificial Intelligence,0.0,127.00649016660128,0.0,127.00649016660128
2025-11-19,CR00012,Business Strategy,Business,0.0,218.91123118937895,0.0,218.91123118937895
2025-11-19,CR00034,Data Encryption,Cybersecurity,1.0,200.09008932714434,394.26,200.09008932714434
2025-11-19,CR00019,Content Marketing,Marketing,2.0,0.8776379139546009,0.0,0.8776379139546009
2025-11-19,CR00020,Email Marketing,Marketing,1.0,0.0,0.0,0.0
2025-11-19,CR00050,Computer Vision,Artificial Intelligence,0.0,201.76242680127427,0.0,201.76242680127427
2025-11-19,CR00023,Machine Learning Fundamentals,Data Science,1.0,4.270676957975375,0.0,4.270676957975375
2025-11-19,CR00044,Personal Finance,Finance,1.0,47.710343473172465,119.04,47.710343473172465
2025-11-19,CR00014,Sales Mastery,Business,0.0,0.0,0.0,0.0
2025-11-19,CR00001,Python Basics,Programming,0.0,260.50349612012053,0.0,260.50349612012053
2025-11-19,CR00060,Content Creation,Digital Marketing,0.0,0.0,0.0,0.0
2025-11-19,CR00053,React for Beginners,Web Development,1.0,0.0,0.0,0.0
2025-11-19,CR00057,SEO for E-commerce,Digital Marketing,0.0,85.2663989295572,0.0,85.2663989295572
2025-11-19,CR00010,3D Modeling,Design,1.0,0.0,0.0,0.0
2025-11-19,CR00002,Java Programming,Programming,0.0,0.0,0.0,0.0
2025-11-19,CR00039,Project Planning,Project Management,0.0,137.47310157440828,0.0,137.47310157440828
2025-11-19,CR00040,Leadership in Projects,Project Management,0.0,167.24061591871057,0.0,167.24061591871057
2025-11-19,CR00018,Social Media Marketing,Marketing,0.0,0.0,0.0,0.0
2025-11-19,CR00038,Risk Management,Project Management,1.0,161.52280496943138,342.61,161.52280496943138
2025-11-19,CR00015,Leadership Essentials,Business,2.0,142.80381734016416,570.1,142.80381734016416
2025-11-19,CR00030,Reinforcement Learning,Machine Learning,1.0,0.0,0.0,0.0
2025-11-19,CR00028,Deep Learning,Machine Learning,0.0,3.186975663948232,0.0,3.186975663948232
2025-11-19,CR00025,Statistical Analysis,Data Science,0.0,160.39844398064378,0.0,160.39844398064378
2025-11-19,CR00032,Ethical Hacking,Cybersecurity,2.0,0.0,0.0,0.0
2025-11-19,CR00043,Corporate Finance,Finance,0.0,3.8396157458630853,0.0,3.8396157458630853
2025-11-19,CR00024,Big Data Analytics,Data Science,0.0,54.01898378335737,0.0,54.01898378335737
2025-11-19,CR00059,Affiliate Marketing,Digital Marketing,0.0,0.0,0.0,0.0
2025-11-19,CR00011,Entrepreneurship 101,Business,0.0,103.75161031521854,0.0,103.75161031521854
2025-11-19,CR00056,Google Ads Mastery,Digital Marketing,0.0,85.38290567616912,0.0,85.38290567616912
2025-11-19,CR00017,SEO Mastery,Marketing,2.0,4.343404411253346,0.0,4.343404411253346
2025-11-19,CR00033,Cybersecurity Fundamentals,Cybersecurity,0.0,0.0,0.0,0.0
2025-11-19,CR00021,Data Analysis with Python,Data Science,0.0,0.8560061359241331,0.0,0.8560061359241331
2025-11-19,CR00013,Finance for Startups,Business,0.0,0.0,0.0,0.0
2025-11-19,CR00045,Financial Modeling,Finance,1.0,0.11020581913994931,0.0,0.11020581913994931
2025-11-19,CR00031,Network Security,Cybersecurity,0.0,0.0,0.0,0.0
2025-11-19,CR00008,Photoshop Mastery,Design,0.0,0.0,0.0,0.0
2025-11-19,CR00027,Neural Networks,Machine Learning,0.0,0.6247009747398025,0.0,0.6247009747398025
2025-11-19,CR00042,Investment Strategies,Finance,1.0,1.5026898309916845,0.0,1.5026898309916845
2025-11-19,CR00004,Advanced Python,Programming,0.0,0.7409396901323788,0.0,0.7409396901323788
2025-11-19,CR00048,AI Ethics,Artificial Intelligence,0.0,1.300152887124085,0.0,1.300152887124085
2025-11-19,CR00041,Financial Accounting,Finance,1.0,19.468697793156352,53.86,19.468697793156352
2025-11-19,CR00047,Natural Language Processing,Artificial Intelligence,0.0,34.804388792294155,0.0,34.804388792294155
2025-11-19,CR00016,Digital Marketing,Marketing,0.0,0.0,0.0,0.0
2025-11-19,CR00049,Deep Learning,Artificial Intelligence,0.0,203.11001852755658,0.0,203.11001852755658
2025-11-19,CR00051,HTML & CSS,Web Development,0.0,19.302139487393113,0.0,19.302139487393113
2025-11-19,CR00037,Scrum Essentials,Project Management,1.0,0.0,0.0,0.0
2025-11-19,CR00006,Graphic Design Basics,Design,0.0,133.8369438107082,0.0,133.8369438107082
2025-11-19,CR00022,Data Visualization,Data Science,0.0,8.943996266459905,0.0,8.943996266459905
2025-11-19,CR00026,Intro to Machine Learning,Machine Learning,0.0,0.0,0.0,0.0
2025-11-19,CR00003,C++ for Beginners,Programming,0.0,1.5763848561721474,0.0,1.5763848561721474
2025-11-19,CR00052,JavaScript Mastery,Web Development,1.0,2.180477729701572,0.0,2.180477729701572
2025-11-19,CR00054,Backend Development with Node.js,Web Development,1.0,4.384683674349688,0.0,4.384683674349688
2025-11-19,CR00009,Web Design Fundamentals,Design,0.0,3.829672675155976,0.0,3.829672675155976
2025-11-19,CR00005,Full Stack Development,Programming,0.0,0.0,0.0,0.0
2025-11-19,CR00035,Cyber Threat Intelligence,Cybersecurity,0.0,1.3734562520519518,0.0,1.3734562520519518
2025-11-19,CR00055,Full-Stack Web Development,Web Development,0.0,26.739650618107564,0.0,26.739650618107564
2025-11-19,CR00029,Natural Language Processing,Machine Learning,0.0,2.5297152662203786,0.0,2.5297152662203786
2025-11-20,CR00060,Content Creation,Digital Marketing,0.0,0.0,0.0,0.0
2025-11-20,CR00042,Investment Strategies,Finance,1.0,2.1737011257842553,0.0,2.1737011257842553
2025-11-20,CR00041,Financial Accounting,Finance,1.0,22.009482500627406,53.86,22.009482500627406
2025-11-20,CR00018,Social Media Marketing,Marketing,1.0,0.0,0.0,0.0
2025-11-20,CR00010,3D Modeling,Design,0.0,0.0,0.0,0.0
2025-11-20,CR00023,Machine Learning Fundamentals,Data Science,0.0,3.4402025818329918,0.0,3.4402025818329918
2025-11-20,CR00054,Backend Development with Node.js,Web Development,0.0,1.8538330587426657,0.0,1.8538330587426657
2025-11-20,CR00022,Data Visualization,Data Science,0.0,8.278534596022723,0.0,8.278534596022723
2025-11-20,CR00043,Corporate Finance,Finance,1.0,4.455469004104614,0.0,4.455469004104614
2025-11-20,CR00031,Network Security,Cybersecurity,0.0,0.0,0.0,0.0
2025-11-20,CR00034,Data Encryption,Cybersecurity,0.0,196.0683210880508,0.0,196.0683210880508
2025-11-20,CR00030,Reinforcement Learning,Machine Learning,1.0,0.0,0.0,0.0
2025-11-20,CR00026,Intro to Machine Learning,Machine Learning,0.0,0.0,0.0,0.0
2025-11-20,CR00056,Google Ads Mastery,Digital Marketing,0.0,79.5433310900649,0.0,79.5433310900649
2025-11-20,CR00005,Full Stack Development,Programming,1.0,0.0,0.0,0.0
2025-11-20,CR00007,UI/UX Design,Design,0.0,0.0,0.0,0.0
2025-11-20,CR00009,Web Design Fundamentals,Design,0.0,3.9585156245766413,0.0,3.9585156245766413
2025-11-20,CR00019,Content Marketing,Marketing,0.0,2.3842581247010983,0.0,2.3842581247010983
2025-11-20,CR00047,Natural Language Processing,Artificial Intelligence,0.0,37.17290578943485,0.0,37.17290578943485
2025-11-20,CR00051,HTML & CSS,Web Development,0.0,18.25341997437,0.0,18.25341997437
2025-11-20,CR00058,Social Media Strategy,Digital Marketing,1.0,0.0,0.0,0.0
2025-11-20,CR00050,Computer Vision,Artificial Intelligence,2.0,192.55704927593047,981.8,192.55704927593047
2025-11-20,CR00036,Agile Project Management,Project Management,2.0,8.248964092508245,0.0,8.248964092508245
2025-11-20,CR00049,Deep Learning,Artificial Intelligence,1.0,182.90084824489753,415.51,182.90084824489753
2025-11-20,CR00048,AI Ethics,Artificial Intelligence,0.0,0.7311973817168678,0.0,0.7311973817168678
2025-11-20,CR00001,Python Basics,Programming,0.0,199.3979859342622,0.0,199.3979859342622
2025-11-20,CR00024,Big Data Analytics,Data Science,0.0,68.8097106658912,0.0,68.8097106658912
2025-11-20,CR00021,Data Analysis with Python,Data Science,1.0,1.697971891925235,0.0,1.697971891925235
2025-11-20,CR00040,Leadership in Projects,Project Management,0.0,155.01415940605918,0.0,155.01415940605918
2025-11-20,CR00028,Deep Learning,Machine Learning,0.0,1.6091313787493107,0.0,1.6091313787493107
2025-11-20,CR00008,Photoshop Mastery,Design,0.0,0.0,0.0,0.0
2025-11-20,CR00013,Finance for Startups,Business,0.0,0.5513006050297662,0.0,0.5513006050297662
2025-11-20,CR00032,Ethical Hacking,Cybersecurity,0.0,0.0,0.0,0.0
2025-11-20,CR00004,Advanced Python,Programming,0.0,0.44227679146517573,0.0,0.44227679146517573
2025-11-20,CR00025,Statistical Analysis,Data Science,0.0,169.56537288724988,0.0,169.56537288724988
2025-11-20,CR00020,Email Marketing,Marketing,2.0,0.0,0.0,0.0
2025-11-20,CR00016,Digital Marketing,Marketing,0.0,0.0,0.0,0.0
2025-11-20,CR00037,Scrum Essentials,Project Management,0.0,0.0,0.0,0.0
2025-11-20,CR00055,Full-Stack Web Development,Web Development,0.0,24.2369138477532,0.0,24.2369138477532
2025-11-20,CR00014,Sales Mastery,Business,2.0,0.0,0.0,0.0
2025-11-20,CR00011,Entrepreneurship 101,Business,0.0,100.84350581849775,0.0,100.84350581849775
2025-11-20,CR00006,Graphic Design Basics,Design,1.0,122.68549127261542,276.37,122.68549127261542
2025-11-20,CR00038,Risk Management,Project Management,2.0,167.00567757969543,685.22,167.00567757969543
2025-11-20,CR00046,AI for Beginners,Artificial Intelligence,1.0,118.19573931338348,248.1,118.19573931338348
2025-11-20,CR00027,Neural Networks,Machine Learning,0.0,0.0,0.0,0.0
2025-11-20,CR00044,Personal Finance,Finance,0.0,45.69302959464806,0.0,45.69302959464806
2025-11-20,CR00012,Business Strategy,Business,0.0,211.1316191761302,0.0,211.1316191761302
2025-11-20,CR00015,Leadership Essentials,Business,0.0,128.69225550385408,0.0,128.69225550385408
2025-11-20,CR00035,Cyber Threat Intelligence,Cybersecurity,1.0,1.354131872449841,0.0,1.354131872449841
2025-11-20,CR00059,Affiliate Marketing,Digital Marketing,0.0,0.0,0.0,0.0
2025-11-20,CR00033,Cybersecurity Fundamentals,Cybersecurity,2.0,0.0,0.0,0.0
2025-11-20,CR00017,SEO Mastery,Marketing,0.0,4.324080031651235,0.0,4.324080031651235
2025-11-20,CR00003,C++ for Beginners,Programming,0.0,0.0,0.0,0.0
2025-11-20,CR00045,Financial Modeling,Finance,0.0,0.0,0.0,0.0
2025-11-20,CR00002,Java Programming,Programming,1.0,0.0,0.0,0.0
2025-11-20,CR00053,React for Beginners,Web Development,0.0,0.0,0.0,0.0
2025-11-20,CR00052,JavaScript Mastery,Web Development,0.0,1.57968917978355,0.0,1.57968917978355
2025-11-20,CR00057,SEO for E-commerce,Digital Marketing,2.0,90.8076369975075,354.68,90.8076369975075
2025-11-20,CR00029,Natural Language Processing,Machine Learning,0.0,1.1405638519478174,0.0,1.1405638519478174
2025-11-20,CR00039,Project Planning,Project Management,1.0,170.45481793144404,346.71,170.45481793144404
2025-11-21,CR00005,Full Stack Development,Programming,0.0,0.0,0.0,0.0
2025-11-21,CR00034,Data Encryption,Cybersecurity,0.0,194.93807160774517,0.0,194.93807160774517
2025-11-21,CR00027,Neural Networks,Machine Learning,1.0,0.0,0.0,0.0
2025-11-21,CR00033,Cybersecurity Fundamentals,Cybersecurity,0.0,0.0,0.0,0.0
2025-11-21,CR00026,Intro to Machine Learning,Machine Learning,1.0,0.0,0.0,0.0
2025-11-21,CR00044,Personal Finance,Finance,1.0,38.65886636408825,119.04,38.65886636408825
2025-11-21,CR00020,Email Marketing,Marketing,0.0,0.0,0.0,0.0
2025-11-21,CR00003,C++ for Beginners,Programming,0.0,0.0,0.0,0.0
2025-11-21,CR00056,Google Ads Mastery,Digital Marketing,1.0,88.26592688407368,212.39,88.26592688407368
2025-11-21,CR00022,Data Visualization,Data Science,0.0,6.955906795638057,0.0,6.955906795638057
2025-11-21,CR00041,Financial Accounting,Finance,1.0,17.14170302974221,53.86,17.14170302974221
2025-11-21,CR00009,Web Design Fundamentals,Design,0.0,2.1268634789025285,0.0,2.1268634789025285
2025-11-21,CR00013,Finance for Startups,Business,0.0,0.0,0.0,0.0
2025-11-21,CR00006,Graphic Design Basics,Design,0.0,125.97807510954256,0.0,125.97807510954256
2025-11-21,CR00021,Data Analysis with Python,Data Science,1.0,0.40029745606212686,0.0,0.40029745606212686
2025-11-21,CR00052,JavaScript Mastery,Web Development,0.0,0.44452453336565156,0.0,0.44452453336565156
2025-11-21,CR00051,HTML & CSS,Web Development,0.0,16.783055063897287,0.0,16.783055063897287
2025-11-21,CR00055,Full-Stack Web Development,Web Development,0.0,20.210152890905935,0.0,20.210152890905935
2025-11-21,CR00037,Scrum Essentials,Project Management,1.0,0.0,0.0,0.0
2025-11-21,CR00047,Natural Language Processing,Artificial Intelligence,1.0,37.76706271952098,89.59,37.76706271952098
2025-11-21,CR00031,Network Security,Cybersecurity,0.0,0.0,0.0,0.0
2025-11-21,CR00042,Investment Strategies,Finance,1.0,0.0,0.0,0.0
2025-11-21,CR00050,Computer Vision,Artificial Intelligence,2.0,195.58488834308628,981.8,195.58488834308628
2025-11-21,CR00004,Advanced Python,Programming,0.0,0.0,0.0,0.0
2025-11-21,CR00045,Financial Modeling,Finance,0.0,0.0,0.0,0.0
2025-11-21,CR00016,Digital Marketing,Marketing,1.0,0.0,0.0,0.0
2025-11-21,CR00048,AI Ethics,Artificial Intelligence,0.0,0.0,0.0,0.0
2025-11-21,CR00029,Natural Language Processing,Machine Learning,0.0,0.6503324707085483,0.0,0.6503324707085483
2025-11-21,CR00015,Leadership Essentials,Business,1.0,127.81765045955582,285.05,127.81765045955582
2025-11-21,CR00012,Business Strategy,Business,0.0,176.98901504877324,0.0,176.98901504877324
2025-11-21,CR00019,Content Marketing,Marketing,1.0,0.0,0.0,0.0
2025-11-21,CR00017,SEO Mastery,Marketing,0.0,2.0557677855774017,0.0,2.0557677855774017
2025-11-21,CR00028,Deep Learning,Machine Learning,0.0,1.109344868777697,0.0,1.109344868777697
2025-11-21,CR00025,Statistical Analysis,Data Science,0.0,161.9546200452708,0.0,161.9546200452708
2025-11-21,CR00011,Entrepreneurship 101,Business,1.0,91.2842130396103,326.02,91.2842130396103
2025-11-21,CR00018,Social Media Marketing,Marketing,0.0,0.0,0.0,0.0
2025-11-21,CR00060,Content Creation,Digital Marketing,1.0,0.0,0.0,0.0
2025-11-21,CR00057,SEO for E-commerce,Digital Marketing,1.0,86.20606884244103,177.34,86.20606884244103
2025-11-21,CR00040,Leadership in Projects,Project Management,1.0,136.38328264474765,327.99,136.38328264474765
2025-11-21,CR00049,Deep Learning,Artificial Intelligence,0.0,167.63666177296795,0.0,167.63666177296795
2025-11-21,CR00039,Project Planning,Project Management,0.0,138.56004178788382,0.0,138.56004178788382
2025-11-21,CR00001,Python Basics,Programming,0.0,186.2316539218593,0.0,186.2316539218593
2025-11-21,CR00043,Corporate Finance,Finance,1.0,0.39269968815683853,0.0,0.39269968815683853
2025-11-21,CR00002,Java Programming,Programming,1.0,0.0,0.0,0.0
2025-11-21,CR00059,Affiliate Marketing,Digital Marketing,1.0,0.0,0.0,0.0
2025-11-21,CR00010,3D Modeling,Design,0.0,0.0,0.0,0.0
2025-11-21,CR00053,React for Beginners,Web Development,0.0,0.0,0.0,0.0
2025-11-21,CR00023,Machine Learning Fundamentals,Data Science,0.0,1.1362434194166866,0.0,1.1362434194166866
2025-11-21,CR00032,Ethical Hacking,Cybersecurity,0.0,0.0,0.0,0.0
2025-11-21,CR00030,Reinforcement Learning,Machine Learning,1.0,0.0,0.0,0.0
2025-11-21,CR00008,Photoshop Mastery,Design,1.0,0.0,0.0,0.0
2025-11-21,CR00054,Backend Development with Node.js,Web Development,0.0,1.2809187789197338,0.0,1.2809187789197338
2025-11-21,CR00058,Social Media Strategy,Digital Marketing,2.0,0.0,0.0,0.0
2025-11-21,CR00036,Agile Project Management,Project Management,1.0,5.720717517662706,0.0,5.720717517662706
2025-11-21,CR00007,UI/UX Design,Design,0.0,0.0,0.0,0.0
2025-11-21,CR00038,Risk Management,Project Management,1.0,162.38551718216482,342.61,162.38551718216482
2025-11-21,CR00046,AI for Beginners,Artificial Intelligence,0.0,110.12464322632214,0.0,110.12464322632214
2025-11-21,CR00014,Sales Mastery,Business,0.0,0.0,0.0,0.0
2025-11-21,CR00024,Big Data Analytics,Data Science,0.0,50.679372673038756,0.0,50.679372673038756
2025-11-21,CR00035,Cyber Threat Intelligence,Cybersecurity,0.0,0.0,0.0,0.0
2025-11-22,CR00035,Cyber Threat Intelligence,Cybersecurity,0.0,0.0,0.0,0.0
2025-11-22,CR00007,UI/UX Design,Design,1.0,0.0,0.0,0.0
2025-11-22,CR00043,Corporate Finance,Finance,0.0,1.2751852457909365,0.0,1.2751852457909365
2025-11-22,CR00020,Email Marketing,Marketing,0.0,0.0,0.0,0.0
2025-11-22,CR00029,Natural Language Processing,Machine Learning,0.0,0.0,0.0,0.0
2025-11-22,CR00048,AI Ethics,Artificial Intelligence,3.0,0.0,0.0,0.0
2025-11-22,CR00059,Affiliate Marketing,Digital Marketing,0.0,0.0,0.0,0.0
2025-11-22,CR00019,Content Marketing,Marketing,0.0,0.876219302713892,0.0,0.876219302713892
2025-11-22,CR00024,Big Data Analytics,Data Science,2.0,55.55616329996444,235.36,55.55616329996444
2025-11-22,CR00006,Graphic Design Basics,Design,0.0,116.16686874419973,0.0,116.16686874419973
2025-11-22,CR00045,Financial Modeling,Finance,0.0,0.0,0.0,0.0
2025-11-22,CR00025,Statistical Analysis,Data Science,0.0,159.4854960693297,0.0,159.4854960693297
2025-11-22,CR00044,Personal Finance,Finance,0.0,42.84417521784756,0.0,42.84417521784756
2025-11-22,CR00015,Leadership Essentials,Business,0.0,121.12827575685644,0.0,121.12827575685644
2025-11-22,CR00054,Backend Development with Node.js,Web Development,2.0,0.3801352636086932,0.0,0.3801352636086932
2025-11-22,CR00047,Natural Language Processing,Artificial Intelligence,1.0,39.9067450614826,89.59,39.9067450614826
2025-11-22,CR00030,Reinforcement Learning,Machine Learning,1.0,0.0,0.0,0.0
2025-11-22,CR00002,Java Programming,Programming,0.0,0.0,0.0,0.0
2025-11-22,CR00005,Full Stack Development,Programming,1.0,0.0,0.0,0.0
2025-11-22,CR00042,Investment Strategies,Finance,0.0,0.0,0.0,0.0
2025-11-22,CR00003,C++ for Beginners,Programming,1.0,0.0,0.0,0.0
2025-11-22,CR00056,Google Ads Mastery,Digital Marketing,1.0,101.01769355003172,212.39,101.01769355003172
2025-11-22,CR00058,Social Media Strategy,Digital Marketing,1.0,0.0,0.0,0.0
2025-11-22,CR00036,Agile Project Management,Project Management,0.0,4.321476594317147,0.0,4.321476594317147
2025-11-22,CR00057,SEO for E-commerce,Digital Marketing,0.0,81.62941213918629,0.0,81.62941213918629
2025-11-22,CR00012,Business Strategy,Business,0.0,202.9526155781034,0.0,202.9526155781034
2025-11-22,CR00017,SEO Mastery,Marketing,0.0,2.902537845617971,0.0,2.902537845617971
2025-11-22,CR00060,Content Creation,Digital Marketing,0.0,0.0,0.0,0.0
2025-11-22,CR00023,Machine Learning Fundamentals,Data Science,1.0,1.5602453612162677,0.0,1.5602453612162677
2025-11-22,CR00046,AI for Beginners,Artificial Intelligence,1.0,96.10256050180465,248.1,96.10256050180465
2025-11-22,CR00040,Leadership in Projects,Project Management,0.0,170.4310991690356,0.0,170.4310991690356
2025-11-22,CR00027,Neural Networks,Machine Learning,0.0,0.0,0.0,0.0
2025-11-22,CR00038,Risk Management,Project Management,0.0,196.09053859980943,0.0,196.09053859980943
2025-11-22,CR00018,Social Media Marketing,Marketing,0.0,0.0,0.0,0.0
2025-11-22,CR00049,Deep Learning,Artificial Intelligence,0.0,193.69801092560704,0.0,193.69801092560704
2025-11-22,CR00032,Ethical Hacking,Cybersecurity,0.0,0.0,0.0,0.0
2025-11-22,CR00014,Sales Mastery,Business,0.0,0.0,0.0,0.0
2025-11-22,CR00010,3D Modeling,Design,0.0,0.0,0.0,0.0
2025-11-22,CR00008,Photoshop Mastery,Design,0.0,0.0,0.0,0.0
2025-11-22,CR00011,Entrepreneurship 101,Business,1.0,122.96173258503529,326.02,122.96173258503529
2025-11-22,CR00053,React for Beginners,Web Development,0.0,0.0,0.0,0.0
2025-11-22,CR00001,Python Basics,Programming,1.0,232.95193180367374,472.28,232.95193180367374
2025-11-22,CR00028,Deep Learning,Machine Learning,0.0,1.1677520644637411,0.0,1.1677520644637411
2025-11-22,CR00052,JavaScript Mastery,Web Development,0.0,1.106770767492435,0.0,1.106770767492435
2025-11-22,CR00039,Project Planning,Project Management,0.0,162.35479038697196,0.0,162.35479038697196
2025-11-22,CR00004,Advanced Python,Programming,1.0,0.0,0.0,0.0
2025-11-22,CR00016,Digital Marketing,Marketing,0.0,0.0,0.0,0.0
2025-11-22,CR00051,HTML & CSS,Web Development,2.0,15.693786465702683,75.78,15.693786465702683
2025-11-22,CR00013,Finance for Startups,Business,0.0,0.0,0.0,0.0
2025-11-22,CR00031,Network Security,Cybersecurity,0.0,0.0,0.0,0.0
2025-11-22,CR00009,Web Design Fundamentals,Design,0.0,2.1852706745885655,0.0,2.1852706745885655
2025-11-22,CR00033,Cybersecurity Fundamentals,Cybersecurity,1.0,0.0,0.0,0.0
2025-11-22,CR00041,Financial Accounting,Finance,0.0,21.976763447182876,0.0,21.976763447182876
2025-11-22,CR00055,Full-Stack Web Development,Web Development,0.0,23.049048197071794,0.0,23.049048197071794
2025-11-22,CR00034,Data Encryption,Cybersecurity,0.0,187.94326978299765,0.0,187.94326978299765
2025-11-22,CR00021,Data Analysis with Python,Data Science,0.0,0.5372510610467103,0.0,0.5372510610467103
2025-11-22,CR00026,Intro to Machine Learning,Machine Learning,1.0,0.0,0.0,0.0
2025-11-22,CR00022,Data Visualization,Data Science,0.0,5.627490817673191,0.0,5.627490817673191
2025-11-22,CR00037,Scrum Essentials,Project Management,0.0,0.0,0.0,0.0
2025-11-22,CR00050,Computer Vision,Artificial Intelligence,0.0,211.8313702704456,0.0,211.8313702704456
2025-11-23,CR00029,Natural Language Processing,Machine Learning,1.0,0.0,0.0,0.0
2025-11-23,CR00045,Financial Modeling,Finance,0.0,0.0,0.0,0.0
2025-11-23,CR00004,Advanced Python,Programming,1.0,0.0,0.0,0.0
2025-11-23,CR00013,Finance for Startups,Business,0.0,0.0,0.0,0.0
2025-11-23,CR00055,Full-Stack Web Development,Web Development,1.0,22.864037428391633,57.32,22.864037428391633
2025-11-23,CR00057,SEO for E-commerce,Digital Marketing,0.0,74.95371417932616,0.0,74.95371417932616
2025-11-23,CR00025,Statistical Analysis,Data Science,0.0,161.9989352850209,0.0,161.9989352850209
2025-11-23,CR00011,Entrepreneurship 101,Business,0.0,130.03820943468963,0.0,130.03820943468963
2025-11-23,CR00006,Graphic Design Basics,Design,0.0,124.93235589703026,0.0,124.93235589703026
2025-11-23,CR00003,C++ for Beginners,Programming,1.0,0.0,0.0,0.0
2025-11-23,CR00032,Ethical Hacking,Cybersecurity,0.0,0.0,0.0,0.0
2025-11-23,CR00060,Content Creation,Digital Marketing,0.0,0.0,0.0,0.0
2025-11-23,CR00038,Risk Management,Project Management,0.0,173.38917774619154,0.0,173.38917774619154
2025-11-23,CR00033,Cybersecurity Fundamentals,Cybersecurity,0.0,0.0,0.0,0.0
2025-11-23,CR00035,Cyber Threat Intelligence,Cybersecurity,0.0,0.0,0.0,0.0
2025-11-23,CR00046,AI for Beginners,Artificial Intelligence,0.0,109.7839857028705,0.0,109.7839857028705
2025-11-23,CR00017,SEO Mastery,Marketing,2.0,2.020486476711767,0.0,2.020486476711767
2025-11-23,CR00012,Business Strategy,Business,0.0,207.34305279436097,0.0,207.34305279436097
2025-11-23,CR00020,Email Marketing,Marketing,0.0,0.0,0.0,0.0
2025-11-23,CR00027,Neural Networks,Machine Learning,0.0,0.0,0.0,0.0
2025-11-23,CR00044,Personal Finance,Finance,0.0,39.22877963279733,0.0,39.22877963279733
2025-11-23,CR00037,Scrum Essentials,Project Management,0.0,0.0,0.0,0.0
2025-11-23,CR00016,Digital Marketing,Marketing,2.0,0.0,0.0,0.0
2025-11-23,CR00052,JavaScript Mastery,Web Development,1.0,0.0,0.0,0.0
2025-11-23,CR00008,Photoshop Mastery,Design,1.0,0.0,0.0,0.0
2025-11-23,CR00010,3D Modeling,Design,1.0,0.0,0.0,0.0
2025-11-23,CR00023,Machine Learning Fundamentals,Data Science,0.0,2.220647275416937,0.0,2.220647275416937
2025-11-23,CR00022,Data Visualization,Data Science,0.0,6.061780234114281,0.0,6.061780234114281
2025-11-23,CR00005,Full Stack Development,Programming,1.0,0.0,0.0,0.0
2025-11-23,CR00039,Project Planning,Project Management,1.0,126.6722865549286,346.71,126.6722865549286
2025-11-23,CR00007,UI/UX Design,Design,1.0,0.0,0.0,0.0
2025-11-23,CR00054,Backend Development with Node.js,Web Development,0.0,0.5180900220042304,0.0,0.5180900220042304
2025-11-23,CR00056,Google Ads Mastery,Digital Marketing,2.0,91.75755653487177,424.78,91.75755653487177
2025-11-23,CR00031,Network Security,Cybersecurity,0.0,0.0,0.0,0.0
2025-11-23,CR00058,Social Media Strategy,Digital Marketing,0.0,0.0,0.0,0.0
2025-11-23,CR00042,Investment Strategies,Finance,1.0,0.0,0.0,0.0
2025-11-23,CR00026,Intro to Machine Learning,Machine Learning,0.0,0.0,0.0,0.0
2025-11-23,CR00009,Web Design Fundamentals,Design,0.0,1.356445326987874,0.0,1.356445326987874
2025-11-23,CR00051,HTML & CSS,Web Development,0.0,13.574744115380561,0.0,13.574744115380561
2025-11-23,CR00034,Data Encryption,Cybersecurity,1.0,160.12464738371614,394.26,160.12464738371614
2025-11-23,CR00019,Content Marketing,Marketing,0.0,0.0,0.0,0.0
2025-11-23,CR00047,Natural Language Processing,Artificial Intelligence,0.0,35.42753758450662,0.0,35.42753758450662
2025-11-23,CR00021,Data Analysis with Python,Data Science,1.0,0.0,0.0,0.0
2025-11-23,CR00041,Financial Accounting,Finance,0.0,17.451385416076526,0.0,17.451385416076526
2025-11-23,CR00001,Python Basics,Programming,0.0,213.3694429016577,0.0,213.3694429016577
2025-11-23,CR00059,Affiliate Marketing,Digital Marketing,0.0,0.0,0.0,0.0
2025-11-23,CR00053,React for Beginners,Web Development,0.0,0.0,0.0,0.0
2025-11-23,CR00014,Sales Mastery,Business,1.0,0.0,0.0,0.0
2025-11-23,CR00043,Corporate Finance,Finance,2.0,0.0,0.0,0.0
2025-11-23,CR00049,Deep Learning,Artificial Intelligence,1.0,170.44042891142212,415.51,170.44042891142212
2025-11-23,CR00002,Java Programming,Programming,2.0,0.0,0.0,0.0
2025-11-23,CR00036,Agile Project Management,Project Management,0.0,4.6032217835448535,0.0,4.6032217835448535
2025-11-23,CR00018,Social Media Marketing,Marketing,0.0,0.0,0.0,0.0
2025-11-23,CR00028,Deep Learning,Machine Learning,2.0,0.33892671686304965,1.56,0.33892671686304965
2025-11-23,CR00048,AI Ethics,Artificial Intelligence,0.0,0.0,0.0,0.0
2025-11-23,CR00030,Reinforcement Learning,Machine Learning,0.0,0.0,0.0,0.0
2025-11-23,CR00015,Leadership Essentials,Business,1.0,147.48347965106498,285.05,147.48347965106498
2025-11-23,CR00040,Leadership in Projects,Project Management,1.0,184.7369338601423,327.99,184.7369338601423
2025-11-23,CR00024,Big Data Analytics,Data Science,0.0,54.72733795236375,0.0,54.72733795236375
2025-11-23,CR00050,Computer Vision,Artificial Intelligence,0.0,237.04118939117836,0.0,237.04118939117836
2025-11-24,CR00055,Full-Stack Web Development,Web Development,0.0,21.303030297117893,0.0,21.303030297117893
2025-11-24,CR00022,Data Visualization,Data Science,0.0,4.8210729719708425,0.0,4.8210729719708425
2025-11-24,CR00001,Python Basics,Programming,0.0,255.6786167369234,0.0,255.6786167369234
2025-11-24,CR00027,Neural Networks,Machine Learning,1.0,0.0,0.0,0.0
2025-11-24,CR00054,Backend Development with Node.js,Web Development,1.0,0.0,0.0,0.0
2025-11-24,CR00049,Deep Learning,Artificial Intelligence,0.0,165.64704042678153,0.0,165.64704042678153
2025-11-24,CR00021,Data Analysis with Python,Data Science,0.0,0.0,0.0,0.0
2025-11-24,CR00028,Deep Learning,Machine Learning,0.0,0.0,0.0,0.0
2025-11-24,CR00024,Big Data Analytics,Data Science,1.0,55.64832902557203,117.68,55.64832902557203
2025-11-24,CR00025,Statistical Analysis,Data Science,1.0,134.46932471329546,299.57,134.46932471329546
2025-11-24,CR00026,Intro to Machine Learning,Machine Learning,1.0,0.0,0.0,0.0
2025-11-24,CR00023,Machine Learning Fundamentals,Data Science,1.0,0.5977099598357398,0.0,0.5977099598357398
2025-11-24,CR00045,Financial Modeling,Finance,0.0,0.0,0.0,0.0
2025-11-24,CR00053,React for Beginners,Web Development,1.0,0.0,0.0,0.0
2025-11-24,CR00004,Advanced Python,Programming,3.0,0.0,0.0,0.0
2025-11-24,CR00037,Scrum Essentials,Project Management,0.0,0.0,0.0,0.0
2025-11-24,CR00043,Corporate Finance,Finance,1.0,0.0,0.0,0.0
2025-11-24,CR00013,Finance for Startups,Business,1.0,0.0,0.0,0.0
2025-11-24,CR00005,Full Stack Development,Programming,1.0,0.0,0.0,0.0
2025-11-24,CR00007,UI/UX Design,Design,0.0,0.0,0.0,0.0
2025-11-24,CR00018,Social Media Marketing,Marketing,0.0,0.0,0.0,0.0
2025-11-24,CR00029,Natural Language Processing,Machine Learning,2.0,0.0,0.0,0.0
2025-11-24,CR00014,Sales Mastery,Business,0.0,0.0,0.0,0.0
2025-11-24,CR00052,JavaScript Mastery,Web Development,1.0,0.0,0.0,0.0
2025-11-24,CR00032,Ethical Hacking,Cybersecurity,0.0,0.0,0.0,0.0
2025-11-24,CR00042,Investment Strategies,Finance,2.0,0.0,0.0,0.0
2025-11-24,CR00008,Photoshop Mastery,Design,1.0,0.0,0.0,0.0
2025-11-24,CR00017,SEO Mastery,Marketing,0.0,0.9726210976794647,0.0,0.9726210976794647
2025-11-24,CR00056,Google Ads Mastery,Digital Marketing,0.0,96.45589617632885,0.0,96.45589617632885
2025-11-24,CR00033,Cybersecurity Fundamentals,Cybersecurity,0.0,0.0,0.0,0.0
2025-11-24,CR00040,Leadership in Projects,Project Management,0.0,148.5141824333955,0.0,148.5141824333955
2025-11-24,CR00016,Digital Marketing,Marketing,1.0,0.0,0.0,0.0
2025-11-24,CR00003,C++ for Beginners,Programming,1.0,0.0,0.0,0.0
2025-11-24,CR00041,Financial Accounting,Finance,0.0,15.389051846281319,0.0,15.389051846281319
2025-11-24,CR00034,Data Encryption,Cybersecurity,1.0,147.95513524965133,394.26,147.95513524965133
2025-11-24,CR00057,SEO for E-commerce,Digital Marketing,0.0,71.69666482038885,0.0,71.69666482038885
2025-11-24,CR00050,Computer Vision,Artificial Intelligence,0.0,281.2245397294463,0.0,281.2245397294463
2025-11-24,CR00051,HTML & CSS,Web Development,0.0,13.287558178735011,0.0,13.287558178735011
2025-11-24,CR00047,Natural Language Processing,Artificial Intelligence,0.0,33.88806192214311,0.0,33.88806192214311
2025-11-24,CR00015,Leadership Essentials,Business,1.0,124.61704494197423,285.05,124.61704494197423
2025-11-24,CR00035,Cyber Threat Intelligence,Cybersecurity,1.0,0.0,0.0,0.0
2025-11-24,CR00009,Web Design Fundamentals,Design,0.0,0.0,0.0,0.0
2025-11-24,CR00036,Agile Project Management,Project Management,0.0,3.592073733059806,0.0,3.592073733059806
2025-11-24,CR00058,Social Media Strategy,Digital Marketing,1.0,0.0,0.0,0.0
2025-11-24,CR00010,3D Modeling,Design,0.0,0.0,0.0,0.0
2025-11-24,CR00039,Project Planning,Project Management,0.0,150.27729482308027,0.0,150.27729482308027
2025-11-24,CR00060,Content Creation,Digital Marketing,2.0,0.0,0.0,0.0
2025-11-24,CR00059,Affiliate Marketing,Digital Marketing,0.0,0.0,0.0,0.0
2025-11-24,CR00012,Business Strategy,Business,0.0,202.9254660442973,0.0,202.9254660442973
2025-11-24,CR00011,Entrepreneurship 101,Business,0.0,156.13818519732604,0.0,156.13818519732604
2025-11-24,CR00046,AI for Beginners,Artificial Intelligence,1.0,101.88612756233579,248.1,101.88612756233579
2025-11-24,CR00030,Reinforcement Learning,Machine Learning,0.0,0.0,0.0,0.0
2025-11-24,CR00038,Risk Management,Project Management,2.0,157.07047207119786,685.22,157.07047207119786
2025-11-24,CR00048,AI Ethics,Artificial Intelligence,0.0,0.0,0.0,0.0
2025-11-24,CR00019,Content Marketing,Marketing,0.0,0.0,0.0,0.0
2025-11-24,CR00031,Network Security,Cybersecurity,0.0,0.0,0.0,0.0
2025-11-24,CR00006,Graphic Design Basics,Design,0.0,143.21197147402,0.0,143.21197147402
2025-11-24,CR00044,Personal Finance,Finance,0.0,38.95645337431188,0.0,38.95645337431188
2025-11-24,CR00002,Java Programming,Programming,0.0,0.0,0.0,0.0
2025-11-24,CR00020,Email Marketing,Marketing,1.0,0.0,0.0,0.0
2025-11-25,CR00057,SEO for E-commerce,Digital Marketing,0.0,74.38095902044739,0.0,74.38095902044739
2025-11-25,CR00012,Business Strategy,Business,0.0,170.69502128607394,0.0,170.69502128607394
2025-11-25,CR00003,C++ for Beginners,Programming,3.0,0.0,0.0,0.0
2025-11-25,CR00040,Leadership in Projects,Project Management,2.0,153.89465487600586,655.98,153.89465487600586
2025-11-25,CR00041,Financial Accounting,Finance,1.0,20.10706865995654,53.86,20.10706865995654
2025-11-25,CR00030,Reinforcement Learning,Machine Learning,0.0,0.0,0.0,0.0
2025-11-25,CR00011,Entrepreneurship 101,Business,1.0,144.56111675672858,326.02,144.56111675672858
2025-11-25,CR00050,Computer Vision,Artificial Intelligence,0.0,230.67299620591191,0.0,230.67299620591191
2025-11-25,CR00044,Personal Finance,Finance,1.0,46.54165940866983,119.04,46.54165940866983
2025-11-25,CR00034,Data Encryption,Cybersecurity,0.0,172.96778612215672,0.0,172.96778612215672
2025-11-25,CR00010,3D Modeling,Design,0.0,0.0,0.0,0.0
2025-11-25,CR00016,Digital Marketing,Marketing,1.0,0.0,0.0,0.0
2025-11-25,CR00047,Natural Language Processing,Artificial Intelligence,0.0,34.50257410053566,0.0,34.50257410053566
2025-11-25,CR00025,Statistical Analysis,Data Science,0.0,131.59192093331023,0.0,131.59192093331023
2025-11-25,CR00014,Sales Mastery,Business,0.0,0.0,0.0,0.0
2025-11-25,CR00022,Data Visualization,Data Science,0.0,7.03003177027783,0.0,7.03003177027783
2025-11-25,CR00026,Intro to Machine Learning,Machine Learning,0.0,0.0,0.0,0.0
2025-11-25,CR00058,Social Media Strategy,Digital Marketing,2.0,0.0,0.0,0.0
2025-11-25,CR00049,Deep Learning,Artificial Intelligence,1.0,163.7412059398864,415.51,163.7412059398864
2025-11-25,CR00009,Web Design Fundamentals,Design,1.0,0.935731604896759,0.0,0.935731604896759
2025-11-25,CR00054,Backend Development with Node.js,Web Development,0.0,0.18187233937048575,0.0,0.18187233937048575
2025-11-25,CR00036,Agile Project Management,Project Management,0.0,5.870893859996514,0.0,5.870893859996514
2025-11-25,CR00035,Cyber Threat Intelligence,Cybersecurity,1.0,0.0,0.0,0.0
2025-11-25,CR00038,Risk Management,Project Management,0.0,151.16273512658267,0.0,151.16273512658267
2025-11-25,CR00045,Financial Modeling,Finance,0.0,0.0,0.0,0.0
2025-11-25,CR00060,Content Creation,Digital Marketing,1.0,0.0,0.0,0.0
2025-11-25,CR00015,Leadership Essentials,Business,1.0,150.827878825548,285.05,150.827878825548
2025-11-25,CR00023,Machine Learning Fundamentals,Data Science,0.0,3.1227246057550673,0.0,3.1227246057550673
2025-11-25,CR00051,HTML & CSS,Web Development,0.0,13.697519946087361,0.0,13.697519946087361
2025-11-25,CR00020,Email Marketing,Marketing,1.0,0.0,0.0,0.0
2025-11-25,CR00002,Java Programming,Programming,0.0,0.0,0.0,0.0
2025-11-25,CR00033,Cybersecurity Fundamentals,Cybersecurity,1.0,0.0,0.0,0.0
2025-11-25,CR00005,Full Stack Development,Programming,0.0,0.0,0.0,0.0
2025-11-25,CR00055,Full-Stack Web Development,Web Development,0.0,26.826897451188913,0.0,26.826897451188913
2025-11-25,CR00027,Neural Networks,Machine Learning,0.0,0.0,0.0,0.0
2025-11-25,CR00028,Deep Learning,Machine Learning,0.0,0.905800784975348,0.0,0.905800784975348
2025-11-25,CR00013,Finance for Startups,Business,0.0,0.0,0.0,0.0
2025-11-25,CR00048,AI Ethics,Artificial Intelligence,0.0,0.4653119883807051,0.0,0.4653119883807051
2025-11-25,CR00024,Big Data Analytics,Data Science,0.0,54.424147734300774,0.0,54.424147734300774
2025-11-25,CR00018,Social Media Marketing,Marketing,0.0,0.0,0.0,0.0
2025-11-25,CR00037,Scrum Essentials,Project Management,2.0,0.0,0.0,0.0
2025-11-25,CR00004,Advanced Python,Programming,0.0,0.0,0.0,0.0
2025-11-25,CR00031,Network Security,Cybersecurity,0.0,0.0,0.0,0.0
2025-11-25,CR00059,Affiliate Marketing,Digital Marketing,2.0,0.0,0.0,0.0
2025-11-25,CR00039,Project Planning,Project Management,2.0,160.94278812109837,693.42,160.94278812109837
2025-11-25,CR00021,Data Analysis with Python,Data Science,0.0,0.12951094637315919,0.0,0.12951094637315919
2025-11-25,CR00056,Google Ads Mastery,Digital Marketing,0.0,90.50639763951253,0.0,90.50639763951253
2025-11-25,CR00043,Corporate Finance,Finance,0.0,1.8595456251066338,0.0,1.8595456251066338
2025-11-25,CR00007,UI/UX Design,Design,0.0,0.0,0.0,0.0
2025-11-25,CR00029,Natural Language Processing,Machine Learning,0.0,1.58862226623814,0.0,1.58862226623814
2025-11-25,CR00042,Investment Strategies,Finance,0.0,0.0,0.0,0.0
2025-11-25,CR00053,React for Beginners,Web Development,0.0,0.0,0.0,0.0
2025-11-25,CR00019,Content Marketing,Marketing,2.0,0.9827419000997679,0.0,0.9827419000997679
2025-11-25,CR00017,SEO Mastery,Marketing,0.0,2.458941870976517,0.0,2.458941870976517
2025-11-25,CR00046,AI for Beginners,Artificial Intelligence,0.0,109.58812063751576,0.0,109.58812063751576
2025-11-25,CR00052,JavaScript Mastery,Web Development,0.0,1.4190636133972205,0.0,1.4190636133972205
2025-11-25,CR00008,Photoshop Mastery,Design,0.0,0.0,0.0,0.0
2025-11-25,CR00001,Python Basics,Programming,0.0,212.15179181785737,0.0,212.15179181785737
2025-11-25,CR00006,Graphic Design Basics,Design,1.0,131.91739227699557,276.37,131.91739227699557
2025-11-25,CR00032,Ethical Hacking,Cybersecurity,1.0,0.0,0.0,0.0
2025-11-26,CR00039,Project Planning,Project Management,1.0,144.12167525460234,346.71,144.12167525460234
2025-11-26,CR00055,Full-Stack Web Development,Web Development,0.0,26.6869940788121,0.0,26.6869940788121
2025-11-26,CR00010,3D Modeling,Design,1.0,0.0,0.0,0.0
2025-11-26,CR00022,Data Visualization,Data Science,1.0,9.265966662934105,0.0,9.265966662934105
2025-11-26,CR00027,Neural Networks,Machine Learning,1.0,0.0,0.0,0.0
2025-11-26,CR00049,Deep Learning,Artificial Intelligence,1.0,165.0432165385228,415.51,165.0432165385228
2025-11-26,CR00058,Social Media Strategy,Digital Marketing,2.0,0.0,0.0,0.0
2025-11-26,CR00057,SEO for E-commerce,Digital Marketing,2.0,67.93007700115726,354.68,67.93007700115726
2025-11-26,CR00040,Leadership in Projects,Project Management,1.0,151.59031264648738,327.99,151.59031264648738
2025-11-26,CR00037,Scrum Essentials,Project Management,0.0,0.0,0.0,0.0
2025-11-26,CR00052,JavaScript Mastery,Web Development,0.0,0.7989231619090589,0.0,0.7989231619090589
2025-11-26,CR00012,Business Strategy,Business,0.0,210.64203470267168,0.0,210.64203470267168
2025-11-26,CR00036,Agile Project Management,Project Management,0.0,7.79421961893928,0.0,7.79421961893928
2025-11-26,CR00023,Machine Learning Fundamentals,Data Science,1.0,4.549284428541981,0.0,4.549284428541981
2025-11-26,CR00013,Finance for Startups,Business,0.0,0.0,0.0,0.0
2025-11-26,CR00004,Advanced Python,Programming,0.0,0.0,0.0,0.0
2025-11-26,CR00046,AI for Beginners,Artificial Intelligence,1.0,97.87696447217267,248.1,97.87696447217267
2025-11-26,CR00038,Risk Management,Project Management,1.0,168.9115645844643,342.61,168.9115645844643
2025-11-26,CR00001,Python Basics,Programming,0.0,223.1298350606588,0.0,223.1298350606588
2025-11-26,CR00047,Natural Language Processing,Artificial Intelligence,0.0,41.03467857784137,0.0,41.03467857784137
2025-11-26,CR00014,Sales Mastery,Business,2.0,1.1892199388230011,0.0,1.1892199388230011
2025-11-26,CR00053,React for Beginners,Web Development,0.0,0.0,0.0,0.0
2025-11-26,CR00003,C++ for Beginners,Programming,2.0,0.0,0.0,0.0
2025-11-26,CR00018,Social Media Marketing,Marketing,1.0,0.0,0.0,0.0
2025-11-26,CR00028,Deep Learning,Machine Learning,0.0,3.166813520189457,0.0,3.166813520189457
2025-11-26,CR00024,Big Data Analytics,Data Science,1.0,53.81587383465899,117.68,53.81587383465899
2025-11-26,CR00056,Google Ads Mastery,Digital Marketing,0.0,80.60756983346424,0.0,80.60756983346424
2025-11-26,CR00043,Corporate Finance,Finance,0.0,2.277135429489789,0.0,2.277135429489789
2025-11-26,CR00059,Affiliate Marketing,Digital Marketing,0.0,0.0,0.0,0.0
2025-11-26,CR00021,Data Analysis with Python,Data Science,0.0,1.1553166873876606,0.0,1.1553166873876606
2025-11-26,CR00025,Statistical Analysis,Data Science,0.0,129.07902381433857,0.0,129.07902381433857
2025-11-26,CR00031,Network Security,Cybersecurity,1.0,0.0,0.0,0.0
2025-11-26,CR00048,AI Ethics,Artificial Intelligence,1.0,1.1666172100195595,0.0,1.1666172100195595
2025-11-26,CR00019,Content Marketing,Marketing,0.0,1.5975504857846659,0.0,1.5975504857846659
2025-11-26,CR00006,Graphic Design Basics,Design,1.0,141.21429009642657,276.37,141.21429009642657
2025-11-26,CR00002,Java Programming,Programming,0.0,0.0,0.0,0.0
2025-11-26,CR00044,Personal Finance,Finance,0.0,46.33656227494631,0.0,46.33656227494631
2025-11-26,CR00030,Reinforcement Learning,Machine Learning,1.0,0.0,0.0,0.0
2025-11-26,CR00020,Email Marketing,Marketing,0.0,0.0,0.0,0.0
2025-11-26,CR00005,Full Stack Development,Programming,0.0,0.0,0.0,0.0
2025-11-26,CR00045,Financial Modeling,Finance,1.0,0.8878338585614003,0.0,0.8878338585614003
2025-11-26,CR00029,Natural Language Processing,Machine Learning,2.0,1.7251820796775377,0.0,1.7251820796775377
2025-11-26,CR00042,Investment Strategies,Finance,0.0,0.0,0.0,0.0
2025-11-26,CR00032,Ethical Hacking,Cybersecurity,0.0,0.0,0.0,0.0
2025-11-26,CR00007,UI/UX Design,Design,0.0,0.0,0.0,0.0
2025-11-26,CR00017,SEO Mastery,Marketing,0.0,3.434968304584345,0.0,3.434968304584345
2025-11-26,CR00026,Intro to Machine Learning,Machine Learning,0.0,0.0,0.0,0.0
2025-11-26,CR00009,Web Design Fundamentals,Design,0.0,2.8835162832531864,0.0,2.8835162832531864
2025-11-26,CR00054,Backend Development with Node.js,Web Development,2.0,2.983123541240687,0.0,2.983123541240687
2025-11-26,CR00035,Cyber Threat Intelligence,Cybersecurity,0.0,0.0,0.0,0.0
2025-11-26,CR00015,Leadership Essentials,Business,0.0,141.37528274983995,0.0,141.37528274983995
2025-11-26,CR00008,Photoshop Mastery,Design,0.0,0.0,0.0,0.0
2025-11-26,CR00034,Data Encryption,Cybersecurity,2.0,149.500645789244,788.52,149.500645789244
2025-11-26,CR00060,Content Creation,Digital Marketing,0.0,0.0,0.0,0.0
2025-11-26,CR00016,Digital Marketing,Marketing,1.0,0.0,0.0,0.0
2025-11-26,CR00041,Financial Accounting,Finance,0.0,21.524491788894792,0.0,21.524491788894792
2025-11-26,CR00051,HTML & CSS,Web Development,0.0,15.057685919805728,0.0,15.057685919805728
2025-11-26,CR00011,Entrepreneurship 101,Business,2.0,149.70064400341505,652.04,149.70064400341505
2025-11-26,CR00050,Computer Vision,Artificial Intelligence,1.0,232.26890576991454,490.9,232.26890576991454
2025-11-26,CR00033,Cybersecurity Fundamentals,Cybersecurity,0.0,0.0,0.0,0.0
2025-11-27,CR00008,Photoshop Mastery,Design,0.0,0.0,0.0,0.0
2025-11-27,CR00026,Intro to Machine Learning,Machine Learning,0.0,0.0,0.0,0.0
2025-11-27,CR00045,Financial Modeling,Finance,0.0,1.0333121153062876,0.0,1.0333121153062876
2025-11-27,CR00058,Social Media Strategy,Digital Marketing,1.0,0.0,0.0,0.0
2025-11-27,CR00005,Full Stack Development,Programming,3.0,0.0,0.0,0.0
2025-11-27,CR00044,Personal Finance,Finance,1.0,49.733251125569744,119.04,49.733251125569744
2025-11-27,CR00009,Web Design Fundamentals,Design,1.0,2.73927946838549,0.0,2.73927946838549
2025-11-27,CR00042,Investment Strategies,Finance,0.0,0.0,0.0,0.0
2025-11-27,CR00040,Leadership in Projects,Project Management,2.0,170.47102929180383,655.98,170.47102929180383
2025-11-27,CR00049,Deep Learning,Artificial Intelligence,2.0,160.8245117306355,831.02,160.8245117306355
2025-11-27,CR00041,Financial Accounting,Finance,0.0,23.459369163889527,0.0,23.459369163889527
2025-11-27,CR00024,Big Data Analytics,Data Science,0.0,51.10307742876883,0.0,51.10307742876883
2025-11-27,CR00010,3D Modeling,Design,1.0,0.0,0.0,0.0
2025-11-27,CR00007,UI/UX Design,Design,1.0,0.0,0.0,0.0
2025-11-27,CR00006,Graphic Design Basics,Design,0.0,136.65423662733215,0.0,136.65423662733215
2025-11-27,CR00051,HTML & CSS,Web Development,1.0,14.010798202540627,37.89,14.010798202540627
2025-11-27,CR00050,Computer Vision,Artificial Intelligence,0.0,259.5136205743338,0.0,259.5136205743338
2025-11-27,CR00004,Advanced Python,Programming,1.0,0.0,0.0,0.0
2025-11-27,CR00043,Corporate Finance,Finance,0.0,3.4877818138469863,0.0,3.4877818138469863
2025-11-27,CR00039,Project Planning,Project Management,0.0,184.55252211531842,0.0,184.55252211531842
2025-11-27,CR00059,Affiliate Marketing,Digital Marketing,2.0,0.0,0.0,0.0
2025-11-27,CR00001,Python Basics,Programming,1.0,248.0144520713625,472.28,248.0144520713625
2025-11-27,CR00023,Machine Learning Fundamentals,Data Science,1.0,4.661618685204395,0.0,4.661618685204395
2025-11-27,CR00055,Full-Stack Web Development,Web Development,1.0,27.539176105585682,57.32,27.539176105585682
2025-11-27,CR00025,Statistical Analysis,Data Science,0.0,120.33718166212685,0.0,120.33718166212685
2025-11-27,CR00036,Agile Project Management,Project Management,1.0,6.561680205452824,0.0,6.561680205452824
2025-11-27,CR00011,Entrepreneurship 101,Business,1.0,157.48179297043728,326.02,157.48179297043728
2025-11-27,CR00056,Google Ads Mastery,Digital Marketing,1.0,75.55448344352797,212.39,75.55448344352797
2025-11-27,CR00003,C++ for Beginners,Programming,0.0,0.0,0.0,0.0
2025-11-27,CR00028,Deep Learning,Machine Learning,1.0,2.955332205968837,0.78,2.955332205968837
2025-11-27,CR00022,Data Visualization,Data Science,1.0,7.862004892206279,0.0,7.862004892206279
2025-11-27,CR00014,Sales Mastery,Business,1.0,1.5974014073087375,0.0,1.5974014073087375
2025-11-27,CR00018,Social Media Marketing,Marketing,0.0,0.0,0.0,0.0
2025-11-27,CR00053,React for Beginners,Web Development,0.0,0.0,0.0,0.0
2025-11-27,CR00002,Java Programming,Programming,1.0,0.0,0.0,0.0
2025-11-27,CR00032,Ethical Hacking,Cybersecurity,0.0,0.0,0.0,0.0
2025-11-27,CR00054,Backend Development with Node.js,Web Development,0.0,3.0784616589226204,0.0,3.0784616589226204
2025-11-27,CR00035,Cyber Threat Intelligence,Cybersecurity,0.0,1.0985212242999438,0.0,1.0985212242999438
2025-11-27,CR00015,Leadership Essentials,Business,0.0,141.64615959068465,0.0,141.64615959068465
2025-11-27,CR00017,SEO Mastery,Marketing,1.0,3.621540788067108,0.0,3.621540788067108
2025-11-27,CR00060,Content Creation,Digital Marketing,0.0,0.0,0.0,0.0
2025-11-27,CR00034,Data Encryption,Cybersecurity,1.0,152.35054371179672,394.26,152.35054371179672
2025-11-27,CR00047,Natural Language Processing,Artificial Intelligence,1.0,33.69209725937628,89.59,33.69209725937628
2025-11-27,CR00016,Digital Marketing,Marketing,0.0,0.0,0.0,0.0
2025-11-27,CR00057,SEO for E-commerce,Digital Marketing,0.0,66.31527914640982,0.0,66.31527914640982
2025-11-27,CR00021,Data Analysis with Python,Data Science,0.0,2.4774130722203864,0.0,2.4774130722203864
2025-11-27,CR00033,Cybersecurity Fundamentals,Cybersecurity,1.0,0.0,0.0,0.0
2025-11-27,CR00020,Email Marketing,Marketing,0.0,0.0,0.0,0.0
2025-11-27,CR00013,Finance for Startups,Business,0.0,0.0,0.0,0.0
2025-11-27,CR00029,Natural Language Processing,Machine Learning,0.0,3.3301903120401377,0.0,3.3301903120401377
2025-11-27,CR00031,Network Security,Cybersecurity,0.0,0.0,0.0,0.0
2025-11-27,CR00030,Reinforcement Learning,Machine Learning,1.0,0.0,0.0,0.0
2025-11-27,CR00038,Risk Management,Project Management,0.0,157.67117555491075,0.0,157.67117555491075
2025-11-27,CR00052,JavaScript Mastery,Web Development,0.0,2.25267818300631,0.0,2.25267818300631
2025-11-27,CR00048,AI Ethics,Artificial Intelligence,2.0,2.1310690753941444,0.0,2.1310690753941444
2025-11-27,CR00012,Business Strategy,Business,0.0,210.49153913302726,0.0,210.49153913302726
2025-11-27,CR00019,Content Marketing,Marketing,0.0,2.1075529419769197,0.0,2.1075529419769197
2025-11-27,CR00027,Neural Networks,Machine Learning,0.0,0.4030376638713875,0.0,0.4030376638713875
2025-11-27,CR00037,Scrum Essentials,Project Management,1.0,0.0,0.0,0.0
2025-11-27,CR00046,AI for Beginners,Artificial Intelligence,0.0,94.84006342841023,0.0,94.84006342841023
2025-11-28,CR00031,Network Security,Cybersecurity,0.0,0.0,0.0,0.0
2025-11-28,CR00005,Full Stack Development,Programming,0.0,0.0,0.0,0.0
2025-11-28,CR00045,Financial Modeling,Finance,0.0,0.0,0.0,0.0
2025-11-28,CR00020,Email Marketing,Marketing,0.0,0.0,0.0,0.0
2025-11-28,CR00017,SEO Mastery,Marketing,1.0,1.5180129037610897,0.0,1.5180129037610897
2025-11-28,CR00002,Java Programming,Programming,0.0,0.0,0.0,0.0
2025-11-28,CR00029,Natural Language Processing,Machine Learning,0.0,0.5050062940543398,0.0,0.5050062940543398
2025-11-28,CR00008,Photoshop Mastery,Design,2.0,0.0,0.0,0.0
2025-11-28,CR00050,Computer Vision,Artificial Intelligence,2.0,242.1803488178346,981.8,242.1803488178346
2025-11-28,CR00032,Ethical Hacking,Cybersecurity,0.0,0.0,0.0,0.0
2025-11-28,CR00042,Investment Strategies,Finance,0.0,0.0,0.0,0.0
2025-11-28,CR00053,React for Beginners,Web Development,1.0,0.0,0.0,0.0
2025-11-28,CR00044,Personal Finance,Finance,0.0,48.886615290877835,0.0,48.886615290877835
2025-11-28,CR00030,Reinforcement Learning,Machine Learning,0.0,0.0,0.0,0.0
2025-11-28,CR00018,Social Media Marketing,Marketing,1.0,0.0,0.0,0.0
2025-11-28,CR00059,Affiliate Marketing,Digital Marketing,0.0,0.0,0.0,0.0
2025-11-28,CR00048,AI Ethics,Artificial Intelligence,0.0,0.0,0.0,0.0
2025-11-28,CR00019,Content Marketing,Marketing,0.0,0.7512936952875506,0.0,0.7512936952875506
2025-11-28,CR00028,Deep Learning,Machine Learning,0.0,0.18872492888009162,0.0,0.18872492888009162
2025-11-28,CR00056,Google Ads Mastery,Digital Marketing,0.0,80.76142946328545,0.0,80.76142946328545
2025-11-28,CR00024,Big Data Analytics,Data Science,0.0,56.68887748004559,0.0,56.68887748004559
2025-11-28,CR00043,Corporate Finance,Finance,1.0,0.4341091308689613,0.0,0.4341091308689613
2025-11-28,CR00006,Graphic Design Basics,Design,0.0,142.91701380061198,0.0,142.91701380061198
2025-11-28,CR00021,Data Analysis with Python,Data Science,0.0,0.9417347529355737,0.0,0.9417347529355737
2025-11-28,CR00025,Statistical Analysis,Data Science,0.0,119.87323231580493,0.0,119.87323231580493
2025-11-28,CR00060,Content Creation,Digital Marketing,0.0,0.0,0.0,0.0
2025-11-28,CR00007,UI/UX Design,Design,0.0,0.0,0.0,0.0
2025-11-28,CR00001,Python Basics,Programming,0.0,218.14070345928414,0.0,218.14070345928414
2025-11-28,CR00011,Entrepreneurship 101,Business,0.0,139.8083365253516,0.0,139.8083365253516
2025-11-28,CR00041,Financial Accounting,Finance,0.0,28.0075102291718,0.0,28.0075102291718
2025-11-28,CR00004,Advanced Python,Programming,0.0,0.0,0.0,0.0
2025-11-28,CR00046,AI for Beginners,Artificial Intelligence,1.0,96.24947079089866,248.1,96.24947079089866
2025-11-28,CR00037,Scrum Essentials,Project Management,0.0,0.0,0.0,0.0
2025-11-28,CR00022,Data Visualization,Data Science,1.0,6.090458582288292,0.0,6.090458582288292
2025-11-28,CR00039,Project Planning,Project Management,0.0,157.4428512868577,0.0,157.4428512868577
2025-11-28,CR00040,Leadership in Projects,Project Management,0.0,157.5920177445299,0.0,157.5920177445299
2025-11-28,CR00014,Sales Mastery,Business,0.0,0.0,0.0,0.0
2025-11-28,CR00055,Full-Stack Web Development,Web Development,0.0,24.866929386606827,0.0,24.866929386606827
2025-11-28,CR00023,Machine Learning Fundamentals,Data Science,0.0,2.185033274351653,0.0,2.185033274351653
2025-11-28,CR00033,Cybersecurity Fundamentals,Cybersecurity,0.0,0.0,0.0,0.0
2025-11-28,CR00010,3D Modeling,Design,0.0,0.0,0.0,0.0
2025-11-28,CR00036,Agile Project Management,Project Management,2.0,6.585090476599099,0.0,6.585090476599099
2025-11-28,CR00057,SEO for E-commerce,Digital Marketing,0.0,64.79568813803142,0.0,64.79568813803142
2025-11-28,CR00052,JavaScript Mastery,Web Development,0.0,0.5521972273744922,0.0,0.5521972273744922
2025-11-28,CR00003,C++ for Beginners,Programming,0.0,0.0,0.0,0.0
2025-11-28,CR00027,Neural Networks,Machine Learning,0.0,0.0,0.0,0.0
2025-11-28,CR00026,Intro to Machine Learning,Machine Learning,0.0,0.0,0.0,0.0
2025-11-28,CR00015,Leadership Essentials,Business,2.0,149.23497129842838,570.1,149.23497129842838
2025-11-28,CR00016,Digital Marketing,Marketing,1.0,0.0,0.0,0.0
2025-11-28,CR00047,Natural Language Processing,Artificial Intelligence,1.0,30.390848346998006,89.59,30.390848346998006
2025-11-28,CR00034,Data Encryption,Cybersecurity,1.0,163.44361702022857,394.26,163.44361702022857
2025-11-28,CR00038,Risk Management,Project Management,0.0,171.13796935230724,0.0,171.13796935230724
2025-11-28,CR00058,Social Media Strategy,Digital Marketing,0.0,0.0,0.0,0.0
2025-11-28,CR00049,Deep Learning,Artificial Intelligence,0.0,156.20862963849325,0.0,156.20862963849325
2025-11-28,CR00013,Finance for Startups,Business,0.0,0.0,0.0,0.0
2025-11-28,CR00054,Backend Development with Node.js,Web Development,1.0,0.0,0.0,0.0
2025-11-28,CR00035,Cyber Threat Intelligence,Cybersecurity,2.0,0.0,0.0,0.0
2025-11-28,CR00009,Web Design Fundamentals,Design,0.0,2.416936605735785,0.0,2.416936605735785
2025-11-28,CR00012,Business Strategy,Business,1.0,260.4702736546414,487.92,260.4702736546414
2025-11-28,CR00051,HTML & CSS,Web Development,0.0,12.403269162436807,0.0,12.403269162436807
2025-11-29,CR00019,Content Marketing,Marketing,1.0,0.8263361982978097,0.0,0.8263361982978097
2025-11-29,CR00020,Email Marketing,Marketing,0.0,0.0,0.0,0.0
2025-11-29,CR00010,3D Modeling,Design,0.0,0.0,0.0,0.0
2025-11-29,CR00055,Full-Stack Web Development,Web Development,1.0,23.057525019016598,57.32,23.057525019016598
2025-11-29,CR00011,Entrepreneurship 101,Business,0.0,154.98291328609002,0.0,154.98291328609002
2025-11-29,CR00012,Business Strategy,Business,0.0,245.06201264439994,0.0,245.06201264439994
2025-11-29,CR00006,Graphic Design Basics,Design,0.0,126.98619131761015,0.0,126.98619131761015
2025-11-29,CR00005,Full Stack Development,Programming,0.0,0.0,0.0,0.0
2025-11-29,CR00016,Digital Marketing,Marketing,0.0,0.0,0.0,0.0
2025-11-29,CR00004,Advanced Python,Programming,0.0,0.0,0.0,0.0
2025-11-29,CR00008,Photoshop Mastery,Design,0.0,0.0,0.0,0.0
2025-11-29,CR00015,Leadership Essentials,Business,0.0,144.46998179770856,0.0,144.46998179770856
2025-11-29,CR00017,SEO Mastery,Marketing,0.0,0.0,0.0,0.0
2025-11-29,CR00002,Java Programming,Programming,0.0,0.0,0.0,0.0
2025-11-29,CR00007,UI/UX Design,Design,0.0,0.0,0.0,0.0
2025-11-29,CR00009,Web Design Fundamentals,Design,0.0,0.7399220206378558,0.0,0.7399220206378558
2025-11-29,CR00058,Social Media Strategy,Digital Marketing,0.0,0.0,0.0,0.0
2025-11-29,CR00014,Sales Mastery,Business,1.0,0.0,0.0,0.0
2025-11-29,CR00018,Social Media Marketing,Marketing,1.0,0.0,0.0,0.0
2025-11-29,CR00059,Affiliate Marketing,Digital Marketing,0.0,0.0,0.0,0.0
2025-11-29,CR00022,Data Visualization,Data Science,0.0,6.177632879866195,0.0,6.177632879866195
2025-11-29,CR00056,Google Ads Mastery,Digital Marketing,0.0,76.0058492927692,0.0,76.0058492927692
2025-11-29,CR00023,Machine Learning Fundamentals,Data Science,0.0,2.0711750532575195,0.0,2.0711750532575195
2025-11-29,CR00003,C++ for Beginners,Programming,0.0,0.0,0.0,0.0
2025-11-29,CR00001,Python Basics,Programming,0.0,198.33148091940384,0.0,198.33148091940384
2025-11-29,CR00021,Data Analysis with Python,Data Science,3.0,0.0,0.0,0.0
2025-11-29,CR00057,SEO for E-commerce,Digital Marketing,0.0,76.3132743919034,0.0,76.3132743919034
2025-11-29,CR00013,Finance for Startups,Business,1.0,0.0,0.0,0.0
2025-11-29,CR00024,Big Data Analytics,Data Science,1.0,47.57059763657318,117.68,47.57059763657318
2025-11-29,CR00030,Reinforcement Learning,Machine Learning,1.0,0.0,0.0,0.0
2025-11-29,CR00035,Cyber Threat Intelligence,Cybersecurity,0.0,0.0,0.0,0.0
2025-11-29,CR00053,React for Beginners,Web Development,0.0,0.0,0.0,0.0
2025-11-29,CR00051,HTML & CSS,Web Development,2.0,12.096843839469777,75.78,12.096843839469777
2025-11-29,CR00041,Financial Accounting,Finance,0.0,23.979368161438224,0.0,23.979368161438224
2025-11-29,CR00026,Intro to Machine Learning,Machine Learning,0.0,0.0,0.0,0.0
2025-11-29,CR00039,Project Planning,Project Management,1.0,137.66932266479066,346.71,137.66932266479066
2025-11-29,CR00042,Investment Strategies,Finance,0.0,0.0,0.0,0.0
2025-11-29,CR00036,Agile Project Management,Project Management,0.0,4.228116769653958,0.0,4.228116769653958
2025-11-29,CR00031,Network Security,Cybersecurity,1.0,0.0,0.0,0.0
2025-11-29,CR00043,Corporate Finance,Finance,1.0,0.0,0.0,0.0
2025-11-29,CR00033,Cybersecurity Fundamentals,Cybersecurity,0.0,0.0,0.0,0.0
2025-11-29,CR00044,Personal Finance,Finance,1.0,50.25034318343876,119.04,50.25034318343876
2025-11-29,CR00060,Content Creation,Digital Marketing,0.0,0.0,0.0,0.0
2025-11-29,CR00038,Risk Management,Project Management,0.0,147.33879260683318,0.0,147.33879260683318
2025-11-29,CR00032,Ethical Hacking,Cybersecurity,2.0,0.0,0.0,0.0
2025-11-29,CR00045,Financial Modeling,Finance,0.0,0.0,0.0,0.0
2025-11-29,CR00054,Backend Development with Node.js,Web Development,0.0,0.8369774657650666,0.0,0.8369774657650666
2025-11-29,CR00049,Deep Learning,Artificial Intelligence,1.0,158.59741857517622,415.51,158.59741857517622
2025-11-29,CR00025,Statistical Analysis,Data Science,0.0,107.71861972362109,0.0,107.71861972362109
2025-11-29,CR00048,AI Ethics,Artificial Intelligence,0.0,0.0,0.0,0.0
2025-11-29,CR00034,Data Encryption,Cybersecurity,0.0,146.81580211464322,0.0,146.81580211464322
2025-11-29,CR00029,Natural Language Processing,Machine Learning,0.0,1.055802527705609,0.0,1.055802527705609
2025-11-29,CR00047,Natural Language Processing,Artificial Intelligence,1.0,24.732789423128743,89.59,24.732789423128743
2025-11-29,CR00040,Leadership in Projects,Project Management,0.0,159.88577588285307,0.0,159.88577588285307
2025-11-29,CR00052,JavaScript Mastery,Web Development,0.0,0.6106044230605363,0.0,0.6106044230605363
2025-11-29,CR00046,AI for Beginners,Artificial Intelligence,0.0,96.17472965009463,0.0,96.17472965009463
2025-11-29,CR00037,Scrum Essentials,Project Management,0.0,0.0,0.0,0.0
2025-11-29,CR00050,Computer Vision,Artificial Intelligence,1.0,244.96774430299047,490.9,244.96774430299047
2025-11-29,CR00027,Neural Networks,Machine Learning,1.0,0.0,0.0,0.0
2025-11-29,CR00028,Deep Learning,Machine Learning,0.0,0.9901945589366363,0.0,0.9901945589366363
2025-11-30,CR00033,Cybersecurity Fundamentals,Cybersecurity,0.0,0.0,0.0,0.0
2025-11-30,CR00034,Data Encryption,Cybersecurity,1.0,134.03262896291045,394.26,134.03262896291045
2025-11-30,CR00017,SEO Mastery,Marketing,0.0,1.7482405212376477,0.0,1.7482405212376477
2025-11-30,CR00015,Leadership Essentials,Business,1.0,141.87423897585182,285.05,141.87423897585182
2025-11-30,CR00016,Digital Marketing,Marketing,1.0,0.0,0.0,0.0
2025-11-30,CR00025,Statistical Analysis,Data Science,3.0,106.88979437602039,898.71,106.88979437602039
2025-11-30,CR00053,React for Beginners,Web Development,0.0,0.0,0.0,0.0
2025-11-30,CR00018,Social Media Marketing,Marketing,0.0,0.0,0.0,0.0
2025-11-30,CR00056,Google Ads Mastery,Digital Marketing,0.0,68.55501151761601,0.0,68.55501151761601
2025-11-30,CR00019,Content Marketing,Marketing,0.0,0.0,0.0,0.0
2025-11-30,CR00030,Reinforcement Learning,Machine Learning,3.0,0.0,0.0,0.0
2025-11-30,CR00020,Email Marketing,Marketing,1.0,0.0,0.0,0.0
2025-11-30,CR00029,Natural Language Processing,Machine Learning,1.0,0.2269771801049103,0.0,0.2269771801049103
2025-11-30,CR00060,Content Creation,Digital Marketing,0.0,0.0,0.0,0.0
2025-11-30,CR00021,Data Analysis with Python,Data Science,1.0,0.2737206891713626,0.0,0.2737206891713626
2025-11-30,CR00028,Deep Learning,Machine Learning,0.0,0.3977151692761609,0.0,0.3977151692761609
2025-11-30,CR00054,Backend Development with Node.js,Web Development,0.0,0.10333383478712932,0.0,0.10333383478712932
2025-11-30,CR00022,Data Visualization,Data Science,0.0,5.09823611509227,0.0,5.09823611509227
2025-11-30,CR00055,Full-Stack Web Development,Web Development,1.0,21.330853930733138,57.32,21.330853930733138
2025-11-30,CR00027,Neural Networks,Machine Learning,0.0,0.0,0.0,0.0
2025-11-30,CR00032,Ethical Hacking,Cybersecurity,0.0,0.0,0.0,0.0
2025-11-30,CR00031,Network Security,Cybersecurity,1.0,0.0,0.0,0.0
2025-11-30,CR00037,Scrum Essentials,Project Management,0.0,0.0,0.0,0.0
2025-11-30,CR00014,Sales Mastery,Business,0.0,0.0,0.0,0.0
2025-11-30,CR00049,Deep Learning,Artificial Intelligence,0.0,147.7682243200894,0.0,147.7682243200894
2025-11-30,CR00001,Python Basics,Programming,0.0,176.4667508907442,0.0,176.4667508907442
2025-11-30,CR00048,AI Ethics,Artificial Intelligence,2.0,0.0,0.0,0.0
2025-11-30,CR00002,Java Programming,Programming,0.0,0.0,0.0,0.0
2025-11-30,CR00047,Natural Language Processing,Artificial Intelligence,1.0,24.832149605140593,89.59,24.832149605140593
2025-11-30,CR00003,C++ for Beginners,Programming,1.0,0.0,0.0,0.0
2025-11-30,CR00046,AI for Beginners,Artificial Intelligence,0.0,92.81311400120113,0.0,92.81311400120113
2025-11-30,CR00004,Advanced Python,Programming,1.0,0.0,0.0,0.0
2025-11-30,CR00050,Computer Vision,Artificial Intelligence,2.0,244.8986730091247,981.8,244.8986730091247
2025-11-30,CR00059,Affiliate Marketing,Digital Marketing,0.0,0.0,0.0,0.0
2025-11-30,CR00045,Financial Modeling,Finance,1.0,0.0,0.0,0.0
2025-11-30,CR00005,Full Stack Development,Programming,0.0,0.0,0.0,0.0
2025-11-30,CR00044,Personal Finance,Finance,0.0,49.449359768813345,0.0,49.449359768813345
2025-11-30,CR00006,Graphic Design Basics,Design,0.0,104.44088310028911,0.0,104.44088310028911
2025-11-30,CR00043,Corporate Finance,Finance,0.0,1.0173122536691892,0.0,1.0173122536691892
2025-11-30,CR00007,UI/UX Design,Design,0.0,0.0,0.0,0.0
2025-11-30,CR00042,Investment Strategies,Finance,1.0,0.0,0.0,0.0
2025-11-30,CR00036,Agile Project Management,Project Management,1.0,4.524805794327207,0.0,4.524805794327207
2025-11-30,CR00057,SEO for E-commerce,Digital Marketing,0.0,72.18232151533606,0.0,72.18232151533606
2025-11-30,CR00052,JavaScript Mastery,Web Development,0.0,0.0,0.0,0.0
2025-11-30,CR00012,Business Strategy,Business,0.0,227.31339477729693,0.0,227.31339477729693
2025-11-30,CR00038,Risk Management,Project Management,0.0,145.16084614592015,0.0,145.16084614592015
2025-11-30,CR00011,Entrepreneurship 101,Business,1.0,127.09165714737847,326.02,127.09165714737847
2025-11-30,CR00035,Cyber Threat Intelligence,Cybersecurity,0.0,0.0,0.0,0.0
2025-11-30,CR00039,Project Planning,Project Management,0.0,133.90291452394175,0.0,133.90291452394175
2025-11-30,CR00040,Leadership in Projects,Project Management,3.0,147.2060011344804,983.97,147.2060011344804
2025-11-30,CR00058,Social Media Strategy,Digital Marketing,2.0,0.0,0.0,0.0
2025-11-30,CR00009,Web Design Fundamentals,Design,1.0,1.4204059560615647,0.0,1.4204059560615647
2025-11-30,CR00051,HTML & CSS,Web Development,0.0,11.059081120824068,0.0,11.059081120824068
2025-11-30,CR00041,Financial Accounting,Finance,1.0,23.04900467415016,53.86,23.04900467415016
2025-11-30,CR00008,Photoshop Mastery,Design,1.0,0.0,0.0,0.0
2025-11-30,CR00010,3D Modeling,Design,1.0,0.0,0.0,0.0
2025-11-30,CR00023,Machine Learning Fundamentals,Data Science,0.0,1.8628240514217893,0.0,1.8628240514217893
2025-11-30,CR00013,Finance for Startups,Business,0.0,0.0,0.0,0.0
2025-11-30,CR00026,Intro to Machine Learning,Machine Learning,0.0,0.0,0.0,0.0
2025-11-30,CR00024,Big Data Analytics,Data Science,0.0,42.713305094397285,0.0,42.713305094397285
2025-12-01,CR00015,Leadership Essentials,Business,0.0,130.77314983317473,0.0,130.77314983317473
2025-12-01,CR00034,Data Encryption,Cybersecurity,1.0,117.95250776529802,394.26,117.95250776529802
2025-12-01,CR00037,Scrum Essentials,Project Management,0.0,0.0,0.0,0.0
2025-12-01,CR00006,Graphic Design Basics,Design,0.0,110.14056981035401,0.0,110.14056981035401
2025-12-01,CR00016,Digital Marketing,Marketing,0.0,0.0,0.0,0.0
2025-12-01,CR00044,Personal Finance,Finance,0.0,56.923193914839615,0.0,56.923193914839615
2025-12-01,CR00049,Deep Learning,Artificial Intelligence,0.0,151.5472036540606,0.0,151.5472036540606
2025-12-01,CR00024,Big Data Analytics,Data Science,0.0,46.84246771301747,0.0,46.84246771301747
2025-12-01,CR00021,Data Analysis with Python,Data Science,1.0,0.0,0.0,0.0
2025-12-01,CR00033,Cybersecurity Fundamentals,Cybersecurity,0.0,0.0,0.0,0.0
2025-12-01,CR00008,Photoshop Mastery,Design,0.0,0.0,0.0,0.0
2025-12-01,CR00055,Full-Stack Web Development,Web Development,1.0,18.197968208682035,57.32,18.197968208682035
2025-12-01,CR00005,Full Stack Development,Programming,0.0,0.0,0.0,0.0
2025-12-01,CR00032,Ethical Hacking,Cybersecurity,1.0,0.0,0.0,0.0
2025-12-01,CR00012,Business Strategy,Business,0.0,241.165196864804,0.0,241.165196864804
2025-12-01,CR00009,Web Design Fundamentals,Design,1.0,0.0,0.0,0.0
2025-12-01,CR00038,Risk Management,Project Management,0.0,161.00916709559914,0.0,161.00916709559914
2025-12-01,CR00025,Statistical Analysis,Data Science,2.0,120.34372430128383,599.14,120.34372430128383
2025-12-01,CR00060,Content Creation,Digital Marketing,1.0,0.0,0.0,0.0
2025-12-01,CR00042,Investment Strategies,Finance,1.0,0.0,0.0,0.0
2025-12-01,CR00057,SEO for E-commerce,Digital Marketing,1.0,68.74499814175637,177.34,68.74499814175637
2025-12-01,CR00036,Agile Project Management,Project Management,0.0,1.8055178991876346,0.0,1.8055178991876346
2025-12-01,CR00014,Sales Mastery,Business,0.0,0.0,0.0,0.0
2025-12-01,CR00022,Data Visualization,Data Science,1.0,3.4497155459912605,0.0,3.4497155459912605
2025-12-01,CR00013,Finance for Startups,Business,0.0,0.0,0.0,0.0
2025-12-01,CR00035,Cyber Threat Intelligence,Cybersecurity,0.0,0.0,0.0,0.0
2025-12-01,CR00028,Deep Learning,Machine Learning,0.0,0.0,0.0,0.0
2025-12-01,CR00052,JavaScript Mastery,Web Development,0.0,0.0,0.0,0.0
2025-12-01,CR00007,UI/UX Design,Design,0.0,0.0,0.0,0.0
2025-12-01,CR00054,Backend Development with Node.js,Web Development,1.0,0.0,0.0,0.0
2025-12-01,CR00043,Corporate Finance,Finance,1.0,0.0,0.0,0.0
2025-12-01,CR00051,HTML & CSS,Web Development,1.0,10.464264990483521,37.89,10.464264990483521
2025-12-01,CR00048,AI Ethics,Artificial Intelligence,1.0,0.0,0.0,0.0
2025-12-01,CR00002,Java Programming,Programming,2.0,0.0,0.0,0.0
2025-12-01,CR00001,Python Basics,Programming,1.0,222.65457728102828,472.28,222.65457728102828
2025-12-01,CR00041,Financial Accounting,Finance,0.0,23.81092495142576,0.0,23.81092495142576
2025-12-01,CR00026,Intro to Machine Learning,Machine Learning,1.0,0.0,0.0,0.0
2025-12-01,CR00017,SEO Mastery,Marketing,1.0,0.3340230854571118,0.0,0.3340230854571118
2025-12-01,CR00018,Social Media Marketing,Marketing,0.0,0.0,0.0,0.0
2025-12-01,CR00031,Network Security,Cybersecurity,0.0,0.0,0.0,0.0
2025-12-01,CR00056,Google Ads Mastery,Digital Marketing,0.0,81.25234099294616,0.0,81.25234099294616
2025-12-01,CR00019,Content Marketing,Marketing,0.0,0.0,0.0,0.0
2025-12-01,CR00020,Email Marketing,Marketing,0.0,0.0,0.0,0.0
2025-12-01,CR00039,Project Planning,Project Management,0.0,146.51965775867404,0.0,146.51965775867404
2025-12-01,CR00058,Social Media Strategy,Digital Marketing,1.0,0.0,0.0,0.0
2025-12-01,CR00010,3D Modeling,Design,2.0,0.0,0.0,0.0
2025-12-01,CR00004,Advanced Python,Programming,0.0,0.0,0.0,0.0
2025-12-01,CR00059,Affiliate Marketing,Digital Marketing,0.0,0.0,0.0,0.0
2025-12-01,CR00011,Entrepreneurship 101,Business,0.0,123.84119425825595,0.0,123.84119425825595
2025-12-01,CR00046,AI for Beginners,Artificial Intelligence,0.0,92.78675922336349,0.0,92.78675922336349
2025-12-01,CR00023,Machine Learning Fundamentals,Data Science,1.0,0.02097415298742078,0.0,0.02097415298742078
2025-12-01,CR00045,Financial Modeling,Finance,1.0,0.0,0.0,0.0
2025-12-01,CR00050,Computer Vision,Artificial Intelligence,1.0,233.7604815882974,490.9,233.7604815882974
2025-12-01,CR00030,Reinforcement Learning,Machine Learning,1.0,0.0,0.0,0.0
2025-12-01,CR00029,Natural Language Processing,Machine Learning,1.0,0.0,0.0,0.0
2025-12-01,CR00040,Leadership in Projects,Project Management,0.0,134.70861248991952,0.0,134.70861248991952
2025-12-01,CR00027,Neural Networks,Machine Learning,0.0,0.0,0.0,0.0
2025-12-01,CR00053,React for Beginners,Web Development,0.0,0.0,0.0,0.0
2025-12-01,CR00003,C++ for Beginners,Programming,1.0,0.0,0.0,0.0
2025-12-01,CR00047,Natural Language Processing,Artificial Intelligence,1.0,22.576995423768075,89.59,22.576995423768075
2025-12-02,CR00014,Sales Mastery,Business,0.0,0.0,0.0,0.0
2025-12-02,CR00057,SEO for E-commerce,Digital Marketing,0.0,66.89807763871613,0.0,66.89807763871613
2025-12-02,CR00054,Backend Development with Node.js,Web Development,0.0,0.0,0.0,0.0
2025-12-02,CR00019,Content Marketing,Marketing,0.0,0.26221566241927974,0.0,0.26221566241927974
2025-12-02,CR00042,Investment Strategies,Finance,0.0,0.0,0.0,0.0
2025-12-02,CR00022,Data Visualization,Data Science,0.0,3.4522565023437437,0.0,3.4522565023437437
2025-12-02,CR00007,UI/UX Design,Design,0.0,0.0,0.0,0.0
2025-12-02,CR00004,Advanced Python,Programming,1.0,0.0,0.0,0.0
2025-12-02,CR00036,Agile Project Management,Project Management,2.0,3.5337250089891086,0.0,3.5337250089891086
2025-12-02,CR00035,Cyber Threat Intelligence,Cybersecurity,0.0,0.0,0.0,0.0
2025-12-02,CR00030,Reinforcement Learning,Machine Learning,0.0,0.0,0.0,0.0
2025-12-02,CR00031,Network Security,Cybersecurity,0.0,0.0,0.0,0.0
2025-12-02,CR00046,AI for Beginners,Artificial Intelligence,0.0,92.89138818176303,0.0,92.89138818176303
2025-12-02,CR00047,Natural Language Processing,Artificial Intelligence,0.0,28.496684526146232,0.0,28.496684526146232
2025-12-02,CR00020,Email Marketing,Marketing,0.0,0.0,0.0,0.0
2025-12-02,CR00050,Computer Vision,Artificial Intelligence,0.0,232.17285005139746,0.0,232.17285005139746
2025-12-02,CR00029,Natural Language Processing,Machine Learning,0.0,0.0,0.0,0.0
2025-12-02,CR00032,Ethical Hacking,Cybersecurity,0.0,0.0,0.0,0.0
2025-12-02,CR00005,Full Stack Development,Programming,0.0,0.0,0.0,0.0
2025-12-02,CR00017,SEO Mastery,Marketing,0.0,0.5209809378081616,0.0,0.5209809378081616
2025-12-02,CR00003,C++ for Beginners,Programming,1.0,0.0,0.0,0.0
2025-12-02,CR00033,Cybersecurity Fundamentals,Cybersecurity,0.0,0.0,0.0,0.0
2025-12-02,CR00053,React for Beginners,Web Development,1.0,0.0,0.0,0.0
2025-12-02,CR00021,Data Analysis with Python,Data Science,2.0,0.0,0.0,0.0
2025-12-02,CR00044,Personal Finance,Finance,2.0,54.10965345280077,238.08,54.10965345280077
2025-12-02,CR00048,AI Ethics,Artificial Intelligence,1.0,0.0,0.0,0.0
2025-12-02,CR00045,Financial Modeling,Finance,0.0,0.0,0.0,0.0
2025-12-02,CR00018,Social Media Marketing,Marketing,0.0,0.0,0.0,0.0
2025-12-02,CR00006,Graphic Design Basics,Design,0.0,115.30800859498808,0.0,115.30800859498808
2025-12-02,CR00059,Affiliate Marketing,Digital Marketing,0.0,0.0,0.0,0.0
2025-12-02,CR00034,Data Encryption,Cybersecurity,2.0,174.74334979566126,788.52,174.74334979566126
2025-12-02,CR00015,Leadership Essentials,Business,0.0,135.66850188041462,0.0,135.66850188041462
2025-12-02,CR00028,Deep Learning,Machine Learning,2.0,0.0,1.56,0.0
2025-12-02,CR00026,Intro to Machine Learning,Machine Learning,1.0,0.0,0.0,0.0
2025-12-02,CR00056,Google Ads Mastery,Digital Marketing,0.0,95.05850756196409,0.0,95.05850756196409
2025-12-02,CR00002,Java Programming,Programming,0.0,0.0,0.0,0.0
2025-12-02,CR00016,Digital Marketing,Marketing,0.0,0.0,0.0,0.0
2025-12-02,CR00008,Photoshop Mastery,Design,2.0,0.0,0.0,0.0
2025-12-02,CR00043,Corporate Finance,Finance,1.0,1.1524169244769666,0.0,1.1524169244769666
2025-12-02,CR00001,Python Basics,Programming,0.0,180.86049340480255,0.0,180.86049340480255
2025-12-02,CR00013,Finance for Startups,Business,1.0,0.0,0.0,0.0
2025-12-02,CR00052,JavaScript Mastery,Web Development,1.0,0.05098739993859169,0.0,0.05098739993859169
2025-12-02,CR00011,Entrepreneurship 101,Business,1.0,147.3762240258834,326.02,147.3762240258834
2025-12-02,CR00049,Deep Learning,Artificial Intelligence,0.0,175.28263860688418,0.0,175.28263860688418
2025-12-02,CR00041,Financial Accounting,Finance,0.0,23.308035008008254,0.0,23.308035008008254
2025-12-02,CR00010,3D Modeling,Design,3.0,0.0,0.0,0.0
2025-12-02,CR00055,Full-Stack Web Development,Web Development,3.0,20.174965042957528,171.96,20.174965042957528
2025-12-02,CR00025,Statistical Analysis,Data Science,0.0,116.42730014140287,0.0,116.42730014140287
2025-12-02,CR00038,Risk Management,Project Management,0.0,146.10153297546893,0.0,146.10153297546893
2025-12-02,CR00058,Social Media Strategy,Digital Marketing,1.0,0.0,0.0,0.0
2025-12-02,CR00012,Business Strategy,Business,0.0,198.55702614822002,0.0,198.55702614822002
2025-12-02,CR00027,Neural Networks,Machine Learning,1.0,0.0,0.0,0.0
2025-12-02,CR00040,Leadership in Projects,Project Management,1.0,147.0807077411551,327.99,147.0807077411551
2025-12-02,CR00023,Machine Learning Fundamentals,Data Science,1.0,2.238123586855302,0.0,2.238123586855302
2025-12-02,CR00024,Big Data Analytics,Data Science,1.0,63.728698020390304,117.68,63.728698020390304
2025-12-02,CR00060,Content Creation,Digital Marketing,3.0,0.0,0.0,0.0
2025-12-02,CR00051,HTML & CSS,Web Development,0.0,11.949058924382719,0.0,11.949058924382719
2025-12-02,CR00009,Web Design Fundamentals,Design,0.0,1.5087775774308483,0.0,1.5087775774308483
2025-12-02,CR00039,Project Planning,Project Management,0.0,137.06799035525694,0.0,137.06799035525694
2025-12-02,CR00037,Scrum Essentials,Project Management,0.0,0.0,0.0,0.0
2025-12-03,CR00032,Ethical Hacking,Cybersecurity,0.0,0.0,0.0,0.0
2025-12-03,CR00059,Affiliate Marketing,Digital Marketing,2.0,0.0,0.0,0.0
2025-12-03,CR00025,Statistical Analysis,Data Science,0.0,145.22497722745587,0.0,145.22497722745587
2025-12-03,CR00043,Corporate Finance,Finance,0.0,2.2297768995690674,0.0,2.2297768995690674
2025-12-03,CR00008,Photoshop Mastery,Design,0.0,0.0,0.0,0.0
2025-12-03,CR00028,Deep Learning,Machine Learning,0.0,2.0005466636321216,0.0,2.0005466636321216
2025-12-03,CR00049,Deep Learning,Artificial Intelligence,0.0,149.60156522283816,0.0,149.60156522283816
2025-12-03,CR00055,Full-Stack Web Development,Web Development,0.0,23.241781973261787,0.0,23.241781973261787
2025-12-03,CR00015,Leadership Essentials,Business,1.0,139.51353527328575,285.05,139.51353527328575
2025-12-03,CR00044,Personal Finance,Finance,0.0,48.080497451667576,0.0,48.080497451667576
2025-12-03,CR00003,C++ for Beginners,Programming,0.0,0.0,0.0,0.0
2025-12-03,CR00009,Web Design Fundamentals,Design,1.0,2.918828707459511,0.0,2.918828707459511
2025-12-03,CR00029,Natural Language Processing,Machine Learning,0.0,0.9809829590384851,0.0,0.9809829590384851
2025-12-03,CR00016,Digital Marketing,Marketing,0.0,0.0,0.0,0.0
2025-12-03,CR00053,React for Beginners,Web Development,0.0,0.0,0.0,0.0
2025-12-03,CR00037,Scrum Essentials,Project Management,0.0,0.0,0.0,0.0
2025-12-03,CR00006,Graphic Design Basics,Design,0.0,103.43710529230943,0.0,103.43710529230943
2025-12-03,CR00027,Neural Networks,Machine Learning,2.0,1.0491786410804167,0.0,1.0491786410804167
2025-12-03,CR00045,Financial Modeling,Finance,0.0,0.6361419127969441,0.0,0.6361419127969441
2025-12-03,CR00011,Entrepreneurship 101,Business,0.0,131.72074635239954,0.0,131.72074635239954
2025-12-03,CR00051,HTML & CSS,Web Development,1.0,13.024469260506368,37.89,13.024469260506368
2025-12-03,CR00034,Data Encryption,Cybersecurity,1.0,169.2899203313532,394.26,169.2899203313532
2025-12-03,CR00002,Java Programming,Programming,0.0,0.0,0.0,0.0
2025-12-03,CR00033,Cybersecurity Fundamentals,Cybersecurity,0.0,0.0,0.0,0.0
2025-12-03,CR00058,Social Media Strategy,Digital Marketing,1.0,0.0,0.0,0.0
2025-12-03,CR00018,Social Media Marketing,Marketing,0.0,0.0,0.0,0.0
2025-12-03,CR00039,Project Planning,Project Management,0.0,138.65383799016598,0.0,138.65383799016598
2025-12-03,CR00020,Email Marketing,Marketing,0.0,0.0,0.0,0.0
2025-12-03,CR00014,Sales Mastery,Business,0.0,0.0,0.0,0.0
2025-12-03,CR00019,Content Marketing,Marketing,0.0,0.0,0.0,0.0
2025-12-03,CR00038,Risk Management,Project Management,1.0,155.1750158410399,342.61,155.1750158410399
2025-12-03,CR00004,Advanced Python,Programming,1.0,0.0,0.0,0.0
2025-12-03,CR00040,Leadership in Projects,Project Management,0.0,148.44463008856718,0.0,148.44463008856718
2025-12-03,CR00036,Agile Project Management,Project Management,0.0,6.68702153189119,0.0,6.68702153189119
2025-12-03,CR00010,3D Modeling,Design,1.0,0.0,0.0,0.0
2025-12-03,CR00042,Investment Strategies,Finance,1.0,0.0,0.0,0.0
2025-12-03,CR00023,Machine Learning Fundamentals,Data Science,0.0,1.998521716926227,0.0,1.998521716926227
2025-12-03,CR00030,Reinforcement Learning,Machine Learning,0.0,0.0,0.0,0.0
2025-12-03,CR00057,SEO for E-commerce,Digital Marketing,1.0,70.72855533297495,177.34,70.72855533297495
2025-12-03,CR00005,Full Stack Development,Programming,0.0,0.0,0.0,0.0
2025-12-03,CR00012,Business Strategy,Business,0.0,191.23114308605085,0.0,191.23114308605085
2025-12-03,CR00046,AI for Beginners,Artificial Intelligence,1.0,93.59459739694239,248.1,93.59459739694239
2025-12-03,CR00052,JavaScript Mastery,Web Development,1.0,1.6269185774047301,0.0,1.6269185774047301
2025-12-03,CR00001,Python Basics,Programming,1.0,177.91014957065286,472.28,177.91014957065286
2025-12-03,CR00026,Intro to Machine Learning,Machine Learning,0.0,0.0,0.0,0.0
2025-12-03,CR00022,Data Visualization,Data Science,0.0,7.282319334935252,0.0,7.282319334935252
2025-12-03,CR00048,AI Ethics,Artificial Intelligence,1.0,0.0,0.0,0.0
2025-12-03,CR00060,Content Creation,Digital Marketing,0.0,0.0,0.0,0.0
2025-12-03,CR00024,Big Data Analytics,Data Science,3.0,54.54976492711517,353.04,54.54976492711517
2025-12-03,CR00056,Google Ads Mastery,Digital Marketing,0.0,98.98823496827049,0.0,98.98823496827049
2025-12-03,CR00054,Backend Development with Node.js,Web Development,0.0,1.5019058554278644,0.0,1.5019058554278644
2025-12-03,CR00047,Natural Language Processing,Artificial Intelligence,2.0,30.391761057893696,179.18,30.391761057893696
2025-12-03,CR00031,Network Security,Cybersecurity,0.0,0.0,0.0,0.0
2025-12-03,CR00007,UI/UX Design,Design,1.0,0.0,0.0,0.0
2025-12-03,CR00041,Financial Accounting,Finance,0.0,24.090846218493766,0.0,24.090846218493766
2025-12-03,CR00035,Cyber Threat Intelligence,Cybersecurity,2.0,0.0,0.0,0.0
2025-12-03,CR00017,SEO Mastery,Marketing,1.0,2.9313170055717848,0.0,2.9313170055717848
2025-12-03,CR00013,Finance for Startups,Business,0.0,1.0092091655707591,0.0,1.0092091655707591
2025-12-03,CR00050,Computer Vision,Artificial Intelligence,0.0,224.65166695892447,0.0,224.65166695892447
2025-12-03,CR00021,Data Analysis with Python,Data Science,0.0,1.5989727228269217,0.0,1.5989727228269217
2025-12-04,CR00047,Natural Language Processing,Artificial Intelligence,1.0,24.682685169538864,89.59,24.682685169538864
2025-12-04,CR00027,Neural Networks,Machine Learning,0.0,0.0,0.0,0.0
2025-12-04,CR00059,Affiliate Marketing,Digital Marketing,0.0,0.0,0.0,0.0
2025-12-04,CR00038,Risk Management,Project Management,1.0,152.09407238566308,342.61,152.09407238566308
2025-12-04,CR00023,Machine Learning Fundamentals,Data Science,0.0,2.955510801867632,0.0,2.955510801867632
2025-12-04,CR00030,Reinforcement Learning,Machine Learning,1.0,0.0,0.0,0.0
2025-12-04,CR00026,Intro to Machine Learning,Machine Learning,0.0,0.0,0.0,0.0
2025-12-04,CR00004,Advanced Python,Programming,0.0,0.0,0.0,0.0
2025-12-04,CR00019,Content Marketing,Marketing,0.0,1.498945876414993,0.0,1.498945876414993
2025-12-04,CR00010,3D Modeling,Design,0.0,0.0,0.0,0.0
2025-12-04,CR00031,Network Security,Cybersecurity,1.0,0.0,0.0,0.0
2025-12-04,CR00040,Leadership in Projects,Project Management,0.0,136.67004594056513,0.0,136.67004594056513
2025-12-04,CR00029,Natural Language Processing,Machine Learning,0.0,1.1099525230251146,0.0,1.1099525230251146
2025-12-04,CR00050,Computer Vision,Artificial Intelligence,0.0,206.80328016909158,0.0,206.80328016909158
2025-12-04,CR00056,Google Ads Mastery,Digital Marketing,0.0,90.5465055380375,0.0,90.5465055380375
2025-12-04,CR00020,Email Marketing,Marketing,2.0,0.0,0.0,0.0
2025-12-04,CR00045,Financial Modeling,Finance,2.0,0.8267821698524074,0.0,0.8267821698524074
2025-12-04,CR00018,Social Media Marketing,Marketing,1.0,0.0,0.0,0.0
2025-12-04,CR00011,Entrepreneurship 101,Business,2.0,159.2495958987599,652.04,159.2495958987599
2025-12-04,CR00053,React for Beginners,Web Development,0.0,0.0,0.0,0.0
2025-12-04,CR00058,Social Media Strategy,Digital Marketing,1.0,0.0,0.0,0.0
2025-12-04,CR00003,C++ for Beginners,Programming,1.0,0.0,0.0,0.0
2025-12-04,CR00039,Project Planning,Project Management,0.0,172.227793635432,0.0,172.227793635432
2025-12-04,CR00032,Ethical Hacking,Cybersecurity,2.0,0.0,0.0,0.0
2025-12-04,CR00008,Photoshop Mastery,Design,1.0,0.0,0.0,0.0
2025-12-04,CR00012,Business Strategy,Business,2.0,170.39471674662056,975.84,170.39471674662056
2025-12-04,CR00034,Data Encryption,Cybersecurity,0.0,146.11037331388263,0.0,146.11037331388263
2025-12-04,CR00015,Leadership Essentials,Business,1.0,140.13552157101356,285.05,140.13552157101356
2025-12-04,CR00049,Deep Learning,Artificial Intelligence,0.0,179.48408147319378,0.0,179.48408147319378
2025-12-04,CR00028,Deep Learning,Machine Learning,1.0,0.41798144063743337,0.78,0.41798144063743337
2025-12-04,CR00043,Corporate Finance,Finance,3.0,2.108048431816499,0.0,2.108048431816499
2025-12-04,CR00060,Content Creation,Digital Marketing,0.0,0.0,0.0,0.0
2025-12-04,CR00001,Python Basics,Programming,0.0,172.04267107242327,0.0,172.04267107242327
2025-12-04,CR00048,AI Ethics,Artificial Intelligence,3.0,0.0,0.0,0.0
2025-12-04,CR00046,AI for Beginners,Artificial Intelligence,0.0,105.99161554431046,0.0,105.99161554431046
2025-12-04,CR00024,Big Data Analytics,Data Science,1.0,58.40044238553518,117.68,58.40044238553518
2025-12-04,CR00054,Backend Development with Node.js,Web Development,1.0,2.267858457937706,0.0,2.267858457937706
2025-12-04,CR00007,UI/UX Design,Design,1.0,0.0,0.0,0.0
2025-12-04,CR00035,Cyber Threat Intelligence,Cybersecurity,1.0,0.0,0.0,0.0
2025-12-04,CR00022,Data Visualization,Data Science,0.0,6.714674785099696,0.0,6.714674785099696
2025-12-04,CR00014,Sales Mastery,Business,1.0,0.9789541320218476,0.0,0.9789541320218476
2025-12-04,CR00013,Finance for Startups,Business,1.0,0.36194765977050025,0.0,0.36194765977050025
2025-12-04,CR00042,Investment Strategies,Finance,0.0,0.0,0.0,0.0
2025-12-04,CR00041,Financial Accounting,Finance,0.0,23.32358637919156,0.0,23.32358637919156
2025-12-04,CR00036,Agile Project Management,Project Management,0.0,1.82702655605069,0.0,1.82702655605069
2025-12-04,CR00052,JavaScript Mastery,Web Development,0.0,0.29787299888830177,0.0,0.29787299888830177
2025-12-04,CR00057,SEO for E-commerce,Digital Marketing,0.0,68.57161040291953,0.0,68.57161040291953
2025-12-04,CR00051,HTML & CSS,Web Development,1.0,12.641755417669703,37.89,12.641755417669703
2025-12-04,CR00006,Graphic Design Basics,Design,0.0,102.20389016498928,0.0,102.20389016498928
2025-12-04,CR00002,Java Programming,Programming,1.0,0.0,0.0,0.0
2025-12-04,CR00033,Cybersecurity Fundamentals,Cybersecurity,0.0,0.0,0.0,0.0
2025-12-04,CR00055,Full-Stack Web Development,Web Development,1.0,21.402425038663495,57.32,21.402425038663495
2025-12-04,CR00037,Scrum Essentials,Project Management,0.0,0.0,0.0,0.0
2025-12-04,CR00005,Full Stack Development,Programming,0.0,0.0,0.0,0.0
2025-12-04,CR00016,Digital Marketing,Marketing,1.0,0.0,0.0,0.0
2025-12-04,CR00009,Web Design Fundamentals,Design,0.0,2.8663603277749203,0.0,2.8663603277749203
2025-12-04,CR00021,Data Analysis with Python,Data Science,0.0,0.9804783189185216,0.0,0.9804783189185216
2025-12-04,CR00025,Statistical Analysis,Data Science,1.0,113.57587360344556,299.57,113.57587360344556
2025-12-04,CR00017,SEO Mastery,Marketing,0.0,3.183627955696082,0.0,3.183627955696082
2025-12-04,CR00044,Personal Finance,Finance,0.0,48.79912993387751,0.0,48.79912993387751
2025-12-05,CR00010,3D Modeling,Design,0.0,0.0,0.0,0.0
2025-12-05,CR00007,UI/UX Design,Design,0.0,0.0,0.0,0.0
2025-12-05,CR00004,Advanced Python,Programming,1.0,0.0,0.0,0.0
2025-12-05,CR00014,Sales Mastery,Business,0.0,0.0,0.0,0.0
2025-12-05,CR00009,Web Design Fundamentals,Design,1.0,0.0,0.0,0.0
2025-12-05,CR00013,Finance for Startups,Business,1.0,0.0,0.0,0.0
2025-12-05,CR00053,React for Beginners,Web Development,3.0,0.0,0.0,0.0
2025-12-05,CR00035,Cyber Threat Intelligence,Cybersecurity,1.0,0.0,0.0,0.0
2025-12-05,CR00017,SEO Mastery,Marketing,0.0,0.1918663746923741,0.0,0.1918663746923741
2025-12-05,CR00041,Financial Accounting,Finance,0.0,20.06698664717286,0.0,20.06698664717286
2025-12-05,CR00005,Full Stack Development,Programming,0.0,0.0,0.0,0.0
2025-12-05,CR00036,Agile Project Management,Project Management,0.0,4.450355048577492,0.0,4.450355048577492
2025-12-05,CR00052,JavaScript Mastery,Web Development,0.0,0.0,0.0,0.0
2025-12-05,CR00012,Business Strategy,Business,1.0,194.46825793459058,487.92,194.46825793459058
2025-12-05,CR00057,SEO for E-commerce,Digital Marketing,0.0,73.65184377877483,0.0,73.65184377877483
2025-12-05,CR00008,Photoshop Mastery,Design,0.0,0.0,0.0,0.0
2025-12-05,CR00019,Content Marketing,Marketing,0.0,0.0,0.0,0.0
2025-12-05,CR00042,Investment Strategies,Finance,1.0,0.0,0.0,0.0
2025-12-05,CR00033,Cybersecurity Fundamentals,Cybersecurity,0.0,0.0,0.0,0.0
2025-12-05,CR00040,Leadership in Projects,Project Management,0.0,137.32713124447145,0.0,137.32713124447145
2025-12-05,CR00006,Graphic Design Basics,Design,0.0,119.14300069044822,0.0,119.14300069044822
2025-12-05,CR00051,HTML & CSS,Web Development,2.0,12.636738534537912,75.78,12.636738534537912
2025-12-05,CR00034,Data Encryption,Cybersecurity,1.0,167.13829610415115,394.26,167.13829610415115
2025-12-05,CR00015,Leadership Essentials,Business,0.0,128.76934916426978,0.0,128.76934916426978
2025-12-05,CR00018,Social Media Marketing,Marketing,1.0,0.0,0.0,0.0
2025-12-05,CR00045,Financial Modeling,Finance,1.0,0.0,0.0,0.0
2025-12-05,CR00058,Social Media Strategy,Digital Marketing,1.0,0.0,0.0,0.0
2025-12-05,CR00016,Digital Marketing,Marketing,0.0,0.0,0.0,0.0
2025-12-05,CR00043,Corporate Finance,Finance,2.0,0.6008968055180475,0.0,0.6008968055180475
2025-12-05,CR00031,Network Security,Cybersecurity,1.0,0.0,0.0,0.0
2025-12-05,CR00037,Scrum Essentials,Project Management,1.0,0.0,0.0,0.0
2025-12-05,CR00038,Risk Management,Project Management,1.0,165.61792482151318,342.61,165.61792482151318
2025-12-05,CR00044,Personal Finance,Finance,0.0,41.829705034702314,0.0,41.829705034702314
2025-12-05,CR00059,Affiliate Marketing,Digital Marketing,0.0,0.0,0.0,0.0
2025-12-05,CR00056,Google Ads Mastery,Digital Marketing,1.0,109.8574384027308,212.39,109.8574384027308
2025-12-05,CR00060,Content Creation,Digital Marketing,0.0,0.0,0.0,0.0
2025-12-05,CR00039,Project Planning,Project Management,1.0,159.93786803091137,346.71,159.93786803091137
2025-12-05,CR00050,Computer Vision,Artificial Intelligence,1.0,232.3668383974811,490.9,232.3668383974811
2025-12-05,CR00024,Big Data Analytics,Data Science,0.0,61.89391838887521,0.0,61.89391838887521
2025-12-05,CR00011,Entrepreneurship 101,Business,0.0,154.8391800782373,0.0,154.8391800782373
2025-12-05,CR00032,Ethical Hacking,Cybersecurity,2.0,0.0,0.0,0.0
2025-12-05,CR00046,AI for Beginners,Artificial Intelligence,1.0,112.83628920322477,248.1,112.83628920322477
2025-12-05,CR00025,Statistical Analysis,Data Science,1.0,111.74422145777143,299.57,111.74422145777143
2025-12-05,CR00020,Email Marketing,Marketing,1.0,0.0,0.0,0.0
2025-12-05,CR00028,Deep Learning,Machine Learning,0.0,0.3035802155824001,0.0,0.3035802155824001
2025-12-05,CR00049,Deep Learning,Artificial Intelligence,0.0,208.55958111183094,0.0,208.55958111183094
2025-12-05,CR00001,Python Basics,Programming,0.0,201.8496110269944,0.0,201.8496110269944
2025-12-05,CR00055,Full-Stack Web Development,Web Development,0.0,23.99767683006579,0.0,23.99767683006579
2025-12-05,CR00027,Neural Networks,Machine Learning,0.0,0.0,0.0,0.0
2025-12-05,CR00021,Data Analysis with Python,Data Science,0.0,0.0,0.0,0.0
2025-12-05,CR00022,Data Visualization,Data Science,0.0,6.014605381768803,0.0,6.014605381768803
2025-12-05,CR00048,AI Ethics,Artificial Intelligence,1.0,0.0,0.0,0.0
2025-12-05,CR00029,Natural Language Processing,Machine Learning,0.0,0.0,0.0,0.0
2025-12-05,CR00003,C++ for Beginners,Programming,1.0,0.0,0.0,0.0
2025-12-05,CR00054,Backend Development with Node.js,Web Development,0.0,0.0,0.0,0.0
2025-12-05,CR00002,Java Programming,Programming,0.0,0.0,0.0,0.0
2025-12-05,CR00030,Reinforcement Learning,Machine Learning,0.0,0.0,0.0,0.0
2025-12-05,CR00026,Intro to Machine Learning,Machine Learning,0.0,0.0,0.0,0.0
2025-12-05,CR00023,Machine Learning Fundamentals,Data Science,1.0,0.0,0.0,0.0
2025-12-05,CR00047,Natural Language Processing,Artificial Intelligence,0.0,24.39130605031031,0.0,24.39130605031031
2025-12-06,CR00054,Backend Development with Node.js,Web Development,0.0,0.0,0.0,0.0
2025-12-06,CR00046,AI for Beginners,Artificial Intelligence,1.0,94.32072499407775,248.1,94.32072499407775
2025-12-06,CR00035,Cyber Threat Intelligence,Cybersecurity,1.0,0.0,0.0,0.0
2025-12-06,CR00023,Machine Learning Fundamentals,Data Science,0.0,1.4770173780332243,0.0,1.4770173780332243
2025-12-06,CR00014,Sales Mastery,Business,1.0,0.0,0.0,0.0
2025-12-06,CR00022,Data Visualization,Data Science,0.0,5.941480555756286,0.0,5.941480555756286
2025-12-06,CR00031,Network Security,Cybersecurity,0.0,0.0,0.0,0.0
2025-12-06,CR00050,Computer Vision,Artificial Intelligence,1.0,205.8009592842648,490.9,205.8009592842648
2025-12-06,CR00036,Agile Project Management,Project Management,0.0,5.030848568412395,0.0,5.030848568412395
2025-12-06,CR00048,AI Ethics,Artificial Intelligence,0.0,0.0,0.0,0.0
2025-12-06,CR00057,SEO for E-commerce,Digital Marketing,0.0,79.41227676914593,0.0,79.41227676914593
2025-12-06,CR00007,UI/UX Design,Design,0.0,0.0,0.0,0.0
2025-12-06,CR00043,Corporate Finance,Finance,0.0,0.5004175625567555,0.0,0.5004175625567555
2025-12-06,CR00021,Data Analysis with Python,Data Science,1.0,0.0,0.0,0.0
2025-12-06,CR00015,Leadership Essentials,Business,2.0,141.46707898660813,570.1,141.46707898660813
2025-12-06,CR00018,Social Media Marketing,Marketing,0.0,0.0,0.0,0.0
2025-12-06,CR00053,React for Beginners,Web Development,1.0,0.0,0.0,0.0
2025-12-06,CR00003,C++ for Beginners,Programming,0.0,0.0,0.0,0.0
2025-12-06,CR00020,Email Marketing,Marketing,0.0,0.0,0.0,0.0
2025-12-06,CR00047,Natural Language Processing,Artificial Intelligence,0.0,24.492897674350132,0.0,24.492897674350132
2025-12-06,CR00059,Affiliate Marketing,Digital Marketing,0.0,0.0,0.0,0.0
2025-12-06,CR00032,Ethical Hacking,Cybersecurity,0.0,0.0,0.0,0.0
2025-12-06,CR00005,Full Stack Development,Programming,0.0,0.0,0.0,0.0
2025-12-06,CR00002,Java Programming,Programming,0.0,0.0,0.0,0.0
2025-12-06,CR00017,SEO Mastery,Marketing,2.0,1.6280508317042575,0.0,1.6280508317042575
2025-12-06,CR00033,Cybersecurity Fundamentals,Cybersecurity,0.0,0.0,0.0,0.0
2025-12-06,CR00056,Google Ads Mastery,Digital Marketing,0.0,96.76799959836845,0.0,96.76799959836845
2025-12-06,CR00029,Natural Language Processing,Machine Learning,0.0,0.0,0.0,0.0
2025-12-06,CR00044,Personal Finance,Finance,1.0,53.94029971674249,119.04,53.94029971674249
2025-12-06,CR00024,Big Data Analytics,Data Science,0.0,66.10256748860633,0.0,66.10256748860633
2025-12-06,CR00016,Digital Marketing,Marketing,0.0,0.0,0.0,0.0
2025-12-06,CR00006,Graphic Design Basics,Design,0.0,101.56845205907976,0.0,101.56845205907976
2025-12-06,CR00034,Data Encryption,Cybersecurity,0.0,153.72445427585217,0.0,153.72445427585217
2025-12-06,CR00028,Deep Learning,Machine Learning,0.0,0.0,0.0,0.0
2025-12-06,CR00060,Content Creation,Digital Marketing,0.0,0.0,0.0,0.0
2025-12-06,CR00042,Investment Strategies,Finance,0.0,0.0,0.0,0.0
2025-12-06,CR00045,Financial Modeling,Finance,0.0,0.0,0.0,0.0
2025-12-06,CR00030,Reinforcement Learning,Machine Learning,0.0,0.0,0.0,0.0
2025-12-06,CR00012,Business Strategy,Business,0.0,210.35012593083144,0.0,210.35012593083144
2025-12-06,CR00008,Photoshop Mastery,Design,0.0,0.0,0.0,0.0
2025-12-06,CR00019,Content Marketing,Marketing,0.0,0.3871428843637901,0.0,0.3871428843637901
2025-12-06,CR00058,Social Media Strategy,Digital Marketing,0.0,0.0,0.0,0.0
2025-12-06,CR00049,Deep Learning,Artificial Intelligence,1.0,204.75351786115425,415.51,204.75351786115425
2025-12-06,CR00009,Web Design Fundamentals,Design,0.0,0.7354708583287248,0.0,0.7354708583287248
2025-12-06,CR00055,Full-Stack Web Development,Web Development,0.0,21.483016578261143,0.0,21.483016578261143
2025-12-06,CR00011,Entrepreneurship 101,Business,1.0,182.38243974050826,326.02,182.38243974050826
2025-12-06,CR00004,Advanced Python,Programming,0.0,0.0,0.0,0.0
2025-12-06,CR00038,Risk Management,Project Management,0.0,133.07319690771862,0.0,133.07319690771862
2025-12-06,CR00037,Scrum Essentials,Project Management,0.0,0.0,0.0,0.0
2025-12-06,CR00051,HTML & CSS,Web Development,0.0,12.26930170358025,0.0,12.26930170358025
2025-12-06,CR00001,Python Basics,Programming,1.0,210.57783736432233,472.28,210.57783736432233
2025-12-06,CR00027,Neural Networks,Machine Learning,0.0,0.0,0.0,0.0
2025-12-06,CR00025,Statistical Analysis,Data Science,1.0,131.26548045548722,299.57,131.26548045548722
2025-12-06,CR00013,Finance for Startups,Business,1.0,0.0,0.0,0.0
2025-12-06,CR00040,Leadership in Projects,Project Management,0.0,181.50093848864154,0.0,181.50093848864154
2025-12-06,CR00026,Intro to Machine Learning,Machine Learning,0.0,0.0,0.0,0.0
2025-12-06,CR00041,Financial Accounting,Finance,1.0,20.45811709810882,53.86,20.45811709810882
2025-12-06,CR00010,3D Modeling,Design,1.0,0.0,0.0,0.0
2025-12-06,CR00039,Project Planning,Project Management,0.0,169.86595320001146,0.0,169.86595320001146
2025-12-06,CR00052,JavaScript Mastery,Web Development,0.0,0.0871633532301388,0.0,0.0871633532301388
2025-12-07,CR00047,Natural Language Processing,Artificial Intelligence,0.0,21.826981086728544,0.0,21.826981086728544
2025-12-07,CR00044,Personal Finance,Finance,0.0,42.30361457181342,0.0,42.30361457181342
2025-12-07,CR00053,React for Beginners,Web Development,0.0,0.0,0.0,0.0
2025-12-07,CR00033,Cybersecurity Fundamentals,Cybersecurity,1.0,0.0,0.0,0.0
2025-12-07,CR00038,Risk Management,Project Management,2.0,124.77204781078964,685.22,124.77204781078964
2025-12-07,CR00058,Social Media Strategy,Digital Marketing,0.0,0.0,0.0,0.0
2025-12-07,CR00003,C++ for Beginners,Programming,1.0,0.0,0.0,0.0
2025-12-07,CR00028,Deep Learning,Machine Learning,2.0,0.0,1.56,0.0
2025-12-07,CR00049,Deep Learning,Artificial Intelligence,1.0,208.3348783930377,415.51,208.3348783930377
2025-12-07,CR00011,Entrepreneurship 101,Business,0.0,149.97767546795836,0.0,149.97767546795836
2025-12-07,CR00017,SEO Mastery,Marketing,0.0,0.0,0.0,0.0
2025-12-07,CR00005,Full Stack Development,Programming,0.0,0.0,0.0,0.0
2025-12-07,CR00010,3D Modeling,Design,1.0,0.0,0.0,0.0
2025-12-07,CR00040,Leadership in Projects,Project Management,2.0,145.96610995225222,655.98,145.96610995225222
2025-12-07,CR00039,Project Planning,Project Management,1.0,159.4236049601945,346.71,159.4236049601945
2025-12-07,CR00025,Statistical Analysis,Data Science,0.0,118.72325186899323,0.0,118.72325186899323
2025-12-07,CR00026,Intro to Machine Learning,Machine Learning,0.0,0.0,0.0,0.0
2025-12-07,CR00032,Ethical Hacking,Cybersecurity,0.0,0.0,0.0,0.0
2025-12-07,CR00008,Photoshop Mastery,Design,0.0,0.0,0.0,0.0
2025-12-07,CR00021,Data Analysis with Python,Data Science,1.0,0.0,0.0,0.0
2025-12-07,CR00024,Big Data Analytics,Data Science,0.0,54.083077244645224,0.0,54.083077244645224
2025-12-07,CR00057,SEO for E-commerce,Digital Marketing,0.0,61.10699244658616,0.0,61.10699244658616
2025-12-07,CR00052,JavaScript Mastery,Web Development,1.0,0.0,0.0,0.0
2025-12-07,CR00048,AI Ethics,Artificial Intelligence,0.0,0.0,0.0,0.0
2025-12-07,CR00036,Agile Project Management,Project Management,0.0,2.9463712372030955,0.0,2.9463712372030955
2025-12-07,CR00041,Financial Accounting,Finance,0.0,17.43477092400364,0.0,17.43477092400364
2025-12-07,CR00018,Social Media Marketing,Marketing,2.0,0.0,0.0,0.0
2025-12-07,CR00042,Investment Strategies,Finance,1.0,0.0,0.0,0.0
2025-12-07,CR00013,Finance for Startups,Business,0.0,0.0,0.0,0.0
2025-12-07,CR00022,Data Visualization,Data Science,1.0,4.964487879132818,0.0,4.964487879132818
2025-12-07,CR00001,Python Basics,Programming,1.0,185.73678052699705,472.28,185.73678052699705
2025-12-07,CR00014,Sales Mastery,Business,0.0,0.0,0.0,0.0
2025-12-07,CR00007,UI/UX Design,Design,1.0,0.0,0.0,0.0
2025-12-07,CR00035,Cyber Threat Intelligence,Cybersecurity,0.0,0.0,0.0,0.0
2025-12-07,CR00037,Scrum Essentials,Project Management,0.0,0.0,0.0,0.0
2025-12-07,CR00054,Backend Development with Node.js,Web Development,0.0,0.0,0.0,0.0
2025-12-07,CR00051,HTML & CSS,Web Development,0.0,11.75126649455899,0.0,11.75126649455899
2025-12-07,CR00055,Full-Stack Web Development,Web Development,0.0,22.13587860150839,0.0,22.13587860150839
2025-12-07,CR00043,Corporate Finance,Finance,0.0,0.0,0.0,0.0
2025-12-07,CR00060,Content Creation,Digital Marketing,1.0,0.0,0.0,0.0
2025-12-07,CR00009,Web Design Fundamentals,Design,1.0,0.0,0.0,0.0
2025-12-07,CR00002,Java Programming,Programming,0.0,0.0,0.0,0.0
2025-12-07,CR00023,Machine Learning Fundamentals,Data Science,2.0,0.22973209466974254,0.0,0.22973209466974254
2025-12-07,CR00015,Leadership Essentials,Business,2.0,131.82351630199486,570.1,131.82351630199486
2025-12-07,CR00034,Data Encryption,Cybersecurity,0.0,166.13184986013525,0.0,166.13184986013525
2025-12-07,CR00012,Business Strategy,Business,0.0,193.5402650482775,0.0,193.5402650482775
2025-12-07,CR00016,Digital Marketing,Marketing,1.0,0.0,0.0,0.0
2025-12-07,CR00027,Neural Networks,Machine Learning,0.0,0.0,0.0,0.0
2025-12-07,CR00006,Graphic Design Basics,Design,0.0,100.73962671147908,0.0,100.73962671147908
2025-12-07,CR00046,AI for Beginners,Artificial Intelligence,0.0,137.19303952736516,0.0,137.19303952736516
2025-12-07,CR00045,Financial Modeling,Finance,0.0,0.0,0.0,0.0
2025-12-07,CR00059,Affiliate Marketing,Digital Marketing,0.0,0.0,0.0,0.0
2025-12-07,CR00056,Google Ads Mastery,Digital Marketing,0.0,90.89650562350522,0.0,90.89650562350522
2025-12-07,CR00029,Natural Language Processing,Machine Learning,1.0,0.0,0.0,0.0
2025-12-07,CR00031,Network Security,Cybersecurity,1.0,0.0,0.0,0.0
2025-12-07,CR00050,Computer Vision,Artificial Intelligence,0.0,187.05524858734725,0.0,187.05524858734725
2025-12-07,CR00020,Email Marketing,Marketing,0.0,0.0,0.0,0.0
2025-12-07,CR00030,Reinforcement Learning,Machine Learning,0.0,0.0,0.0,0.0
2025-12-07,CR00019,Content Marketing,Marketing,1.0,0.0,0.0,0.0
2025-12-07,CR00004,Advanced Python,Programming,1.0,0.0,0.0,0.0
2025-12-08,CR00045,Financial Modeling,Finance,0.0,0.0,0.0,0.0
2025-12-08,CR00007,UI/UX Design,Design,1.0,0.0,0.0,0.0
2025-12-08,CR00014,Sales Mastery,Business,0.0,0.0,0.0,0.0
2025-12-08,CR00031,Network Security,Cybersecurity,0.0,0.0,0.0,0.0
2025-12-08,CR00022,Data Visualization,Data Science,0.0,3.707145309665165,0.0,3.707145309665165
2025-12-08,CR00042,Investment Strategies,Finance,0.0,0.0,0.0,0.0
2025-12-08,CR00035,Cyber Threat Intelligence,Cybersecurity,0.0,0.0,0.0,0.0
2025-12-08,CR00050,Computer Vision,Artificial Intelligence,0.0,222.4593747383415,0.0,222.4593747383415
2025-12-08,CR00002,Java Programming,Programming,0.0,0.0,0.0,0.0
2025-12-08,CR00015,Leadership Essentials,Business,0.0,134.15287515942953,0.0,134.15287515942953
2025-12-08,CR00034,Data Encryption,Cybersecurity,1.0,218.8402616588982,394.26,218.8402616588982
2025-12-08,CR00006,Graphic Design Basics,Design,0.0,113.61857828385465,0.0,113.61857828385465
2025-12-08,CR00016,Digital Marketing,Marketing,0.0,0.0,0.0,0.0
2025-12-08,CR00021,Data Analysis with Python,Data Science,1.0,0.0,0.0,0.0
2025-12-08,CR00059,Affiliate Marketing,Digital Marketing,1.0,0.0,0.0,0.0
2025-12-08,CR00029,Natural Language Processing,Machine Learning,1.0,0.0,0.0,0.0
2025-12-08,CR00044,Personal Finance,Finance,0.0,44.59251358528337,0.0,44.59251358528337
2025-12-08,CR00033,Cybersecurity Fundamentals,Cybersecurity,0.0,0.0,0.0,0.0
2025-12-08,CR00056,Google Ads Mastery,Digital Marketing,1.0,78.76267822473936,212.39,78.76267822473936
2025-12-08,CR00028,Deep Learning,Machine Learning,0.0,0.0,0.0,0.0
2025-12-08,CR00043,Corporate Finance,Finance,0.0,0.0,0.0,0.0
2025-12-08,CR00036,Agile Project Management,Project Management,0.0,2.9687787391014524,0.0,2.9687787391014524
2025-12-08,CR00057,SEO for E-commerce,Digital Marketing,0.0,68.4767306558606,0.0,68.4767306558606
2025-12-08,CR00032,Ethical Hacking,Cybersecurity,0.0,0.0,0.0,0.0
2025-12-08,CR00046,AI for Beginners,Artificial Intelligence,0.0,100.83963490276776,0.0,100.83963490276776
2025-12-08,CR00023,Machine Learning Fundamentals,Data Science,0.0,0.0,0.0,0.0
2025-12-08,CR00026,Intro to Machine Learning,Machine Learning,0.0,0.0,0.0,0.0
2025-12-08,CR00010,3D Modeling,Design,1.0,0.0,0.0,0.0
2025-12-08,CR00040,Leadership in Projects,Project Management,0.0,141.85421612461118,0.0,141.85421612461118
2025-12-08,CR00039,Project Planning,Project Management,1.0,194.00897183194184,346.71,194.00897183194184
2025-12-08,CR00025,Statistical Analysis,Data Science,1.0,133.3239101724182,299.57,133.3239101724182
2025-12-08,CR00049,Deep Learning,Artificial Intelligence,2.0,200.09731122087453,831.02,200.09731122087453
2025-12-08,CR00011,Entrepreneurship 101,Business,0.0,145.45513913454684,0.0,145.45513913454684
2025-12-08,CR00019,Content Marketing,Marketing,1.0,0.0,0.0,0.0
2025-12-08,CR00058,Social Media Strategy,Digital Marketing,0.0,0.0,0.0,0.0
2025-12-08,CR00038,Risk Management,Project Management,0.0,137.2563244923893,0.0,137.2563244923893
2025-12-08,CR00048,AI Ethics,Artificial Intelligence,0.0,0.0,0.0,0.0
2025-12-08,CR00009,Web Design Fundamentals,Design,0.0,0.0,0.0,0.0
2025-12-08,CR00030,Reinforcement Learning,Machine Learning,0.0,0.0,0.0,0.0
2025-12-08,CR00012,Business Strategy,Business,0.0,186.36846327496434,0.0,186.36846327496434
2025-12-08,CR00055,Full-Stack Web Development,Web Development,1.0,20.154574183582284,57.32,20.154574183582284
2025-12-08,CR00051,HTML & CSS,Web Development,0.0,11.261511236510419,0.0,11.261511236510419
2025-12-08,CR00037,Scrum Essentials,Project Management,2.0,0.0,0.0,0.0
2025-12-08,CR00004,Advanced Python,Programming,1.0,0.0,0.0,0.0
2025-12-08,CR00001,Python Basics,Programming,1.0,179.88510688350206,472.28,179.88510688350206
2025-12-08,CR00013,Finance for Startups,Business,1.0,0.0,0.0,0.0
2025-12-08,CR00041,Financial Accounting,Finance,0.0,18.262801299175134,0.0,18.262801299175134
2025-12-08,CR00052,JavaScript Mastery,Web Development,1.0,0.0,0.0,0.0
2025-12-08,CR00008,Photoshop Mastery,Design,0.0,0.0,0.0,0.0
2025-12-08,CR00024,Big Data Analytics,Data Science,0.0,49.856614452439075,0.0,49.856614452439075
2025-12-08,CR00027,Neural Networks,Machine Learning,0.0,0.0,0.0,0.0
2025-12-08,CR00017,SEO Mastery,Marketing,0.0,0.0,0.0,0.0
2025-12-08,CR00054,Backend Development with Node.js,Web Development,1.0,0.0,0.0,0.0
2025-12-08,CR00018,Social Media Marketing,Marketing,1.0,0.0,0.0,0.0
2025-12-08,CR00020,Email Marketing,Marketing,0.0,0.0,0.0,0.0
2025-12-08,CR00047,Natural Language Processing,Artificial Intelligence,0.0,27.809336601069322,0.0,27.809336601069322
2025-12-08,CR00005,Full Stack Development,Programming,0.0,0.0,0.0,0.0
2025-12-08,CR00003,C++ for Beginners,Programming,1.0,0.0,0.0,0.0
2025-12-08,CR00053,React for Beginners,Web Development,0.0,0.0,0.0,0.0
2025-12-08,CR00060,Content Creation,Digital Marketing,2.0,0.0,0.0,0.0
2025-12-09,CR00054,Backend Development with Node.js,Web Development,1.0,0.5415247146872844,0.0,0.5415247146872844
2025-12-09,CR00039,Project Planning,Project Management,0.0,164.11166933895004,0.0,164.11166933895004
2025-12-09,CR00001,Python Basics,Programming,0.0,233.04234276205398,0.0,233.04234276205398
2025-12-09,CR00056,Google Ads Mastery,Digital Marketing,0.0,81.73498473771662,0.0,81.73498473771662
2025-12-09,CR00014,Sales Mastery,Business,0.0,0.0,0.0,0.0
2025-12-09,CR00022,Data Visualization,Data Science,1.0,5.4275288073772,0.0,5.4275288073772
2025-12-09,CR00058,Social Media Strategy,Digital Marketing,0.0,0.0,0.0,0.0
2025-12-09,CR00029,Natural Language Processing,Machine Learning,0.0,0.0,0.0,0.0
2025-12-09,CR00053,React for Beginners,Web Development,0.0,0.0,0.0,0.0
2025-12-09,CR00036,Agile Project Management,Project Management,0.0,5.0211255366223355,0.0,5.0211255366223355
2025-12-09,CR00059,Affiliate Marketing,Digital Marketing,0.0,0.0,0.0,0.0
2025-12-09,CR00045,Financial Modeling,Finance,0.0,0.0,0.0,0.0
2025-12-09,CR00044,Personal Finance,Finance,1.0,45.536180299416266,119.04,45.536180299416266
2025-12-09,CR00051,HTML & CSS,Web Development,1.0,12.590937581608188,37.89,12.590937581608188
2025-12-09,CR00048,AI Ethics,Artificial Intelligence,0.0,0.0,0.0,0.0
2025-12-09,CR00011,Entrepreneurship 101,Business,1.0,150.18291594530194,326.02,150.18291594530194
2025-12-09,CR00033,Cybersecurity Fundamentals,Cybersecurity,0.0,0.0,0.0,0.0
2025-12-09,CR00037,Scrum Essentials,Project Management,0.0,0.0,0.0,0.0
2025-12-09,CR00003,C++ for Beginners,Programming,0.0,0.0,0.0,0.0
2025-12-09,CR00031,Network Security,Cybersecurity,0.0,0.0,0.0,0.0
2025-12-09,CR00019,Content Marketing,Marketing,1.0,0.20144749387709737,0.0,0.20144749387709737
2025-12-09,CR00009,Web Design Fundamentals,Design,1.0,0.0,0.0,0.0
2025-12-09,CR00006,Graphic Design Basics,Design,1.0,104.6497229266455,276.37,104.6497229266455
2025-12-09,CR00025,Statistical Analysis,Data Science,1.0,167.38578626709045,299.57,167.38578626709045
2025-12-09,CR00016,Digital Marketing,Marketing,1.0,0.0,0.0,0.0
2025-12-09,CR00042,Investment Strategies,Finance,0.0,0.0,0.0,0.0
2025-12-09,CR00047,Natural Language Processing,Artificial Intelligence,2.0,29.87647982981686,179.18,29.87647982981686
2025-12-09,CR00004,Advanced Python,Programming,1.0,0.0,0.0,0.0
2025-12-09,CR00002,Java Programming,Programming,0.0,0.0,0.0,0.0
2025-12-09,CR00018,Social Media Marketing,Marketing,0.0,0.0,0.0,0.0
2025-12-09,CR00021,Data Analysis with Python,Data Science,2.0,0.0,0.0,0.0
2025-12-09,CR00028,Deep Learning,Machine Learning,0.0,0.0,0.0,0.0
2025-12-09,CR00049,Deep Learning,Artificial Intelligence,1.0,193.22943165543222,415.51,193.22943165543222
2025-12-09,CR00012,Business Strategy,Business,0.0,188.568977401508,0.0,188.568977401508
2025-12-09,CR00008,Photoshop Mastery,Design,1.0,0.0,0.0,0.0
2025-12-09,CR00024,Big Data Analytics,Data Science,1.0,51.11178428594408,117.68,51.11178428594408
2025-12-09,CR00043,Corporate Finance,Finance,0.0,0.0,0.0,0.0
2025-12-09,CR00007,UI/UX Design,Design,3.0,0.0,0.0,0.0
2025-12-09,CR00026,Intro to Machine Learning,Machine Learning,1.0,0.0,0.0,0.0
2025-12-09,CR00052,JavaScript Mastery,Web Development,0.0,0.18961198522811173,0.0,0.18961198522811173
2025-12-09,CR00034,Data Encryption,Cybersecurity,0.0,208.05347252866704,0.0,208.05347252866704
2025-12-09,CR00015,Leadership Essentials,Business,1.0,148.39742473049685,285.05,148.39742473049685
2025-12-09,CR00032,Ethical Hacking,Cybersecurity,0.0,0.0,0.0,0.0
2025-12-09,CR00023,Machine Learning Fundamentals,Data Science,1.0,0.06421497150347477,0.0,0.06421497150347477
2025-12-09,CR00046,AI for Beginners,Artificial Intelligence,0.0,98.07392890806432,0.0,98.07392890806432
2025-12-09,CR00041,Financial Accounting,Finance,0.0,19.802890067424222,0.0,19.802890067424222
2025-12-09,CR00005,Full Stack Development,Programming,1.0,0.0,0.0,0.0
2025-12-09,CR00050,Computer Vision,Artificial Intelligence,0.0,220.39712201250427,0.0,220.39712201250427
2025-12-09,CR00038,Risk Management,Project Management,0.0,144.651397961361,0.0,144.651397961361
2025-12-09,CR00010,3D Modeling,Design,0.0,0.0,0.0,0.0
2025-12-09,CR00013,Finance for Startups,Business,0.0,0.0,0.0,0.0
2025-12-09,CR00055,Full-Stack Web Development,Web Development,0.0,22.247679865657165,0.0,22.247679865657165
2025-12-09,CR00040,Leadership in Projects,Project Management,1.0,183.5229405735198,327.99,183.5229405735198
2025-12-09,CR00035,Cyber Threat Intelligence,Cybersecurity,1.0,0.0,0.0,0.0
2025-12-09,CR00060,Content Creation,Digital Marketing,0.0,0.0,0.0,0.0
2025-12-09,CR00057,SEO for E-commerce,Digital Marketing,0.0,63.95599003877537,0.0,63.95599003877537
2025-12-09,CR00020,Email Marketing,Marketing,0.0,0.0,0.0,0.0
2025-12-09,CR00027,Neural Networks,Machine Learning,1.0,0.0,0.0,0.0
2025-12-09,CR00030,Reinforcement Learning,Machine Learning,1.0,0.0,0.0,0.0
2025-12-09,CR00017,SEO Mastery,Marketing,0.0,1.0893800703552614,0.0,1.0893800703552614
2025-12-10,CR00019,Content Marketing,Marketing,0.0,1.7514753173676496,0.0,1.7514753173676496
2025-12-10,CR00025,Statistical Analysis,Data Science,0.0,155.07355381108295,0.0,155.07355381108295
2025-12-10,CR00051,HTML & CSS,Web Development,0.0,15.716727309878245,0.0,15.716727309878245
2025-12-10,CR00023,Machine Learning Fundamentals,Data Science,2.0,3.611512510754693,0.0,3.611512510754693
2025-12-10,CR00011,Entrepreneurship 101,Business,0.0,149.04295191869164,0.0,149.04295191869164
2025-12-10,CR00018,Social Media Marketing,Marketing,1.0,0.0,0.0,0.0
2025-12-10,CR00007,UI/UX Design,Design,1.0,0.0,0.0,0.0
2025-12-10,CR00031,Network Security,Cybersecurity,0.0,0.0,0.0,0.0
2025-12-10,CR00043,Corporate Finance,Finance,0.0,3.50278558568224,0.0,3.50278558568224
2025-12-10,CR00045,Financial Modeling,Finance,0.0,0.0,0.0,0.0
2025-12-10,CR00038,Risk Management,Project Management,0.0,125.64866711963887,0.0,125.64866711963887
2025-12-10,CR00030,Reinforcement Learning,Machine Learning,0.0,0.0,0.0,0.0
2025-12-10,CR00014,Sales Mastery,Business,0.0,0.0,0.0,0.0
2025-12-10,CR00035,Cyber Threat Intelligence,Cybersecurity,0.0,0.22017982970730543,0.0,0.22017982970730543
2025-12-10,CR00002,Java Programming,Programming,0.0,0.0,0.0,0.0
2025-12-10,CR00058,Social Media Strategy,Digital Marketing,0.0,0.0,0.0,0.0
2025-12-10,CR00006,Graphic Design Basics,Design,1.0,103.96798632670789,276.37,103.96798632670789
2025-12-10,CR00003,C++ for Beginners,Programming,0.0,0.0,0.0,0.0
2025-12-10,CR00034,Data Encryption,Cybersecurity,1.0,180.57783176604792,394.26,180.57783176604792
2025-12-10,CR00049,Deep Learning,Artificial Intelligence,1.0,217.20874749686706,415.51,217.20874749686706
2025-12-10,CR00048,AI Ethics,Artificial Intelligence,0.0,0.0,0.0,0.0
2025-12-10,CR00040,Leadership in Projects,Project Management,1.0,175.31709894488918,327.99,175.31709894488918
2025-12-10,CR00053,React for Beginners,Web Development,0.0,0.0,0.0,0.0
2025-12-10,CR00057,SEO for E-commerce,Digital Marketing,0.0,69.01236192237397,0.0,69.01236192237397
2025-12-10,CR00013,Finance for Startups,Business,0.0,0.0,0.0,0.0
2025-12-10,CR00010,3D Modeling,Design,0.0,0.0,0.0,0.0
2025-12-10,CR00005,Full Stack Development,Programming,1.0,0.0,0.0,0.0
2025-12-10,CR00026,Intro to Machine Learning,Machine Learning,0.0,0.0,0.0,0.0
2025-12-10,CR00056,Google Ads Mastery,Digital Marketing,1.0,77.80455526862563,212.39,77.80455526862563
2025-12-10,CR00041,Financial Accounting,Finance,0.0,22.81434799017803,0.0,22.81434799017803
2025-12-10,CR00028,Deep Learning,Machine Learning,0.0,1.9386826740263245,0.0,1.9386826740263245
2025-12-10,CR00027,Neural Networks,Machine Learning,0.0,1.383280832122253,0.0,1.383280832122253
2025-12-10,CR00052,JavaScript Mastery,Web Development,1.0,0.6403457896937326,0.0,0.6403457896937326
2025-12-10,CR00046,AI for Beginners,Artificial Intelligence,0.0,93.94406633848664,0.0,93.94406633848664
2025-12-10,CR00017,SEO Mastery,Marketing,2.0,2.6096589006238133,0.0,2.6096589006238133
2025-12-10,CR00008,Photoshop Mastery,Design,2.0,0.0,0.0,0.0
2025-12-10,CR00050,Computer Vision,Artificial Intelligence,0.0,231.7490091581617,0.0,231.7490091581617
2025-12-10,CR00020,Email Marketing,Marketing,2.0,0.0,0.0,0.0
2025-12-10,CR00032,Ethical Hacking,Cybersecurity,1.0,0.0,0.0,0.0
2025-12-10,CR00022,Data Visualization,Data Science,0.0,7.169543237214711,0.0,7.169543237214711
2025-12-10,CR00060,Content Creation,Digital Marketing,0.0,0.0,0.0,0.0
2025-12-10,CR00039,Project Planning,Project Management,1.0,160.49815628024803,346.71,160.49815628024803
2025-12-10,CR00047,Natural Language Processing,Artificial Intelligence,0.0,30.403962232110203,0.0,30.403962232110203
2025-12-10,CR00033,Cybersecurity Fundamentals,Cybersecurity,0.0,0.0,0.0,0.0
2025-12-10,CR00037,Scrum Essentials,Project Management,1.0,0.0,0.0,0.0
2025-12-10,CR00024,Big Data Analytics,Data Science,0.0,50.165054403483744,0.0,50.165054403483744
2025-12-10,CR00055,Full-Stack Web Development,Web Development,2.0,25.292100659118688,114.64,25.292100659118688
2025-12-10,CR00009,Web Design Fundamentals,Design,0.0,0.569247585703053,0.0,0.569247585703053
2025-12-10,CR00021,Data Analysis with Python,Data Science,0.0,0.5278610564120996,0.0,0.5278610564120996
2025-12-10,CR00001,Python Basics,Programming,1.0,204.9877726610124,472.28,204.9877726610124
2025-12-10,CR00042,Investment Strategies,Finance,0.0,0.0808833633401349,0.0,0.0808833633401349
2025-12-10,CR00029,Natural Language Processing,Machine Learning,1.0,0.43159059330106686,0.0,0.43159059330106686
2025-12-10,CR00012,Business Strategy,Business,0.0,242.0233513086739,0.0,242.0233513086739
2025-12-10,CR00004,Advanced Python,Programming,0.0,0.0,0.0,0.0
2025-12-10,CR00059,Affiliate Marketing,Digital Marketing,1.0,0.0,0.0,0.0
2025-12-10,CR00036,Agile Project Management,Project Management,1.0,6.698383391148447,0.0,6.698383391148447
2025-12-10,CR00054,Backend Development with Node.js,Web Development,3.0,0.5812613638233017,0.0,0.5812613638233017
2025-12-10,CR00044,Personal Finance,Finance,1.0,46.224878835947514,119.04,46.224878835947514
2025-12-10,CR00016,Digital Marketing,Marketing,1.0,0.0,0.0,0.0
2025-12-10,CR00015,Leadership Essentials,Business,0.0,122.69908418733563,0.0,122.69908418733563
2025-12-11,CR00054,Backend Development with Node.js,Web Development,1.0,0.36126529720539935,0.0,0.36126529720539935
2025-12-11,CR00012,Business Strategy,Business,0.0,200.5009941994578,0.0,200.5009941994578
2025-12-11,CR00005,Full Stack Development,Programming,0.0,0.0,0.0,0.0
2025-12-11,CR00007,UI/UX Design,Design,0.0,0.0,0.0,0.0
2025-12-11,CR00008,Photoshop Mastery,Design,0.0,0.0,0.0,0.0
2025-12-11,CR00052,JavaScript Mastery,Web Development,0.0,1.8676274813751519,0.0,1.8676274813751519
2025-12-11,CR00041,Financial Accounting,Finance,0.0,20.469331594029125,0.0,20.469331594029125
2025-12-11,CR00053,React for Beginners,Web Development,1.0,0.0,0.0,0.0
2025-12-11,CR00013,Finance for Startups,Business,0.0,0.0,0.0,0.0
2025-12-11,CR00057,SEO for E-commerce,Digital Marketing,0.0,83.18068076906638,0.0,83.18068076906638
2025-12-11,CR00048,AI Ethics,Artificial Intelligence,1.0,0.0,0.0,0.0
2025-12-11,CR00001,Python Basics,Programming,0.0,199.07467107184803,0.0,199.07467107184803
2025-12-11,CR00036,Agile Project Management,Project Management,2.0,4.055765775792494,0.0,4.055765775792494
2025-12-11,CR00004,Advanced Python,Programming,0.0,0.0,0.0,0.0
2025-12-11,CR00045,Financial Modeling,Finance,0.0,0.0,0.0,0.0
2025-12-11,CR00022,Data Visualization,Data Science,0.0,4.12327604255124,0.0,4.12327604255124
2025-12-11,CR00029,Natural Language Processing,Machine Learning,0.0,0.6839015434253639,0.0,0.6839015434253639
2025-12-11,CR00042,Investment Strategies,Finance,1.0,0.0,0.0,0.0
2025-12-11,CR00055,Full-Stack Web Development,Web Development,0.0,27.560372042937225,0.0,27.560372042937225
2025-12-11,CR00037,Scrum Essentials,Project Management,1.0,0.0,0.0,0.0
2025-12-11,CR00035,Cyber Threat Intelligence,Cybersecurity,0.0,0.0,0.0,0.0
2025-12-11,CR00003,C++ for Beginners,Programming,0.0,0.0,0.0,0.0
2025-12-11,CR00014,Sales Mastery,Business,1.0,0.6018209912494115,0.0,0.6018209912494115
2025-12-11,CR00023,Machine Learning Fundamentals,Data Science,1.0,1.6557338316965726,0.0,1.6557338316965726
2025-12-11,CR00030,Reinforcement Learning,Machine Learning,0.0,0.0,0.0,0.0
2025-12-11,CR00031,Network Security,Cybersecurity,0.0,0.0,0.0,0.0
2025-12-11,CR00024,Big Data Analytics,Data Science,0.0,57.8790293110483,0.0,57.8790293110483
2025-12-11,CR00009,Web Design Fundamentals,Design,0.0,0.24241882570574091,0.0,0.24241882570574091
2025-12-11,CR00040,Leadership in Projects,Project Management,0.0,154.35730475983956,0.0,154.35730475983956
2025-12-11,CR00010,3D Modeling,Design,0.0,0.0,0.0,0.0
2025-12-11,CR00038,Risk Management,Project Management,0.0,108.41855262254738,0.0,108.41855262254738
2025-12-11,CR00026,Intro to Machine Learning,Machine Learning,0.0,0.0,0.0,0.0
2025-12-11,CR00059,Affiliate Marketing,Digital Marketing,0.0,0.0,0.0,0.0
2025-12-11,CR00058,Social Media Strategy,Digital Marketing,0.0,0.0,0.0,0.0
2025-12-11,CR00002,Java Programming,Programming,0.0,0.0,0.0,0.0
2025-12-11,CR00044,Personal Finance,Finance,1.0,49.63676405323508,119.04,49.63676405323508
2025-12-11,CR00006,Graphic Design Basics,Design,0.0,111.28981777080269,0.0,111.28981777080269
2025-12-11,CR00039,Project Planning,Project Management,0.0,136.91907847740828,0.0,136.91907847740828
2025-12-11,CR00011,Entrepreneurship 101,Business,0.0,146.53590122410642,0.0,146.53590122410642
2025-12-11,CR00019,Content Marketing,Marketing,2.0,0.6704295240520253,0.0,0.6704295240520253
2025-12-11,CR00018,Social Media Marketing,Marketing,0.0,0.0,0.0,0.0
2025-12-11,CR00060,Content Creation,Digital Marketing,1.0,0.0,0.0,0.0
2025-12-11,CR00033,Cybersecurity Fundamentals,Cybersecurity,2.0,0.0,0.0,0.0
2025-12-11,CR00049,Deep Learning,Artificial Intelligence,1.0,182.0250556534795,415.51,182.0250556534795
2025-12-11,CR00021,Data Analysis with Python,Data Science,1.0,0.0,0.0,0.0
2025-12-11,CR00051,HTML & CSS,Web Development,2.0,16.08227127958538,75.78,16.08227127958538
2025-12-11,CR00043,Corporate Finance,Finance,0.0,3.2041226870150297,0.0,3.2041226870150297
2025-12-11,CR00025,Statistical Analysis,Data Science,1.0,186.2765768178953,299.57,186.2765768178953
2025-12-11,CR00016,Digital Marketing,Marketing,0.0,0.0,0.0,0.0
2025-12-11,CR00015,Leadership Essentials,Business,0.0,119.6684894362013,0.0,119.6684894362013
2025-12-11,CR00027,Neural Networks,Machine Learning,0.0,0.0,0.0,0.0
2025-12-11,CR00050,Computer Vision,Artificial Intelligence,1.0,227.4066808308748,490.9,227.4066808308748
2025-12-11,CR00017,SEO Mastery,Marketing,0.0,3.7389134023454034,0.0,3.7389134023454034
2025-12-11,CR00020,Email Marketing,Marketing,1.0,0.0,0.0,0.0
2025-12-11,CR00046,AI for Beginners,Artificial Intelligence,0.0,116.82485407675317,0.0,116.82485407675317
2025-12-11,CR00034,Data Encryption,Cybersecurity,0.0,207.6165661166093,0.0,207.6165661166093
2025-12-11,CR00028,Deep Learning,Machine Learning,0.0,0.3279103473026055,0.0,0.3279103473026055
2025-12-11,CR00056,Google Ads Mastery,Digital Marketing,0.0,85.79551557857789,0.0,85.79551557857789
2025-12-11,CR00047,Natural Language Processing,Artificial Intelligence,0.0,35.726075306856124,0.0,35.726075306856124
2025-12-11,CR00032,Ethical Hacking,Cybersecurity,1.0,0.0,0.0,0.0
2025-12-12,CR00045,Financial Modeling,Finance,0.0,0.0,0.0,0.0
2025-12-12,CR00016,Digital Marketing,Marketing,0.0,0.0,0.0,0.0
2025-12-12,CR00046,AI for Beginners,Artificial Intelligence,0.0,94.25713270589145,0.0,94.25713270589145
2025-12-12,CR00022,Data Visualization,Data Science,1.0,5.421692463401449,0.0,5.421692463401449
2025-12-12,CR00051,HTML & CSS,Web Development,0.0,14.819196037665293,0.0,14.819196037665293
2025-12-12,CR00005,Full Stack Development,Programming,0.0,0.0,0.0,0.0
2025-12-12,CR00018,Social Media Marketing,Marketing,1.0,0.0,0.0,0.0
2025-12-12,CR00029,Natural Language Processing,Machine Learning,0.0,0.0,0.0,0.0
2025-12-12,CR00008,Photoshop Mastery,Design,0.0,0.0,0.0,0.0
2025-12-12,CR00019,Content Marketing,Marketing,0.0,0.0,0.0,0.0
2025-12-12,CR00017,SEO Mastery,Marketing,1.0,0.0,0.0,0.0
2025-12-12,CR00004,Advanced Python,Programming,0.0,0.0,0.0,0.0
2025-12-12,CR00032,Ethical Hacking,Cybersecurity,0.0,0.0,0.0,0.0
2025-12-12,CR00036,Agile Project Management,Project Management,0.0,3.547334229916295,0.0,3.547334229916295
2025-12-12,CR00056,Google Ads Mastery,Digital Marketing,0.0,87.19723282015956,0.0,87.19723282015956
2025-12-12,CR00053,React for Beginners,Web Development,2.0,0.0,0.0,0.0
2025-12-12,CR00060,Content Creation,Digital Marketing,0.0,0.0,0.0,0.0
2025-12-12,CR00013,Finance for Startups,Business,0.0,0.0,0.0,0.0
2025-12-12,CR00039,Project Planning,Project Management,0.0,131.65682819622106,0.0,131.65682819622106
2025-12-12,CR00057,SEO for E-commerce,Digital Marketing,0.0,64.06675001248269,0.0,64.06675001248269
2025-12-12,CR00001,Python Basics,Programming,0.0,209.19631256324988,0.0,209.19631256324988
2025-12-12,CR00010,3D Modeling,Design,0.0,0.0,0.0,0.0
2025-12-12,CR00028,Deep Learning,Machine Learning,0.0,0.0,0.0,0.0
2025-12-12,CR00041,Financial Accounting,Finance,0.0,18.63767944835501,0.0,18.63767944835501
2025-12-12,CR00044,Personal Finance,Finance,1.0,46.89546797668791,119.04,46.89546797668791
2025-12-12,CR00040,Leadership in Projects,Project Management,1.0,139.82392830571743,327.99,139.82392830571743
2025-12-12,CR00048,AI Ethics,Artificial Intelligence,0.0,0.0,0.0,0.0
2025-12-12,CR00026,Intro to Machine Learning,Machine Learning,1.0,0.0,0.0,0.0
2025-12-12,CR00027,Neural Networks,Machine Learning,0.0,0.0,0.0,0.0
2025-12-12,CR00059,Affiliate Marketing,Digital Marketing,0.0,0.0,0.0,0.0
2025-12-12,CR00042,Investment Strategies,Finance,0.0,0.0,0.0,0.0
2025-12-12,CR00038,Risk Management,Project Management,0.0,105.2092500443341,0.0,105.2092500443341
2025-12-12,CR00015,Leadership Essentials,Business,1.0,120.03788344352064,285.05,120.03788344352064
2025-12-12,CR00030,Reinforcement Learning,Machine Learning,1.0,0.0,0.0,0.0
2025-12-12,CR00031,Network Security,Cybersecurity,0.0,0.0,0.0,0.0
2025-12-12,CR00058,Social Media Strategy,Digital Marketing,0.0,0.0,0.0,0.0
2025-12-12,CR00047,Natural Language Processing,Artificial Intelligence,0.0,35.70771405053641,0.0,35.70771405053641
2025-12-12,CR00014,Sales Mastery,Business,0.0,0.0,0.0,0.0
2025-12-12,CR00002,Java Programming,Programming,0.0,0.0,0.0,0.0
2025-12-12,CR00012,Business Strategy,Business,0.0,198.5739723801348,0.0,198.5739723801348
2025-12-12,CR00009,Web Design Fundamentals,Design,3.0,0.0,0.0,0.0
2025-12-12,CR00006,Graphic Design Basics,Design,0.0,92.2667285374747,0.0,92.2667285374747
2025-12-12,CR00007,UI/UX Design,Design,1.0,0.0,0.0,0.0
2025-12-12,CR00011,Entrepreneurship 101,Business,0.0,122.67379209421972,0.0,122.67379209421972
2025-12-12,CR00037,Scrum Essentials,Project Management,0.0,0.0,0.0,0.0
2025-12-12,CR00043,Corporate Finance,Finance,1.0,1.4223764633135758,0.0,1.4223764633135758
2025-12-12,CR00023,Machine Learning Fundamentals,Data Science,0.0,0.6975036161933019,0.0,0.6975036161933019
2025-12-12,CR00050,Computer Vision,Artificial Intelligence,1.0,213.87730089845886,490.9,213.87730089845886
2025-12-12,CR00003,C++ for Beginners,Programming,0.0,0.0,0.0,0.0
2025-12-12,CR00020,Email Marketing,Marketing,0.0,0.0,0.0,0.0
2025-12-12,CR00055,Full-Stack Web Development,Web Development,0.0,26.114397777154217,0.0,26.114397777154217
2025-12-12,CR00025,Statistical Analysis,Data Science,0.0,156.45974529389366,0.0,156.45974529389366
2025-12-12,CR00052,JavaScript Mastery,Web Development,1.0,0.0,0.0,0.0
2025-12-12,CR00021,Data Analysis with Python,Data Science,1.0,0.0,0.0,0.0
2025-12-12,CR00034,Data Encryption,Cybersecurity,1.0,180.51751610513975,394.26,180.51751610513975
2025-12-12,CR00024,Big Data Analytics,Data Science,0.0,60.916571522833735,0.0,60.916571522833735
2025-12-12,CR00035,Cyber Threat Intelligence,Cybersecurity,0.0,0.0,0.0,0.0
2025-12-12,CR00033,Cybersecurity Fundamentals,Cybersecurity,1.0,0.0,0.0,0.0
2025-12-12,CR00054,Backend Development with Node.js,Web Development,1.0,0.0,0.0,0.0
2025-12-12,CR00049,Deep Learning,Artificial Intelligence,0.0,185.92981545299483,0.0,185.92981545299483
2025-12-13,CR00009,Web Design Fundamentals,Design,0.0,0.20459565650164535,0.0,0.20459565650164535
2025-12-13,CR00012,Business Strategy,Business,0.0,216.83452799670764,0.0,216.83452799670764
2025-12-13,CR00046,AI for Beginners,Artificial Intelligence,0.0,92.21965473343337,0.0,92.21965473343337
2025-12-13,CR00013,Finance for Startups,Business,0.0,0.0,0.0,0.0
2025-12-13,CR00041,Financial Accounting,Finance,0.0,18.696086644041053,0.0,18.696086644041053
2025-12-13,CR00053,React for Beginners,Web Development,0.0,0.0,0.0,0.0
2025-12-13,CR00004,Advanced Python,Programming,1.0,0.0,0.0,0.0
2025-12-13,CR00010,3D Modeling,Design,0.0,0.0,0.0,0.0
2025-12-13,CR00049,Deep Learning,Artificial Intelligence,0.0,149.6329077079671,0.0,149.6329077079671
2025-12-13,CR00025,Statistical Analysis,Data Science,0.0,197.25156280932381,0.0,197.25156280932381
2025-12-13,CR00055,Full-Stack Web Development,Web Development,3.0,25.101220532576974,171.96,25.101220532576974
2025-12-13,CR00027,Neural Networks,Machine Learning,0.0,0.0,0.0,0.0
2025-12-13,CR00051,HTML & CSS,Web Development,1.0,15.449277201483856,37.89,15.449277201483856
2025-12-13,CR00026,Intro to Machine Learning,Machine Learning,0.0,0.0,0.0,0.0
2025-12-13,CR00019,Content Marketing,Marketing,0.0,0.0,0.0,0.0
2025-12-13,CR00038,Risk Management,Project Management,0.0,129.7910705975687,0.0,129.7910705975687
2025-12-13,CR00018,Social Media Marketing,Marketing,0.0,0.0,0.0,0.0
2025-12-13,CR00011,Entrepreneurship 101,Business,0.0,129.77794457402868,0.0,129.77794457402868
2025-12-13,CR00001,Python Basics,Programming,1.0,192.29430314549148,472.28,192.29430314549148
2025-12-13,CR00039,Project Planning,Project Management,0.0,145.60410698626666,0.0,145.60410698626666
2025-12-13,CR00040,Leadership in Projects,Project Management,0.0,137.54917504794824,0.0,137.54917504794824
2025-12-13,CR00020,Email Marketing,Marketing,0.0,0.0,0.0,0.0
2025-12-13,CR00030,Reinforcement Learning,Machine Learning,1.0,0.0,0.0,0.0
2025-12-13,CR00058,Social Media Strategy,Digital Marketing,0.0,0.0,0.0,0.0
2025-12-13,CR00037,Scrum Essentials,Project Management,0.0,0.0,0.0,0.0
2025-12-13,CR00052,JavaScript Mastery,Web Development,0.0,0.0,0.0,0.0
2025-12-13,CR00048,AI Ethics,Artificial Intelligence,0.0,0.0,0.0,0.0
2025-12-13,CR00022,Data Visualization,Data Science,1.0,5.83774417854562,0.0,5.83774417854562
2025-12-13,CR00057,SEO for E-commerce,Digital Marketing,0.0,72.75223798691083,0.0,72.75223798691083
2025-12-13,CR00047,Natural Language Processing,Artificial Intelligence,0.0,39.53290855704469,0.0,39.53290855704469
2025-12-13,CR00036,Agile Project Management,Project Management,2.0,1.2956086743871111,0.0,1.2956086743871111
2025-12-13,CR00029,Natural Language Processing,Machine Learning,0.0,0.0,0.0,0.0
2025-12-13,CR00024,Big Data Analytics,Data Science,0.0,64.46691542042737,0.0,64.46691542042737
2025-12-13,CR00042,Investment Strategies,Finance,1.0,0.0,0.0,0.0
2025-12-13,CR00016,Digital Marketing,Marketing,0.0,0.0,0.0,0.0
2025-12-13,CR00021,Data Analysis with Python,Data Science,0.0,0.0,0.0,0.0
2025-12-13,CR00033,Cybersecurity Fundamentals,Cybersecurity,0.0,0.0,0.0,0.0
2025-12-13,CR00035,Cyber Threat Intelligence,Cybersecurity,0.0,0.0,0.0,0.0
2025-12-13,CR00056,Google Ads Mastery,Digital Marketing,0.0,71.61493414387733,0.0,71.61493414387733
2025-12-13,CR00045,Financial Modeling,Finance,1.0,0.0,0.0,0.0
2025-12-13,CR00059,Affiliate Marketing,Digital Marketing,0.0,0.0,0.0,0.0
2025-12-13,CR00006,Graphic Design Basics,Design,0.0,103.21807719490064,0.0,103.21807719490064
2025-12-13,CR00007,UI/UX Design,Design,2.0,0.0,0.0,0.0
2025-12-13,CR00031,Network Security,Cybersecurity,1.0,0.0,0.0,0.0
2025-12-13,CR00002,Java Programming,Programming,0.0,0.0,0.0,0.0
2025-12-13,CR00023,Machine Learning Fundamentals,Data Science,0.0,1.0475077400780322,0.0,1.0475077400780322
2025-12-13,CR00060,Content Creation,Digital Marketing,0.0,0.0,0.0,0.0
2025-12-13,CR00034,Data Encryption,Cybersecurity,0.0,163.11762235414648,0.0,163.11762235414648
2025-12-13,CR00050,Computer Vision,Artificial Intelligence,0.0,264.57675081055754,0.0,264.57675081055754
2025-12-13,CR00043,Corporate Finance,Finance,2.0,0.6692925154538472,0.0,0.6692925154538472
2025-12-13,CR00014,Sales Mastery,Business,0.0,0.0,0.0,0.0
2025-12-13,CR00044,Personal Finance,Finance,0.0,44.37638485349803,0.0,44.37638485349803
2025-12-13,CR00015,Leadership Essentials,Business,0.0,120.8687725065789,0.0,120.8687725065789
2025-12-13,CR00008,Photoshop Mastery,Design,1.0,0.0,0.0,0.0
2025-12-13,CR00028,Deep Learning,Machine Learning,0.0,0.0,0.0,0.0
2025-12-13,CR00005,Full Stack Development,Programming,2.0,0.0,0.0,0.0
2025-12-13,CR00017,SEO Mastery,Marketing,1.0,1.7767677282529348,0.0,1.7767677282529348
2025-12-13,CR00003,C++ for Beginners,Programming,0.0,0.0,0.0,0.0
2025-12-13,CR00032,Ethical Hacking,Cybersecurity,0.0,0.0,0.0,0.0
2025-12-13,CR00054,Backend Development with Node.js,Web Development,0.0,0.33589092184236335,0.0,0.33589092184236335
2025-12-14,CR00011,Entrepreneurship 101,Business,1.0,162.71959910946828,326.02,162.71959910946828
2025-12-14,CR00059,Affiliate Marketing,Digital Marketing,0.0,0.0,0.0,0.0
2025-12-14,CR00030,Reinforcement Learning,Machine Learning,2.0,0.0,0.0,0.0
2025-12-14,CR00014,Sales Mastery,Business,0.0,0.0,0.0,0.0
2025-12-14,CR00053,React for Beginners,Web Development,0.0,0.0,0.0,0.0
2025-12-14,CR00033,Cybersecurity Fundamentals,Cybersecurity,2.0,0.0,0.0,0.0
2025-12-14,CR00035,Cyber Threat Intelligence,Cybersecurity,2.0,0.0,0.0,0.0
2025-12-14,CR00054,Backend Development with Node.js,Web Development,0.0,0.0,0.0,0.0
2025-12-14,CR00049,Deep Learning,Artificial Intelligence,3.0,162.1066100837757,1246.53,162.1066100837757
2025-12-14,CR00042,Investment Strategies,Finance,0.0,0.0,0.0,0.0
2025-12-14,CR00007,UI/UX Design,Design,1.0,0.0,0.0,0.0
2025-12-14,CR00032,Ethical Hacking,Cybersecurity,0.0,0.0,0.0,0.0
2025-12-14,CR00006,Graphic Design Basics,Design,0.0,91.21988236354714,0.0,91.21988236354714
2025-12-14,CR00046,AI for Beginners,Artificial Intelligence,0.0,90.43398084011935,0.0,90.43398084011935
2025-12-14,CR00043,Corporate Finance,Finance,1.0,0.0,0.0,0.0
2025-12-14,CR00050,Computer Vision,Artificial Intelligence,1.0,231.23021182426237,490.9,231.23021182426237
2025-12-14,CR00017,SEO Mastery,Marketing,0.0,0.7637855782099194,0.0,0.7637855782099194
2025-12-14,CR00038,Risk Management,Project Management,0.0,157.18635892318434,0.0,157.18635892318434
2025-12-14,CR00037,Scrum Essentials,Project Management,0.0,0.0,0.0,0.0
2025-12-14,CR00034,Data Encryption,Cybersecurity,0.0,186.87985274743062,0.0,186.87985274743062
2025-12-14,CR00058,Social Media Strategy,Digital Marketing,2.0,0.0,0.0,0.0
2025-12-14,CR00055,Full-Stack Web Development,Web Development,0.0,27.752411372613174,0.0,27.752411372613174
2025-12-14,CR00023,Machine Learning Fundamentals,Data Science,1.0,0.31670958243716996,0.0,0.31670958243716996
2025-12-14,CR00020,Email Marketing,Marketing,1.0,0.0,0.0,0.0
2025-12-14,CR00052,JavaScript Mastery,Web Development,0.0,0.0,0.0,0.0
2025-12-14,CR00002,Java Programming,Programming,0.0,0.0,0.0,0.0
2025-12-14,CR00031,Network Security,Cybersecurity,0.0,0.0,0.0,0.0
2025-12-14,CR00060,Content Creation,Digital Marketing,0.0,0.0,0.0,0.0
2025-12-14,CR00008,Photoshop Mastery,Design,1.0,0.0,0.0,0.0
2025-12-14,CR00012,Business Strategy,Business,0.0,217.14835682944997,0.0,217.14835682944997
2025-12-14,CR00028,Deep Learning,Machine Learning,0.0,0.0,0.0,0.0
2025-12-14,CR00005,Full Stack Development,Programming,1.0,0.0,0.0,0.0
2025-12-14,CR00021,Data Analysis with Python,Data Science,0.0,0.0,0.0,0.0
2025-12-14,CR00001,Python Basics,Programming,0.0,241.49007986765227,0.0,241.49007986765227
2025-12-14,CR00036,Agile Project Management,Project Management,1.0,4.044078930965384,0.0,4.044078930965384
2025-12-14,CR00045,Financial Modeling,Finance,0.0,0.0,0.0,0.0
2025-12-14,CR00025,Statistical Analysis,Data Science,0.0,174.3040211506446,0.0,174.3040211506446
2025-12-14,CR00019,Content Marketing,Marketing,1.0,0.0,0.0,0.0
2025-12-14,CR00047,Natural Language Processing,Artificial Intelligence,0.0,38.05320568370584,0.0,38.05320568370584
2025-12-14,CR00004,Advanced Python,Programming,0.0,0.0,0.0,0.0
2025-12-14,CR00056,Google Ads Mastery,Digital Marketing,0.0,96.05615947443518,0.0,96.05615947443518
2025-12-14,CR00039,Project Planning,Project Management,0.0,152.36644044102587,0.0,152.36644044102587
2025-12-14,CR00057,SEO for E-commerce,Digital Marketing,0.0,65.20890046662255,0.0,65.20890046662255
2025-12-14,CR00013,Finance for Startups,Business,1.0,0.0,0.0,0.0
2025-12-14,CR00040,Leadership in Projects,Project Management,0.0,127.69477005498638,0.0,127.69477005498638
2025-12-14,CR00048,AI Ethics,Artificial Intelligence,1.0,0.0,0.0,0.0
2025-12-14,CR00003,C++ for Beginners,Programming,0.0,0.0,0.0,0.0
2025-12-14,CR00044,Personal Finance,Finance,1.0,42.63885841235453,119.04,42.63885841235453
2025-12-14,CR00018,Social Media Marketing,Marketing,1.0,0.0,0.0,0.0
2025-12-14,CR00041,Financial Accounting,Finance,0.0,17.87679649931334,0.0,17.87679649931334
2025-12-14,CR00026,Intro to Machine Learning,Machine Learning,1.0,0.0,0.0,0.0
2025-12-14,CR00009,Web Design Fundamentals,Design,1.0,0.0,0.0,0.0
2025-12-14,CR00027,Neural Networks,Machine Learning,0.0,0.0,0.0,0.0
2025-12-14,CR00022,Data Visualization,Data Science,2.0,3.5528355692260334,0.0,3.5528355692260334
2025-12-14,CR00051,HTML & CSS,Web Development,0.0,14.437225661641712,0.0,14.437225661641712
2025-12-14,CR00024,Big Data Analytics,Data Science,1.0,69.2782140951403,117.68,69.2782140951403
2025-12-14,CR00016,Digital Marketing,Marketing,0.0,0.0,0.0,0.0
2025-12-14,CR00015,Leadership Essentials,Business,0.0,110.46354397472464,0.0,110.46354397472464
2025-12-14,CR00010,3D Modeling,Design,0.0,0.0,0.0,0.0
2025-12-14,CR00029,Natural Language Processing,Machine Learning,1.0,0.0,0.0,0.0
2025-12-15,CR00017,SEO Mastery,Marketing,0.0,0.0,0.0,0.0
2025-12-15,CR00044,Personal Finance,Finance,0.0,39.7415113878593,0.0,39.7415113878593
2025-12-15,CR00016,Digital Marketing,Marketing,0.0,0.0,0.0,0.0
2025-12-15,CR00015,Leadership Essentials,Business,0.0,143.79837124857798,0.0,143.79837124857798
2025-12-15,CR00043,Corporate Finance,Finance,1.0,0.0,0.0,0.0
2025-12-15,CR00038,Risk Management,Project Management,1.0,145.39495766998942,342.61,145.39495766998942
2025-12-15,CR00056,Google Ads Mastery,Digital Marketing,0.0,78.21634918379036,0.0,78.21634918379036
2025-12-15,CR00058,Social Media Strategy,Digital Marketing,1.0,0.0,0.0,0.0
2025-12-15,CR00040,Leadership in Projects,Project Management,1.0,131.1728682386465,327.99,131.1728682386465
2025-12-15,CR00046,AI for Beginners,Artificial Intelligence,0.0,107.92434517764715,0.0,107.92434517764715
2025-12-15,CR00006,Graphic Design Basics,Design,2.0,132.37142221960917,552.74,132.37142221960917
2025-12-15,CR00026,Intro to Machine Learning,Machine Learning,0.0,0.0,0.0,0.0
2025-12-15,CR00039,Project Planning,Project Management,2.0,128.56666453927036,693.42,128.56666453927036
2025-12-15,CR00019,Content Marketing,Marketing,1.0,0.0,0.0,0.0
2025-12-15,CR00059,Affiliate Marketing,Digital Marketing,1.0,0.0,0.0,0.0
2025-12-15,CR00018,Social Media Marketing,Marketing,0.0,0.0,0.0,0.0
2025-12-15,CR00032,Ethical Hacking,Cybersecurity,0.0,0.0,0.0,0.0
2025-12-15,CR00047,Natural Language Processing,Artificial Intelligence,1.0,28.654198212821832,89.59,28.654198212821832
2025-12-15,CR00051,HTML & CSS,Web Development,1.0,11.96619768705932,37.89,11.96619768705932
2025-12-15,CR00005,Full Stack Development,Programming,1.0,0.0,0.0,0.0
2025-12-15,CR00033,Cybersecurity Fundamentals,Cybersecurity,0.0,0.0,0.0,0.0
2025-12-15,CR00021,Data Analysis with Python,Data Science,0.0,0.0,0.0,0.0
2025-12-15,CR00010,3D Modeling,Design,0.0,0.0,0.0,0.0
2025-12-15,CR00024,Big Data Analytics,Data Science,2.0,57.36760941627661,235.36,57.36760941627661
2025-12-15,CR00002,Java Programming,Programming,0.0,0.0,0.0,0.0
2025-12-15,CR00011,Entrepreneurship 101,Business,0.0,138.29641955783416,0.0,138.29641955783416
2025-12-15,CR00028,Deep Learning,Machine Learning,0.0,0.0,0.0,0.0
2025-12-15,CR00049,Deep Learning,Artificial Intelligence,0.0,141.71846061805905,0.0,141.71846061805905
2025-12-15,CR00022,Data Visualization,Data Science,1.0,3.3246716539511567,0.0,3.3246716539511567
2025-12-15,CR00027,Neural Networks,Machine Learning,1.0,0.0,0.0,0.0
2025-12-15,CR00020,Email Marketing,Marketing,0.0,0.0,0.0,0.0
2025-12-15,CR00031,Network Security,Cybersecurity,0.0,0.0,0.0,0.0
2025-12-15,CR00012,Business Strategy,Business,1.0,215.8910142599823,487.92,215.8910142599823
2025-12-15,CR00007,UI/UX Design,Design,0.0,0.0,0.0,0.0
2025-12-15,CR00004,Advanced Python,Programming,0.0,0.0,0.0,0.0
2025-12-15,CR00014,Sales Mastery,Business,0.0,0.0,0.0,0.0
2025-12-15,CR00013,Finance for Startups,Business,0.0,0.0,0.0,0.0
2025-12-15,CR00057,SEO for E-commerce,Digital Marketing,0.0,63.95155789715489,0.0,63.95155789715489
2025-12-15,CR00030,Reinforcement Learning,Machine Learning,0.0,0.0,0.0,0.0
2025-12-15,CR00053,React for Beginners,Web Development,0.0,0.0,0.0,0.0
2025-12-15,CR00035,Cyber Threat Intelligence,Cybersecurity,0.0,0.0,0.0,0.0
2025-12-15,CR00029,Natural Language Processing,Machine Learning,0.0,0.0,0.0,0.0
2025-12-15,CR00001,Python Basics,Programming,0.0,241.24065237526395,0.0,241.24065237526395
2025-12-15,CR00036,Agile Project Management,Project Management,1.0,0.6328546449509673,0.0,0.6328546449509673
2025-12-15,CR00042,Investment Strategies,Finance,0.0,0.0,0.0,0.0
2025-12-15,CR00025,Statistical Analysis,Data Science,1.0,171.3305481335445,299.57,171.3305481335445
2025-12-15,CR00055,Full-Stack Web Development,Web Development,0.0,23.49217866873154,0.0,23.49217866873154
2025-12-15,CR00023,Machine Learning Fundamentals,Data Science,0.0,0.0,0.0,0.0
2025-12-15,CR00041,Financial Accounting,Finance,2.0,18.83875939507326,107.72,18.83875939507326
2025-12-15,CR00048,AI Ethics,Artificial Intelligence,0.0,0.0,0.0,0.0
2025-12-15,CR00034,Data Encryption,Cybersecurity,2.0,181.76151505807562,788.52,181.76151505807562
2025-12-15,CR00045,Financial Modeling,Finance,2.0,0.0,0.0,0.0
2025-12-15,CR00037,Scrum Essentials,Project Management,0.0,0.0,0.0,0.0
2025-12-15,CR00060,Content Creation,Digital Marketing,0.0,0.0,0.0,0.0
2025-12-15,CR00009,Web Design Fundamentals,Design,0.0,0.0,0.0,0.0
2025-12-15,CR00008,Photoshop Mastery,Design,0.0,0.0,0.0,0.0
2025-12-15,CR00054,Backend Development with Node.js,Web Development,1.0,0.0,0.0,0.0
2025-12-15,CR00052,JavaScript Mastery,Web Development,0.0,0.0,0.0,0.0
2025-12-15,CR00050,Computer Vision,Artificial Intelligence,1.0,218.89828023259238,490.9,218.89828023259238
2025-12-15,CR00003,C++ for Beginners,Programming,2.0,0.0,0.0,0.0
2025-12-16,CR00048,AI Ethics,Artificial Intelligence,2.0,0.0,0.0,0.0
2025-12-16,CR00052,JavaScript Mastery,Web Development,0.0,0.0,0.0,0.0
2025-12-16,CR00001,Python Basics,Programming,1.0,248.03549757583494,472.28,248.03549757583494
2025-12-16,CR00039,Project Planning,Project Management,0.0,155.600459700949,0.0,155.600459700949
2025-12-16,CR00036,Agile Project Management,Project Management,0.0,4.371445156410886,0.0,4.371445156410886
2025-12-16,CR00025,Statistical Analysis,Data Science,0.0,147.36427203197735,0.0,147.36427203197735
2025-12-16,CR00026,Intro to Machine Learning,Machine Learning,0.0,0.0,0.0,0.0
2025-12-16,CR00017,SEO Mastery,Marketing,0.0,0.2703546542283277,0.0,0.2703546542283277
2025-12-16,CR00053,React for Beginners,Web Development,1.0,0.0,0.0,0.0
2025-12-16,CR00041,Financial Accounting,Finance,0.0,18.844752695112433,0.0,18.844752695112433
2025-12-16,CR00047,Natural Language Processing,Artificial Intelligence,0.0,31.992610799932958,0.0,31.992610799932958
2025-12-16,CR00029,Natural Language Processing,Machine Learning,0.0,0.0,0.0,0.0
2025-12-16,CR00018,Social Media Marketing,Marketing,1.0,0.0,0.0,0.0
2025-12-16,CR00045,Financial Modeling,Finance,0.0,0.0,0.0,0.0
2025-12-16,CR00040,Leadership in Projects,Project Management,0.0,128.53517009213698,0.0,128.53517009213698
2025-12-16,CR00057,SEO for E-commerce,Digital Marketing,0.0,64.68776973859553,0.0,64.68776973859553
2025-12-16,CR00013,Finance for Startups,Business,0.0,0.0,0.0,0.0
2025-12-16,CR00032,Ethical Hacking,Cybersecurity,0.0,0.0,0.0,0.0
2025-12-16,CR00044,Personal Finance,Finance,0.0,48.630152444431644,0.0,48.630152444431644
2025-12-16,CR00004,Advanced Python,Programming,0.0,0.0,0.0,0.0
2025-12-16,CR00022,Data Visualization,Data Science,0.0,5.186552870054939,0.0,5.186552870054939
2025-12-16,CR00054,Backend Development with Node.js,Web Development,1.0,0.8690578987367275,0.0,0.8690578987367275
2025-12-16,CR00019,Content Marketing,Marketing,1.0,0.29316271149140505,0.0,0.29316271149140505
2025-12-16,CR00010,3D Modeling,Design,0.0,0.0,0.0,0.0
2025-12-16,CR00005,Full Stack Development,Programming,0.0,0.0,0.0,0.0
2025-12-16,CR00028,Deep Learning,Machine Learning,0.0,0.0,0.0,0.0
2025-12-16,CR00051,HTML & CSS,Web Development,0.0,13.683209894150767,0.0,13.683209894150767
2025-12-16,CR00009,Web Design Fundamentals,Design,0.0,0.18384439046911893,0.0,0.18384439046911893
2025-12-16,CR00011,Entrepreneurship 101,Business,0.0,154.15649337107152,0.0,154.15649337107152
2025-12-16,CR00014,Sales Mastery,Business,0.0,0.0,0.0,0.0
2025-12-16,CR00007,UI/UX Design,Design,1.0,0.0,0.0,0.0
2025-12-16,CR00027,Neural Networks,Machine Learning,0.0,0.0,0.0,0.0
2025-12-16,CR00056,Google Ads Mastery,Digital Marketing,1.0,80.40550026666682,212.39,80.40550026666682
2025-12-16,CR00012,Business Strategy,Business,1.0,218.09152838652597,487.92,218.09152838652597
2025-12-16,CR00031,Network Security,Cybersecurity,2.0,0.0,0.0,0.0
2025-12-16,CR00059,Affiliate Marketing,Digital Marketing,0.0,0.0,0.0,0.0
2025-12-16,CR00023,Machine Learning Fundamentals,Data Science,0.0,0.0,0.0,0.0
2025-12-16,CR00034,Data Encryption,Cybersecurity,0.0,175.45768254987485,0.0,175.45768254987485
2025-12-16,CR00058,Social Media Strategy,Digital Marketing,0.0,0.0,0.0,0.0
2025-12-16,CR00006,Graphic Design Basics,Design,1.0,115.20012203673761,276.37,115.20012203673761
2025-12-16,CR00043,Corporate Finance,Finance,1.0,0.0,0.0,0.0
2025-12-16,CR00037,Scrum Essentials,Project Management,0.0,0.0,0.0,0.0
2025-12-16,CR00050,Computer Vision,Artificial Intelligence,0.0,179.6223541164923,0.0,179.6223541164923
2025-12-16,CR00046,AI for Beginners,Artificial Intelligence,0.0,100.22721370394616,0.0,100.22721370394616
2025-12-16,CR00015,Leadership Essentials,Business,0.0,128.97725887645117,0.0,128.97725887645117
2025-12-16,CR00003,C++ for Beginners,Programming,0.0,0.0,0.0,0.0
2025-12-16,CR00020,Email Marketing,Marketing,0.0,0.0,0.0,0.0
2025-12-16,CR00002,Java Programming,Programming,1.0,0.0,0.0,0.0
2025-12-16,CR00008,Photoshop Mastery,Design,0.0,0.0,0.0,0.0
2025-12-16,CR00021,Data Analysis with Python,Data Science,2.0,0.0,0.0,0.0
2025-12-16,CR00033,Cybersecurity Fundamentals,Cybersecurity,1.0,0.0,0.0,0.0
2025-12-16,CR00055,Full-Stack Web Development,Web Development,0.0,24.67982084278948,0.0,24.67982084278948
2025-12-16,CR00016,Digital Marketing,Marketing,1.0,0.0,0.0,0.0
2025-12-16,CR00024,Big Data Analytics,Data Science,0.0,60.85192381867746,0.0,60.85192381867746
2025-12-16,CR00060,Content Creation,Digital Marketing,0.0,0.0,0.0,0.0
2025-12-16,CR00042,Investment Strategies,Finance,0.0,0.0,0.0,0.0
2025-12-16,CR00035,Cyber Threat Intelligence,Cybersecurity,1.0,0.0,0.0,0.0
2025-12-16,CR00030,Reinforcement Learning,Machine Learning,0.0,0.0,0.0,0.0
2025-12-16,CR00049,Deep Learning,Artificial Intelligence,0.0,166.82175102248135,0.0,166.82175102248135
2025-12-16,CR00038,Risk Management,Project Management,1.0,151.00353423282974,342.61,151.00353423282974
2025-12-17,CR00050,Computer Vision,Artificial Intelligence,1.0,196.6183377360603,490.9,196.6183377360603
2025-12-17,CR00059,Affiliate Marketing,Digital Marketing,0.0,0.0,0.0,0.0
2025-12-17,CR00003,C++ for Beginners,Programming,0.0,0.0,0.0,0.0
2025-12-17,CR00046,AI for Beginners,Artificial Intelligence,0.0,101.87120094382385,0.0,101.87120094382385
2025-12-17,CR00051,HTML & CSS,Web Development,2.0,14.770260681348034,75.78,14.770260681348034
2025-12-17,CR00041,Financial Accounting,Finance,1.0,24.80316442969727,53.86,24.80316442969727
2025-12-17,CR00008,Photoshop Mastery,Design,1.0,0.0,0.0,0.0
2025-12-17,CR00058,Social Media Strategy,Digital Marketing,1.0,0.0,0.0,0.0
2025-12-17,CR00040,Leadership in Projects,Project Management,0.0,135.36023618034505,0.0,135.36023618034505
2025-12-17,CR00049,Deep Learning,Artificial Intelligence,1.0,169.81555298128336,415.51,169.81555298128336
2025-12-17,CR00006,Graphic Design Basics,Design,0.0,111.46515704839115,0.0,111.46515704839115
2025-12-17,CR00004,Advanced Python,Programming,0.0,0.0,0.0,0.0
2025-12-17,CR00043,Corporate Finance,Finance,1.0,0.5398941738997678,0.0,0.5398941738997678
2025-12-17,CR00002,Java Programming,Programming,1.0,0.0,0.0,0.0
2025-12-17,CR00042,Investment Strategies,Finance,1.0,0.0,0.0,0.0
2025-12-17,CR00024,Big Data Analytics,Data Science,0.0,62.49034696538582,0.0,62.49034696538582
2025-12-17,CR00005,Full Stack Development,Programming,1.0,0.0,0.0,0.0
2025-12-17,CR00044,Personal Finance,Finance,0.0,43.01199541889052,0.0,43.01199541889052
2025-12-17,CR00007,UI/UX Design,Design,0.0,0.0,0.0,0.0
2025-12-17,CR00047,Natural Language Processing,Artificial Intelligence,0.0,29.831451389656074,0.0,29.831451389656074
2025-12-17,CR00048,AI Ethics,Artificial Intelligence,2.0,0.0,0.0,0.0
2025-12-17,CR00001,Python Basics,Programming,0.0,227.78774062073222,0.0,227.78774062073222
2025-12-17,CR00045,Financial Modeling,Finance,0.0,0.0,0.0,0.0
2025-12-17,CR00009,Web Design Fundamentals,Design,1.0,1.1313441310905716,0.0,1.1313441310905716
2025-12-17,CR00012,Business Strategy,Business,1.0,249.40684721033134,487.92,249.40684721033134
2025-12-17,CR00053,React for Beginners,Web Development,0.0,0.0,0.0,0.0
2025-12-17,CR00034,Data Encryption,Cybersecurity,1.0,160.86266416815602,394.26,160.86266416815602
2025-12-17,CR00030,Reinforcement Learning,Machine Learning,0.0,0.0,0.0,0.0
2025-12-17,CR00019,Content Marketing,Marketing,0.0,0.3163906678691575,0.0,0.3163906678691575
2025-12-17,CR00014,Sales Mastery,Business,0.0,1.4450757847450362,0.0,1.4450757847450362
2025-12-17,CR00035,Cyber Threat Intelligence,Cybersecurity,0.0,0.0,0.0,0.0
2025-12-17,CR00057,SEO for E-commerce,Digital Marketing,0.0,70.91140312763142,0.0,70.91140312763142
2025-12-17,CR00029,Natural Language Processing,Machine Learning,0.0,1.1787492420931258,0.0,1.1787492420931258
2025-12-17,CR00020,Email Marketing,Marketing,0.0,0.0,0.0,0.0
2025-12-17,CR00028,Deep Learning,Machine Learning,0.0,0.7551096718008168,0.0,0.7551096718008168
2025-12-17,CR00015,Leadership Essentials,Business,1.0,145.21948248830705,285.05,145.21948248830705
2025-12-17,CR00023,Machine Learning Fundamentals,Data Science,1.0,2.891736584823221,0.0,2.891736584823221
2025-12-17,CR00038,Risk Management,Project Management,0.0,155.2866261620136,0.0,155.2866261620136
2025-12-17,CR00011,Entrepreneurship 101,Business,0.0,135.74340677051126,0.0,135.74340677051126
2025-12-17,CR00013,Finance for Startups,Business,0.0,0.0,0.0,0.0
2025-12-17,CR00025,Statistical Analysis,Data Science,0.0,144.82851934973107,0.0,144.82851934973107
2025-12-17,CR00036,Agile Project Management,Project Management,1.0,5.921472979901438,0.0,5.921472979901438
2025-12-17,CR00021,Data Analysis with Python,Data Science,0.0,0.9913730036608754,0.0,0.9913730036608754
2025-12-17,CR00037,Scrum Essentials,Project Management,0.0,0.0,0.0,0.0
2025-12-17,CR00060,Content Creation,Digital Marketing,3.0,0.0,0.0,0.0
2025-12-17,CR00022,Data Visualization,Data Science,0.0,5.883481193503172,0.0,5.883481193503172
2025-12-17,CR00052,JavaScript Mastery,Web Development,0.0,1.043106693780416,0.0,1.043106693780416
2025-12-17,CR00055,Full-Stack Web Development,Web Development,1.0,25.581164181694394,57.32,25.581164181694394
2025-12-17,CR00027,Neural Networks,Machine Learning,0.0,0.0,0.0,0.0
2025-12-17,CR00054,Backend Development with Node.js,Web Development,0.0,2.1640856998250797,0.0,2.1640856998250797
2025-12-17,CR00033,Cybersecurity Fundamentals,Cybersecurity,1.0,0.0,0.0,0.0
2025-12-17,CR00039,Project Planning,Project Management,0.0,157.14381697642435,0.0,157.14381697642435
2025-12-17,CR00032,Ethical Hacking,Cybersecurity,1.0,0.0,0.0,0.0
2025-12-17,CR00026,Intro to Machine Learning,Machine Learning,2.0,0.0,0.0,0.0
2025-12-17,CR00017,SEO Mastery,Marketing,1.0,3.456795177212868,0.0,3.456795177212868
2025-12-17,CR00016,Digital Marketing,Marketing,0.0,0.0,0.0,0.0
2025-12-17,CR00031,Network Security,Cybersecurity,0.0,0.0,0.0,0.0
2025-12-17,CR00010,3D Modeling,Design,0.0,0.0,0.0,0.0
2025-12-17,CR00056,Google Ads Mastery,Digital Marketing,1.0,86.1655901306684,212.39,86.1655901306684
2025-12-17,CR00018,Social Media Marketing,Marketing,0.0,0.0,0.0,0.0
2025-12-18,CR00041,Financial Accounting,Finance,0.0,23.223070409180494,0.0,23.223070409180494
2025-12-18,CR00024,Big Data Analytics,Data Science,0.0,56.64718641103024,0.0,56.64718641103024
2025-12-18,CR00013,Finance for Startups,Business,0.0,0.0,0.0,0.0
2025-12-18,CR00044,Personal Finance,Finance,0.0,45.238013948433796,0.0,45.238013948433796
2025-12-18,CR00047,Natural Language Processing,Artificial Intelligence,0.0,30.87722986502847,0.0,30.87722986502847
2025-12-18,CR00052,JavaScript Mastery,Web Development,0.0,0.0,0.0,0.0
2025-12-18,CR00032,Ethical Hacking,Cybersecurity,0.0,0.0,0.0,0.0
2025-12-18,CR00005,Full Stack Development,Programming,0.0,0.0,0.0,0.0
2025-12-18,CR00056,Google Ads Mastery,Digital Marketing,0.0,88.72054866897668,0.0,88.72054866897668
2025-12-18,CR00036,Agile Project Management,Project Management,0.0,6.592484274694009,0.0,6.592484274694009
2025-12-18,CR00002,Java Programming,Programming,2.0,0.0,0.0,0.0
2025-12-18,CR00021,Data Analysis with Python,Data Science,1.0,0.10968794178937458,0.0,0.10968794178937458
2025-12-18,CR00012,Business Strategy,Business,0.0,307.25728649122544,0.0,307.25728649122544
2025-12-18,CR00037,Scrum Essentials,Project Management,0.0,0.0,0.0,0.0
2025-12-18,CR00009,Web Design Fundamentals,Design,1.0,2.1741019968582123,0.0,2.1741019968582123
2025-12-18,CR00018,Social Media Marketing,Marketing,0.0,0.0,0.0,0.0
2025-12-18,CR00050,Computer Vision,Artificial Intelligence,1.0,169.69577055689172,490.9,169.69577055689172
2025-12-18,CR00028,Deep Learning,Machine Learning,1.0,0.0,0.78,0.0
2025-12-18,CR00043,Corporate Finance,Finance,2.0,1.6812804701889803,0.0,1.6812804701889803
2025-12-18,CR00023,Machine Learning Fundamentals,Data Science,0.0,2.90568281986954,0.0,2.90568281986954
2025-12-18,CR00004,Advanced Python,Programming,0.0,0.0,0.0,0.0
2025-12-18,CR00015,Leadership Essentials,Business,1.0,136.68285775418312,285.05,136.68285775418312
2025-12-18,CR00045,Financial Modeling,Finance,0.0,0.2865980512470685,0.0,0.2865980512470685
2025-12-18,CR00031,Network Security,Cybersecurity,0.0,0.0,0.0,0.0
2025-12-18,CR00034,Data Encryption,Cybersecurity,0.0,129.1821056327162,0.0,129.1821056327162
2025-12-18,CR00030,Reinforcement Learning,Machine Learning,0.0,0.0,0.0,0.0
2025-12-18,CR00033,Cybersecurity Fundamentals,Cybersecurity,1.0,0.0,0.0,0.0
2025-12-18,CR00019,Content Marketing,Marketing,1.0,0.0,0.0,0.0
2025-12-18,CR00046,AI for Beginners,Artificial Intelligence,0.0,112.20447496507786,0.0,112.20447496507786
2025-12-18,CR00014,Sales Mastery,Business,0.0,0.0,0.0,0.0
2025-12-18,CR00008,Photoshop Mastery,Design,0.0,0.0,0.0,0.0
2025-12-18,CR00007,UI/UX Design,Design,0.0,0.0,0.0,0.0
2025-12-18,CR00042,Investment Strategies,Finance,0.0,0.0,0.0,0.0
2025-12-18,CR00035,Cyber Threat Intelligence,Cybersecurity,0.0,0.0,0.0,0.0
2025-12-18,CR00003,C++ for Beginners,Programming,0.0,0.0,0.0,0.0
2025-12-18,CR00025,Statistical Analysis,Data Science,0.0,162.43515362176262,0.0,162.43515362176262
2025-12-18,CR00016,Digital Marketing,Marketing,0.0,0.0,0.0,0.0
2025-12-18,CR00057,SEO for E-commerce,Digital Marketing,0.0,62.5820931001964,0.0,62.5820931001964
2025-12-18,CR00029,Natural Language Processing,Machine Learning,0.0,1.0448889797729208,0.0,1.0448889797729208
2025-12-18,CR00059,Affiliate Marketing,Digital Marketing,0.0,0.0,0.0,0.0
2025-12-18,CR00053,React for Beginners,Web Development,1.0,0.0,0.0,0.0
2025-12-18,CR00006,Graphic Design Basics,Design,1.0,113.89369432366996,276.37,113.89369432366996
2025-12-18,CR00022,Data Visualization,Data Science,1.0,7.09412757786037,0.0,7.09412757786037
2025-12-18,CR00020,Email Marketing,Marketing,1.0,0.0,0.0,0.0
2025-12-18,CR00017,SEO Mastery,Marketing,1.0,3.4178762226099337,0.0,3.4178762226099337
2025-12-18,CR00051,HTML & CSS,Web Development,0.0,15.618065680643777,0.0,15.618065680643777
2025-12-18,CR00054,Backend Development with Node.js,Web Development,0.0,1.664757305957309,0.0,1.664757305957309
2025-12-18,CR00039,Project Planning,Project Management,1.0,148.7012698755706,346.71,148.7012698755706
2025-12-18,CR00001,Python Basics,Programming,1.0,255.2459721746534,472.28,255.2459721746534
2025-12-18,CR00060,Content Creation,Digital Marketing,0.0,0.0,0.0,0.0
2025-12-18,CR00048,AI Ethics,Artificial Intelligence,2.0,0.0,0.0,0.0
2025-12-18,CR00010,3D Modeling,Design,0.0,0.0,0.0,0.0
2025-12-18,CR00058,Social Media Strategy,Digital Marketing,0.0,0.0,0.0,0.0
2025-12-18,CR00038,Risk Management,Project Management,0.0,170.66295206662298,0.0,170.66295206662298
2025-12-18,CR00049,Deep Learning,Artificial Intelligence,0.0,199.69806923163898,0.0,199.69806923163898
2025-12-18,CR00011,Entrepreneurship 101,Business,0.0,134.31546940022096,0.0,134.31546940022096
2025-12-18,CR00026,Intro to Machine Learning,Machine Learning,0.0,0.0,0.0,0.0
2025-12-18,CR00027,Neural Networks,Machine Learning,0.0,0.9945820260978948,0.0,0.9945820260978948
2025-12-18,CR00055,Full-Stack Web Development,Web Development,1.0,20.7759101556981,57.32,20.7759101556981
2025-12-18,CR00040,Leadership in Projects,Project Management,1.0,116.51056831693134,327.99,116.51056831693134
2025-12-19,CR00038,Risk Management,Project Management,0.0,139.62076577370817,0.0,139.62076577370817
2025-12-19,CR00045,Financial Modeling,Finance,0.0,0.0,0.0,0.0
2025-12-19,CR00047,Natural Language Processing,Artificial Intelligence,1.0,28.276981799542547,89.59,28.276981799542547
2025-12-19,CR00044,Personal Finance,Finance,0.0,46.941026499642525,0.0,46.941026499642525
2025-12-19,CR00035,Cyber Threat Intelligence,Cybersecurity,0.0,0.0,0.0,0.0
2025-12-19,CR00010,3D Modeling,Design,1.0,0.0,0.0,0.0
2025-12-19,CR00013,Finance for Startups,Business,0.0,0.0,0.0,0.0
2025-12-19,CR00011,Entrepreneurship 101,Business,0.0,126.9685994003941,0.0,126.9685994003941
2025-12-19,CR00041,Financial Accounting,Finance,1.0,20.549811764799784,53.86,20.549811764799784
2025-12-19,CR00056,Google Ads Mastery,Digital Marketing,0.0,91.28629815162574,0.0,91.28629815162574
2025-12-19,CR00003,C++ for Beginners,Programming,0.0,0.0,0.0,0.0
2025-12-19,CR00008,Photoshop Mastery,Design,1.0,0.0,0.0,0.0
2025-12-19,CR00024,Big Data Analytics,Data Science,0.0,51.402762121104104,0.0,51.402762121104104
2025-12-19,CR00051,HTML & CSS,Web Development,1.0,12.625001368449837,37.89,12.625001368449837
2025-12-19,CR00033,Cybersecurity Fundamentals,Cybersecurity,0.0,0.0,0.0,0.0
2025-12-19,CR00020,Email Marketing,Marketing,0.0,0.0,0.0,0.0
2025-12-19,CR00031,Network Security,Cybersecurity,0.0,0.0,0.0,0.0
2025-12-19,CR00026,Intro to Machine Learning,Machine Learning,1.0,0.0,0.0,0.0
2025-12-19,CR00023,Machine Learning Fundamentals,Data Science,0.0,0.0,0.0,0.0
2025-12-19,CR00029,Natural Language Processing,Machine Learning,1.0,0.0,0.0,0.0
2025-12-19,CR00057,SEO for E-commerce,Digital Marketing,0.0,56.70300632493837,0.0,56.70300632493837
2025-12-19,CR00016,Digital Marketing,Marketing,0.0,0.0,0.0,0.0
2025-12-19,CR00019,Content Marketing,Marketing,1.0,0.0,0.0,0.0
2025-12-19,CR00054,Backend Development with Node.js,Web Development,1.0,0.0,0.0,0.0
2025-12-19,CR00052,JavaScript Mastery,Web Development,0.0,0.0,0.0,0.0
2025-12-19,CR00001,Python Basics,Programming,0.0,225.80559290541368,0.0,225.80559290541368
2025-12-19,CR00025,Statistical Analysis,Data Science,0.0,145.84009495331685,0.0,145.84009495331685
2025-12-19,CR00028,Deep Learning,Machine Learning,1.0,0.0,0.78,0.0
2025-12-19,CR00059,Affiliate Marketing,Digital Marketing,0.0,0.0,0.0,0.0
2025-12-19,CR00036,Agile Project Management,Project Management,0.0,4.149169478489711,0.0,4.149169478489711
2025-12-19,CR00014,Sales Mastery,Business,0.0,0.0,0.0,0.0
2025-12-19,CR00006,Graphic Design Basics,Design,1.0,128.35564764434992,276.37,128.35564764434992
2025-12-19,CR00055,Full-Stack Web Development,Web Development,1.0,22.84999134731698,57.32,22.84999134731698
2025-12-19,CR00017,SEO Mastery,Marketing,0.0,0.5938962302805848,0.0,0.5938962302805848
2025-12-19,CR00009,Web Design Fundamentals,Design,0.0,0.12502243409333857,0.0,0.12502243409333857
2025-12-19,CR00030,Reinforcement Learning,Machine Learning,1.0,0.0,0.0,0.0
2025-12-19,CR00037,Scrum Essentials,Project Management,0.0,0.0,0.0,0.0
2025-12-19,CR00042,Investment Strategies,Finance,0.0,0.0,0.0,0.0
2025-12-19,CR00027,Neural Networks,Machine Learning,1.0,0.0,0.0,0.0
2025-12-19,CR00049,Deep Learning,Artificial Intelligence,0.0,194.3840990232463,0.0,194.3840990232463
2025-12-19,CR00032,Ethical Hacking,Cybersecurity,1.0,0.0,0.0,0.0
2025-12-19,CR00012,Business Strategy,Business,2.0,236.00730574795585,975.84,236.00730574795585
2025-12-19,CR00022,Data Visualization,Data Science,1.0,2.7851637429299956,0.0,2.7851637429299956
2025-12-19,CR00015,Leadership Essentials,Business,0.0,129.59082027120405,0.0,129.59082027120405
2025-12-19,CR00034,Data Encryption,Cybersecurity,1.0,151.9415092279269,394.26,151.9415092279269
2025-12-19,CR00060,Content Creation,Digital Marketing,2.0,0.0,0.0,0.0
2025-12-19,CR00040,Leadership in Projects,Project Management,0.0,155.1319944538613,0.0,155.1319944538613
2025-12-19,CR00058,Social Media Strategy,Digital Marketing,0.0,0.0,0.0,0.0
2025-12-19,CR00039,Project Planning,Project Management,0.0,153.68253630630943,0.0,153.68253630630943
2025-12-19,CR00053,React for Beginners,Web Development,0.0,0.0,0.0,0.0
2025-12-19,CR00050,Computer Vision,Artificial Intelligence,0.0,200.81785065934633,0.0,200.81785065934633
2025-12-19,CR00004,Advanced Python,Programming,2.0,0.0,0.0,0.0
2025-12-19,CR00002,Java Programming,Programming,1.0,0.0,0.0,0.0
2025-12-19,CR00007,UI/UX Design,Design,2.0,0.0,0.0,0.0
2025-12-19,CR00046,AI for Beginners,Artificial Intelligence,1.0,94.70132740970377,248.1,94.70132740970377
2025-12-19,CR00048,AI Ethics,Artificial Intelligence,2.0,0.0,0.0,0.0
2025-12-19,CR00021,Data Analysis with Python,Data Science,0.0,0.0,0.0,0.0
2025-12-19,CR00043,Corporate Finance,Finance,1.0,0.0,0.0,0.0
2025-12-19,CR00018,Social Media Marketing,Marketing,1.0,0.0,0.0,0.0
2025-12-19,CR00005,Full Stack Development,Programming,0.0,0.0,0.0,0.0
2025-12-20,CR00026,Intro to Machine Learning,Machine Learning,1.0,0.0,0.0,0.0
2025-12-20,CR00030,Reinforcement Learning,Machine Learning,2.0,0.0,0.0,0.0
2025-12-20,CR00034,Data Encryption,Cybersecurity,0.0,148.1035832137059,0.0,148.1035832137059
2025-12-20,CR00051,HTML & CSS,Web Development,1.0,12.296437986793471,37.89,12.296437986793471
2025-12-20,CR00042,Investment Strategies,Finance,1.0,0.0,0.0,0.0
2025-12-20,CR00040,Leadership in Projects,Project Management,1.0,132.64672855874727,327.99,132.64672855874727
2025-12-20,CR00006,Graphic Design Basics,Design,0.0,120.9295567757871,0.0,120.9295567757871
2025-12-20,CR00014,Sales Mastery,Business,1.0,0.0,0.0,0.0
2025-12-20,CR00054,Backend Development with Node.js,Web Development,2.0,0.0,0.0,0.0
2025-12-20,CR00029,Natural Language Processing,Machine Learning,0.0,0.0,0.0,0.0
2025-12-20,CR00058,Social Media Strategy,Digital Marketing,0.0,0.0,0.0,0.0
2025-12-20,CR00024,Big Data Analytics,Data Science,1.0,44.838618641132356,117.68,44.838618641132356
2025-12-20,CR00003,C++ for Beginners,Programming,1.0,0.0,0.0,0.0
2025-12-20,CR00015,Leadership Essentials,Business,0.0,152.6545344649398,0.0,152.6545344649398
2025-12-20,CR00045,Financial Modeling,Finance,0.0,0.0,0.0,0.0
2025-12-20,CR00007,UI/UX Design,Design,0.0,0.0,0.0,0.0
2025-12-20,CR00035,Cyber Threat Intelligence,Cybersecurity,2.0,0.0,0.0,0.0
2025-12-20,CR00043,Corporate Finance,Finance,1.0,79.82112483669596,0.0,79.82112483669596
2025-12-20,CR00046,AI for Beginners,Artificial Intelligence,0.0,92.67991995826073,0.0,92.67991995826073
2025-12-20,CR00004,Advanced Python,Programming,0.0,0.0,0.0,0.0
2025-12-20,CR00055,Full-Stack Web Development,Web Development,1.0,20.366782408359043,57.32,20.366782408359043
2025-12-20,CR00025,Statistical Analysis,Data Science,1.0,142.20780993743074,299.57,142.20780993743074
2025-12-20,CR00016,Digital Marketing,Marketing,0.0,0.0,0.0,0.0
2025-12-20,CR00019,Content Marketing,Marketing,0.0,0.0,0.0,0.0
2025-12-20,CR00056,Google Ads Mastery,Digital Marketing,0.0,87.1399992690983,0.0,87.1399992690983
2025-12-20,CR00009,Web Design Fundamentals,Design,1.0,0.06107013497185676,0.0,0.06107013497185676
2025-12-20,CR00013,Finance for Startups,Business,0.0,0.0,0.0,0.0
2025-12-20,CR00011,Entrepreneurship 101,Business,1.0,111.67709468729993,326.02,111.67709468729993
2025-12-20,CR00044,Personal Finance,Finance,0.0,50.534098392211405,0.0,50.534098392211405
2025-12-20,CR00036,Agile Project Management,Project Management,1.0,4.157436535112801,0.0,4.157436535112801
2025-12-20,CR00027,Neural Networks,Machine Learning,0.0,0.0,0.0,0.0
2025-12-20,CR00033,Cybersecurity Fundamentals,Cybersecurity,1.0,0.0,0.0,0.0
2025-12-20,CR00039,Project Planning,Project Management,1.0,155.5525168610265,346.71,155.5525168610265
2025-12-20,CR00002,Java Programming,Programming,1.0,0.0,0.0,0.0
2025-12-20,CR00050,Computer Vision,Artificial Intelligence,0.0,186.50300965820531,0.0,186.50300965820531
2025-12-20,CR00017,SEO Mastery,Marketing,1.0,0.0,0.0,0.0
2025-12-20,CR00021,Data Analysis with Python,Data Science,1.0,0.0,0.0,0.0
2025-12-20,CR00005,Full Stack Development,Programming,0.0,0.0,0.0,0.0
2025-12-20,CR00049,Deep Learning,Artificial Intelligence,1.0,197.636575492864,415.51,197.636575492864
2025-12-20,CR00037,Scrum Essentials,Project Management,2.0,0.0,0.0,0.0
2025-12-20,CR00032,Ethical Hacking,Cybersecurity,0.0,0.0,0.0,0.0
2025-12-20,CR00012,Business Strategy,Business,0.0,202.73530036218747,0.0,202.73530036218747
2025-12-20,CR00047,Natural Language Processing,Artificial Intelligence,1.0,23.661809777776945,89.59,23.661809777776945
2025-12-20,CR00048,AI Ethics,Artificial Intelligence,0.0,0.0,0.0,0.0
2025-12-20,CR00018,Social Media Marketing,Marketing,0.0,0.0,0.0,0.0
2025-12-20,CR00031,Network Security,Cybersecurity,1.0,0.0,0.0,0.0
2025-12-20,CR00020,Email Marketing,Marketing,0.0,0.0,0.0,0.0
2025-12-20,CR00038,Risk Management,Project Management,1.0,146.5188746891122,342.61,146.5188746891122
2025-12-20,CR00052,JavaScript Mastery,Web Development,0.0,0.0,0.0,0.0
2025-12-20,CR00008,Photoshop Mastery,Design,1.0,0.0,0.0,0.0
2025-12-20,CR00023,Machine Learning Fundamentals,Data Science,0.0,0.0,0.0,0.0
2025-12-20,CR00057,SEO for E-commerce,Digital Marketing,2.0,56.761413520624416,354.68,56.761413520624416
2025-12-20,CR00041,Financial Accounting,Finance,0.0,21.932028554725164,0.0,21.932028554725164
2025-12-20,CR00028,Deep Learning,Machine Learning,1.0,0.0,0.78,0.0
2025-12-20,CR00001,Python Basics,Programming,0.0,232.51310271193165,0.0,232.51310271193165
2025-12-20,CR00059,Affiliate Marketing,Digital Marketing,0.0,0.0,0.0,0.0
2025-12-20,CR00010,3D Modeling,Design,0.0,0.0,0.0,0.0
2025-12-20,CR00060,Content Creation,Digital Marketing,0.0,0.0,0.0,0.0
2025-12-20,CR00022,Data Visualization,Data Science,0.0,4.889669837867999,0.0,4.889669837867999
2025-12-20,CR00053,React for Beginners,Web Development,1.0,0.0,0.0,0.0
2025-12-21,CR00030,Reinforcement Learning,Machine Learning,1.0,0.0,0.0,0.0
2025-12-21,CR00053,React for Beginners,Web Development,0.0,0.0,0.0,0.0
2025-12-21,CR00040,Leadership in Projects,Project Management,1.0,134.3598447307782,327.99,134.3598447307782
2025-12-21,CR00017,SEO Mastery,Marketing,0.0,0.0,0.0,0.0
2025-12-21,CR00018,Social Media Marketing,Marketing,0.0,0.0,0.0,0.0
2025-12-21,CR00049,Deep Learning,Artificial Intelligence,0.0,215.14860169761158,0.0,215.14860169761158
2025-12-21,CR00034,Data Encryption,Cybersecurity,0.0,134.6984485598301,0.0,134.6984485598301
2025-12-21,CR00033,Cybersecurity Fundamentals,Cybersecurity,0.0,0.0,0.0,0.0
2025-12-21,CR00032,Ethical Hacking,Cybersecurity,0.0,0.0,0.0,0.0
2025-12-21,CR00039,Project Planning,Project Management,1.0,160.4618786224774,346.71,160.4618786224774
2025-12-21,CR00005,Full Stack Development,Programming,1.0,0.0,0.0,0.0
2025-12-21,CR00050,Computer Vision,Artificial Intelligence,0.0,225.68238988156617,0.0,225.68238988156617
2025-12-21,CR00006,Graphic Design Basics,Design,0.0,134.67854430943027,0.0,134.67854430943027
2025-12-21,CR00044,Personal Finance,Finance,0.0,46.89807145567234,0.0,46.89807145567234
2025-12-21,CR00056,Google Ads Mastery,Digital Marketing,0.0,81.40858310120575,0.0,81.40858310120575
2025-12-21,CR00045,Financial Modeling,Finance,0.0,0.0,0.0,0.0
2025-12-21,CR00026,Intro to Machine Learning,Machine Learning,0.0,0.0,0.0,0.0
2025-12-21,CR00059,Affiliate Marketing,Digital Marketing,0.0,0.0,0.0,0.0
2025-12-21,CR00016,Digital Marketing,Marketing,0.0,0.0,0.0,0.0
2025-12-21,CR00010,3D Modeling,Design,0.0,0.0,0.0,0.0
2025-12-21,CR00031,Network Security,Cybersecurity,1.0,0.0,0.0,0.0
2025-12-21,CR00043,Corporate Finance,Finance,1.0,78.19304707003235,0.0,78.19304707003235
2025-12-21,CR00015,Leadership Essentials,Business,0.0,126.12556419859317,0.0,126.12556419859317
2025-12-21,CR00004,Advanced Python,Programming,0.0,0.0,0.0,0.0
2025-12-21,CR00058,Social Media Strategy,Digital Marketing,0.0,0.0,0.0,0.0
2025-12-21,CR00023,Machine Learning Fundamentals,Data Science,0.0,0.0,0.0,0.0
2025-12-21,CR00046,AI for Beginners,Artificial Intelligence,0.0,98.46709353706976,0.0,98.46709353706976
2025-12-21,CR00036,Agile Project Management,Project Management,1.0,0.8845701129042851,0.0,0.8845701129042851
2025-12-21,CR00011,Entrepreneurship 101,Business,1.0,108.09066041262285,326.02,108.09066041262285
2025-12-21,CR00060,Content Creation,Digital Marketing,1.0,0.0,0.0,0.0
2025-12-21,CR00013,Finance for Startups,Business,0.0,0.0,0.0,0.0
2025-12-21,CR00035,Cyber Threat Intelligence,Cybersecurity,0.0,0.0,0.0,0.0
2025-12-21,CR00047,Natural Language Processing,Artificial Intelligence,0.0,23.691766819430406,0.0,23.691766819430406
2025-12-21,CR00003,C++ for Beginners,Programming,1.0,0.0,0.0,0.0
2025-12-21,CR00054,Backend Development with Node.js,Web Development,0.0,0.0,0.0,0.0
2025-12-21,CR00021,Data Analysis with Python,Data Science,2.0,0.0,0.0,0.0
2025-12-21,CR00029,Natural Language Processing,Machine Learning,0.0,0.0,0.0,0.0
2025-12-21,CR00051,HTML & CSS,Web Development,0.0,10.265567685151652,0.0,10.265567685151652
2025-12-21,CR00001,Python Basics,Programming,0.0,221.8918063681313,0.0,221.8918063681313
2025-12-21,CR00041,Financial Accounting,Finance,0.0,21.629067391294008,0.0,21.629067391294008
2025-12-21,CR00057,SEO for E-commerce,Digital Marketing,0.0,73.18674973050791,0.0,73.18674973050791
2025-12-21,CR00020,Email Marketing,Marketing,1.0,0.0,0.0,0.0
2025-12-21,CR00008,Photoshop Mastery,Design,0.0,0.0,0.0,0.0
2025-12-21,CR00052,JavaScript Mastery,Web Development,2.0,0.0,0.0,0.0
2025-12-21,CR00028,Deep Learning,Machine Learning,0.0,0.0,0.0,0.0
2025-12-21,CR00024,Big Data Analytics,Data Science,1.0,44.009793293531665,117.68,44.009793293531665
2025-12-21,CR00038,Risk Management,Project Management,0.0,159.10384062417612,0.0,159.10384062417612
2025-12-21,CR00007,UI/UX Design,Design,1.0,0.0,0.0,0.0
2025-12-21,CR00002,Java Programming,Programming,0.0,0.0,0.0,0.0
2025-12-21,CR00048,AI Ethics,Artificial Intelligence,1.0,0.0,0.0,0.0
2025-12-21,CR00042,Investment Strategies,Finance,2.0,0.0,0.0,0.0
2025-12-21,CR00012,Business Strategy,Business,1.0,200.93333687621083,487.92,200.93333687621083
2025-12-21,CR00009,Web Design Fundamentals,Design,0.0,0.0,0.0,0.0
2025-12-21,CR00014,Sales Mastery,Business,0.0,0.0,0.0,0.0
2025-12-21,CR00019,Content Marketing,Marketing,1.0,0.0,0.0,0.0
2025-12-21,CR00022,Data Visualization,Data Science,0.0,3.6787410513955052,0.0,3.6787410513955052
2025-12-21,CR00025,Statistical Analysis,Data Science,0.0,131.821829311009,0.0,131.821829311009
2025-12-21,CR00027,Neural Networks,Machine Learning,1.0,0.0,0.0,0.0
2025-12-21,CR00055,Full-Stack Web Development,Web Development,0.0,19.45816456389379,0.0,19.45816456389379
2025-12-21,CR00037,Scrum Essentials,Project Management,0.0,0.0,0.0,0.0
2025-12-22,CR00038,Risk Management,Project Management,0.0,146.2527816661157,0.0,146.2527816661157
2025-12-22,CR00001,Python Basics,Programming,1.0,214.69522114004837,472.28,214.69522114004837
2025-12-22,CR00009,Web Design Fundamentals,Design,0.0,0.0,0.0,0.0
2025-12-22,CR00021,Data Analysis with Python,Data Science,0.0,0.0,0.0,0.0
2025-12-22,CR00008,Photoshop Mastery,Design,0.0,0.0,0.0,0.0
2025-12-22,CR00016,Digital Marketing,Marketing,0.0,0.0,0.0,0.0
2025-12-22,CR00049,Deep Learning,Artificial Intelligence,1.0,188.74401363629931,415.51,188.74401363629931
2025-12-22,CR00044,Personal Finance,Finance,1.0,48.4004000280092,119.04,48.4004000280092
2025-12-22,CR00052,JavaScript Mastery,Web Development,0.0,0.0,0.0,0.0
2025-12-22,CR00058,Social Media Strategy,Digital Marketing,0.0,0.0,0.0,0.0
2025-12-22,CR00022,Data Visualization,Data Science,1.0,2.6310022869291743,0.0,2.6310022869291743
2025-12-22,CR00053,React for Beginners,Web Development,0.0,0.0,0.0,0.0
2025-12-22,CR00039,Project Planning,Project Management,2.0,146.68250017002958,693.42,146.68250017002958
2025-12-22,CR00027,Neural Networks,Machine Learning,0.0,0.0,0.0,0.0
2025-12-22,CR00032,Ethical Hacking,Cybersecurity,0.0,0.0,0.0,0.0
2025-12-22,CR00037,Scrum Essentials,Project Management,0.0,0.0,0.0,0.0
2025-12-22,CR00047,Natural Language Processing,Artificial Intelligence,0.0,26.153599225797247,0.0,26.153599225797247
2025-12-22,CR00056,Google Ads Mastery,Digital Marketing,0.0,90.72821455875541,0.0,90.72821455875541
2025-12-22,CR00013,Finance for Startups,Business,1.0,0.0,0.0,0.0
2025-12-22,CR00036,Agile Project Management,Project Management,1.0,0.0,0.0,0.0
2025-12-22,CR00002,Java Programming,Programming,1.0,0.0,0.0,0.0
2025-12-22,CR00010,3D Modeling,Design,1.0,0.0,0.0,0.0
2025-12-22,CR00011,Entrepreneurship 101,Business,0.0,120.46653519043728,0.0,120.46653519043728
2025-12-22,CR00050,Computer Vision,Artificial Intelligence,0.0,223.18122211271412,0.0,223.18122211271412
2025-12-22,CR00048,AI Ethics,Artificial Intelligence,0.0,0.0,0.0,0.0
2025-12-22,CR00005,Full Stack Development,Programming,0.0,0.0,0.0,0.0
2025-12-22,CR00012,Business Strategy,Business,0.0,187.84707589905213,0.0,187.84707589905213
2025-12-22,CR00017,SEO Mastery,Marketing,0.0,0.0,0.0,0.0
2025-12-22,CR00059,Affiliate Marketing,Digital Marketing,0.0,0.0,0.0,0.0
2025-12-22,CR00042,Investment Strategies,Finance,1.0,0.0,0.0,0.0
2025-12-22,CR00046,AI for Beginners,Artificial Intelligence,1.0,78.65185008378408,248.1,78.65185008378408
2025-12-22,CR00004,Advanced Python,Programming,0.0,0.0,0.0,0.0
2025-12-22,CR00060,Content Creation,Digital Marketing,1.0,0.0,0.0,0.0
2025-12-22,CR00007,UI/UX Design,Design,0.0,0.0,0.0,0.0
2025-12-22,CR00026,Intro to Machine Learning,Machine Learning,0.0,0.0,0.0,0.0
2025-12-22,CR00030,Reinforcement Learning,Machine Learning,0.0,0.0,0.0,0.0
2025-12-22,CR00015,Leadership Essentials,Business,2.0,121.33421914553831,570.1,121.33421914553831
2025-12-22,CR00055,Full-Stack Web Development,Web Development,0.0,20.990107641853815,0.0,20.990107641853815
2025-12-22,CR00014,Sales Mastery,Business,0.0,0.0,0.0,0.0
2025-12-22,CR00029,Natural Language Processing,Machine Learning,1.0,0.0,0.0,0.0
2025-12-22,CR00023,Machine Learning Fundamentals,Data Science,0.0,0.0,0.0,0.0
2025-12-22,CR00034,Data Encryption,Cybersecurity,0.0,128.7092316932231,0.0,128.7092316932231
2025-12-22,CR00025,Statistical Analysis,Data Science,0.0,127.57076342263701,0.0,127.57076342263701
2025-12-22,CR00019,Content Marketing,Marketing,1.0,0.0,0.0,0.0
2025-12-22,CR00024,Big Data Analytics,Data Science,0.0,44.03737311950273,0.0,44.03737311950273
2025-12-22,CR00040,Leadership in Projects,Project Management,0.0,149.02692930198322,0.0,149.02692930198322
2025-12-22,CR00006,Graphic Design Basics,Design,1.0,119.00847957610648,276.37,119.00847957610648
2025-12-22,CR00054,Backend Development with Node.js,Web Development,0.0,0.0,0.0,0.0
2025-12-22,CR00031,Network Security,Cybersecurity,1.0,0.0,0.0,0.0
2025-12-22,CR00045,Financial Modeling,Finance,0.0,0.0,0.0,0.0
2025-12-22,CR00018,Social Media Marketing,Marketing,0.0,0.0,0.0,0.0
2025-12-22,CR00033,Cybersecurity Fundamentals,Cybersecurity,0.0,0.0,0.0,0.0
2025-12-22,CR00041,Financial Accounting,Finance,1.0,19.501013589561207,53.86,19.501013589561207
2025-12-22,CR00003,C++ for Beginners,Programming,0.0,0.0,0.0,0.0
2025-12-22,CR00057,SEO for E-commerce,Digital Marketing,0.0,69.84198380334455,0.0,69.84198380334455
2025-12-22,CR00035,Cyber Threat Intelligence,Cybersecurity,0.0,0.0,0.0,0.0
2025-12-22,CR00020,Email Marketing,Marketing,0.0,0.0,0.0,0.0
2025-12-22,CR00051,HTML & CSS,Web Development,0.0,9.465109321559808,0.0,9.465109321559808
2025-12-22,CR00043,Corporate Finance,Finance,1.0,76.42989265208377,0.0,76.42989265208377
2025-12-22,CR00028,Deep Learning,Machine Learning,0.0,0.0,0.0,0.0
2025-12-23,CR00019,Content Marketing,Marketing,0.0,0.0,0.0,0.0
2025-12-23,CR00026,Intro to Machine Learning,Machine Learning,0.0,0.0,0.0,0.0
2025-12-23,CR00024,Big Data Analytics,Data Science,1.0,59.11499420886962,117.68,59.11499420886962
2025-12-23,CR00049,Deep Learning,Artificial Intelligence,1.0,198.7678998105627,415.51,198.7678998105627
2025-12-23,CR00029,Natural Language Processing,Machine Learning,0.0,0.0,0.0,0.0
2025-12-23,CR00027,Neural Networks,Machine Learning,0.0,0.0,0.0,0.0
2025-12-23,CR00028,Deep Learning,Machine Learning,1.0,0.2543045195050837,0.78,0.2543045195050837
2025-12-23,CR00022,Data Visualization,Data Science,0.0,4.352589810297658,0.0,4.352589810297658
2025-12-23,CR00020,Email Marketing,Marketing,1.0,0.0,0.0,0.0
2025-12-23,CR00023,Machine Learning Fundamentals,Data Science,2.0,0.0,0.0,0.0
2025-12-23,CR00053,React for Beginners,Web Development,1.0,0.0,0.0,0.0
2025-12-23,CR00030,Reinforcement Learning,Machine Learning,0.0,0.0,0.0,0.0
2025-12-23,CR00054,Backend Development with Node.js,Web Development,0.0,0.0,0.0,0.0
2025-12-23,CR00003,C++ for Beginners,Programming,0.0,0.0,0.0,0.0
2025-12-23,CR00002,Java Programming,Programming,1.0,0.0,0.0,0.0
2025-12-23,CR00045,Financial Modeling,Finance,0.0,0.0,0.0,0.0
2025-12-23,CR00004,Advanced Python,Programming,0.0,0.0,0.0,0.0
2025-12-23,CR00047,Natural Language Processing,Artificial Intelligence,0.0,28.452246190870348,0.0,28.452246190870348
2025-12-23,CR00056,Google Ads Mastery,Digital Marketing,0.0,93.44528092093495,0.0,93.44528092093495
2025-12-23,CR00046,AI for Beginners,Artificial Intelligence,0.0,93.41594844835527,0.0,93.41594844835527
2025-12-23,CR00059,Affiliate Marketing,Digital Marketing,0.0,0.0,0.0,0.0
2025-12-23,CR00050,Computer Vision,Artificial Intelligence,0.0,193.40158676525726,0.0,193.40158676525726
2025-12-23,CR00048,AI Ethics,Artificial Intelligence,1.0,0.0,0.0,0.0
2025-12-23,CR00055,Full-Stack Web Development,Web Development,1.0,22.29277602771471,57.32,22.29277602771471
2025-12-23,CR00021,Data Analysis with Python,Data Science,0.0,0.0,0.0,0.0
2025-12-23,CR00018,Social Media Marketing,Marketing,0.0,0.0,0.0,0.0
2025-12-23,CR00001,Python Basics,Programming,0.0,226.6575491854012,0.0,226.6575491854012
2025-12-23,CR00031,Network Security,Cybersecurity,0.0,0.0,0.0,0.0
2025-12-23,CR00039,Project Planning,Project Management,0.0,138.32520289848082,0.0,138.32520289848082
2025-12-23,CR00041,Financial Accounting,Finance,1.0,20.560824722972562,53.86,20.560824722972562
2025-12-23,CR00010,3D Modeling,Design,0.0,0.0,0.0,0.0
2025-12-23,CR00016,Digital Marketing,Marketing,0.0,0.0,0.0,0.0
2025-12-23,CR00043,Corporate Finance,Finance,0.0,79.51141810379744,0.0,79.51141810379744
2025-12-23,CR00033,Cybersecurity Fundamentals,Cybersecurity,1.0,0.0,0.0,0.0
2025-12-23,CR00006,Graphic Design Basics,Design,0.0,121.16939926467369,0.0,121.16939926467369
2025-12-23,CR00015,Leadership Essentials,Business,1.0,98.62416954047984,285.05,98.62416954047984
2025-12-23,CR00034,Data Encryption,Cybersecurity,0.0,127.48786880218375,0.0,127.48786880218375
2025-12-23,CR00042,Investment Strategies,Finance,0.0,0.0,0.0,0.0
2025-12-23,CR00025,Statistical Analysis,Data Science,0.0,123.68460657496581,0.0,123.68460657496581
2025-12-23,CR00014,Sales Mastery,Business,1.0,0.06670275228695743,0.0,0.06670275228695743
2025-12-23,CR00040,Leadership in Projects,Project Management,0.0,122.83409561287117,0.0,122.83409561287117
2025-12-23,CR00035,Cyber Threat Intelligence,Cybersecurity,0.0,0.0,0.0,0.0
2025-12-23,CR00057,SEO for E-commerce,Digital Marketing,0.0,61.342057320143965,0.0,61.342057320143965
2025-12-23,CR00052,JavaScript Mastery,Web Development,1.0,0.0,0.0,0.0
2025-12-23,CR00008,Photoshop Mastery,Design,0.0,0.0,0.0,0.0
2025-12-23,CR00013,Finance for Startups,Business,1.0,0.0,0.0,0.0
2025-12-23,CR00036,Agile Project Management,Project Management,0.0,2.741295620209641,0.0,2.741295620209641
2025-12-23,CR00012,Business Strategy,Business,2.0,196.8856500120088,975.84,196.8856500120088
2025-12-23,CR00037,Scrum Essentials,Project Management,0.0,0.0,0.0,0.0
2025-12-23,CR00009,Web Design Fundamentals,Design,1.0,0.0,0.0,0.0
2025-12-23,CR00058,Social Media Strategy,Digital Marketing,0.0,0.0,0.0,0.0
2025-12-23,CR00011,Entrepreneurship 101,Business,0.0,133.12595653785905,0.0,133.12595653785905
2025-12-23,CR00038,Risk Management,Project Management,1.0,114.03642914076542,342.61,114.03642914076542
2025-12-23,CR00032,Ethical Hacking,Cybersecurity,1.0,0.0,0.0,0.0
2025-12-23,CR00060,Content Creation,Digital Marketing,1.0,0.0,0.0,0.0
2025-12-23,CR00007,UI/UX Design,Design,0.0,0.0,0.0,0.0
2025-12-23,CR00051,HTML & CSS,Web Development,1.0,13.183508839846859,37.89,13.183508839846859
2025-12-23,CR00017,SEO Mastery,Marketing,0.0,1.012844154424556,0.0,1.012844154424556
2025-12-23,CR00005,Full Stack Development,Programming,1.0,0.0,0.0,0.0
2025-12-23,CR00044,Personal Finance,Finance,2.0,49.150183190232596,238.08,49.150183190232596
2025-12-24,CR00041,Financial Accounting,Finance,0.0,24.308022933312216,0.0,24.308022933312216
2025-12-24,CR00035,Cyber Threat Intelligence,Cybersecurity,1.0,0.33376707257799865,0.0,0.33376707257799865
2025-12-24,CR00039,Project Planning,Project Management,1.0,168.83152670479444,346.71,168.83152670479444
2025-12-24,CR00040,Leadership in Projects,Project Management,0.0,141.2532849010976,0.0,141.2532849010976
2025-12-24,CR00003,C++ for Beginners,Programming,0.0,0.0,0.0,0.0
2025-12-24,CR00046,AI for Beginners,Artificial Intelligence,1.0,88.41942011716588,248.1,88.41942011716588
2025-12-24,CR00007,UI/UX Design,Design,0.0,0.0,0.0,0.0
2025-12-24,CR00014,Sales Mastery,Business,1.0,0.47203414753650463,0.0,0.47203414753650463
2025-12-24,CR00029,Natural Language Processing,Machine Learning,0.0,0.0,0.0,0.0
2025-12-24,CR00019,Content Marketing,Marketing,0.0,0.0,0.0,0.0
2025-12-24,CR00045,Financial Modeling,Finance,0.0,0.0173514202665217,0.0,0.0173514202665217
2025-12-24,CR00049,Deep Learning,Artificial Intelligence,1.0,204.82618032865912,415.51,204.82618032865912
2025-12-24,CR00042,Investment Strategies,Finance,1.0,0.0,0.0,0.0
2025-12-24,CR00023,Machine Learning Fundamentals,Data Science,2.0,2.802392826694387,0.0,2.802392826694387
2025-12-24,CR00034,Data Encryption,Cybersecurity,1.0,158.45081230253666,394.26,158.45081230253666
2025-12-24,CR00025,Statistical Analysis,Data Science,0.0,121.63790160327139,0.0,121.63790160327139
2025-12-24,CR00015,Leadership Essentials,Business,2.0,118.49497750242199,570.1,118.49497750242199
2025-12-24,CR00030,Reinforcement Learning,Machine Learning,1.0,0.0,0.0,0.0
2025-12-24,CR00026,Intro to Machine Learning,Machine Learning,0.0,0.0,0.0,0.0
2025-12-24,CR00006,Graphic Design Basics,Design,1.0,136.51359323897108,276.37,136.51359323897108
2025-12-24,CR00057,SEO for E-commerce,Digital Marketing,0.0,62.98604456002164,0.0,62.98604456002164
2025-12-24,CR00020,Email Marketing,Marketing,0.0,0.0,0.0,0.0
2025-12-24,CR00024,Big Data Analytics,Data Science,0.0,55.33092215708366,0.0,55.33092215708366
2025-12-24,CR00055,Full-Stack Web Development,Web Development,1.0,24.767754876116527,57.32,24.767754876116527
2025-12-24,CR00038,Risk Management,Project Management,0.0,122.38248770003601,0.0,122.38248770003601
2025-12-24,CR00001,Python Basics,Programming,1.0,203.67921574727188,472.28,203.67921574727188
2025-12-24,CR00051,HTML & CSS,Web Development,0.0,14.30605508240643,0.0,14.30605508240643
2025-12-24,CR00048,AI Ethics,Artificial Intelligence,0.0,0.0,0.0,0.0
2025-12-24,CR00011,Entrepreneurship 101,Business,1.0,114.73921227671042,326.02,114.73921227671042
2025-12-24,CR00044,Personal Finance,Finance,0.0,50.7420776650368,0.0,50.7420776650368
2025-12-24,CR00022,Data Visualization,Data Science,2.0,5.429949785389766,0.0,5.429949785389766
2025-12-24,CR00058,Social Media Strategy,Digital Marketing,0.0,0.0,0.0,0.0
2025-12-24,CR00009,Web Design Fundamentals,Design,1.0,0.9971501732457568,0.0,0.9971501732457568
2025-12-24,CR00037,Scrum Essentials,Project Management,0.0,0.0,0.0,0.0
2025-12-24,CR00004,Advanced Python,Programming,0.0,0.0,0.0,0.0
2025-12-24,CR00054,Backend Development with Node.js,Web Development,0.0,0.7591871928040348,0.0,0.7591871928040348
2025-12-24,CR00021,Data Analysis with Python,Data Science,0.0,0.0,0.0,0.0
2025-12-24,CR00012,Business Strategy,Business,0.0,202.21556203050264,0.0,202.21556203050264
2025-12-24,CR00036,Agile Project Management,Project Management,1.0,3.9865441138913127,0.0,3.9865441138913127
2025-12-24,CR00002,Java Programming,Programming,1.0,0.0,0.0,0.0
2025-12-24,CR00047,Natural Language Processing,Artificial Intelligence,0.0,27.577726899378998,0.0,27.577726899378998
2025-12-24,CR00013,Finance for Startups,Business,2.0,0.31571127457694814,0.0,0.31571127457694814
2025-12-24,CR00008,Photoshop Mastery,Design,2.0,0.0,0.0,0.0
2025-12-24,CR00017,SEO Mastery,Marketing,0.0,0.17951970504596915,0.0,0.17951970504596915
2025-12-24,CR00052,JavaScript Mastery,Web Development,0.0,0.7790515083285783,0.0,0.7790515083285783
2025-12-24,CR00028,Deep Learning,Machine Learning,0.0,0.0,0.0,0.0
2025-12-24,CR00027,Neural Networks,Machine Learning,1.0,1.0328965467683275,0.0,1.0328965467683275
2025-12-24,CR00060,Content Creation,Digital Marketing,0.0,0.0,0.0,0.0
2025-12-24,CR00056,Google Ads Mastery,Digital Marketing,0.0,103.03802849029962,0.0,103.03802849029962
2025-12-24,CR00005,Full Stack Development,Programming,0.0,0.0,0.0,0.0
2025-12-24,CR00016,Digital Marketing,Marketing,0.0,0.0,0.0,0.0
2025-12-24,CR00053,React for Beginners,Web Development,0.0,0.0,0.0,0.0
2025-12-24,CR00059,Affiliate Marketing,Digital Marketing,2.0,0.0,0.0,0.0
2025-12-24,CR00018,Social Media Marketing,Marketing,0.0,0.0,0.0,0.0
2025-12-24,CR00031,Network Security,Cybersecurity,0.0,0.0,0.0,0.0
2025-12-24,CR00033,Cybersecurity Fundamentals,Cybersecurity,0.0,0.0,0.0,0.0
2025-12-24,CR00010,3D Modeling,Design,0.0,0.0,0.0,0.0
2025-12-24,CR00032,Ethical Hacking,Cybersecurity,0.0,0.0,0.0,0.0
2025-12-24,CR00043,Corporate Finance,Finance,0.0,78.29599021554706,0.0,78.29599021554706
2025-12-24,CR00050,Computer Vision,Artificial Intelligence,0.0,204.7534739109147,0.0,204.7534739109147
2025-12-25,CR00055,Full-Stack Web Development,Web Development,0.0,22.840841268907987,0.0,22.840841268907987
2025-12-25,CR00020,Email Marketing,Marketing,1.0,0.0,0.0,0.0
2025-12-25,CR00046,AI for Beginners,Artificial Intelligence,0.0,97.94610331143097,0.0,97.94610331143097
2025-12-25,CR00052,JavaScript Mastery,Web Development,0.0,0.23455492233502184,0.0,0.23455492233502184
2025-12-25,CR00028,Deep Learning,Machine Learning,1.0,1.3283590041938353,0.78,1.3283590041938353
2025-12-25,CR00059,Affiliate Marketing,Digital Marketing,1.0,0.0,0.0,0.0
2025-12-25,CR00025,Statistical Analysis,Data Science,0.0,129.88473294017308,0.0,129.88473294017308
2025-12-25,CR00010,3D Modeling,Design,1.0,0.0,0.0,0.0
2025-12-25,CR00040,Leadership in Projects,Project Management,0.0,117.11353239998125,0.0,117.11353239998125
2025-12-25,CR00035,Cyber Threat Intelligence,Cybersecurity,1.0,0.0,0.0,0.0
2025-12-25,CR00031,Network Security,Cybersecurity,0.0,0.0,0.0,0.0
2025-12-25,CR00003,C++ for Beginners,Programming,1.0,0.0,0.0,0.0
2025-12-25,CR00060,Content Creation,Digital Marketing,0.0,0.0,0.0,0.0
2025-12-25,CR00043,Corporate Finance,Finance,0.0,0.0,0.0,0.0
2025-12-25,CR00007,UI/UX Design,Design,2.0,0.0,0.0,0.0
2025-12-25,CR00014,Sales Mastery,Business,1.0,1.0878874057780337,0.0,1.0878874057780337
2025-12-25,CR00057,SEO for E-commerce,Digital Marketing,2.0,62.83554899037722,354.68,62.83554899037722
2025-12-25,CR00041,Financial Accounting,Finance,0.0,24.051368219357293,0.0,24.051368219357293
2025-12-25,CR00017,SEO Mastery,Marketing,1.0,2.7285009715954445,0.0,2.7285009715954445
2025-12-25,CR00008,Photoshop Mastery,Design,0.0,0.0,0.0,0.0
2025-12-25,CR00038,Risk Management,Project Management,1.0,169.2923976350147,342.61,169.2923976350147
2025-12-25,CR00044,Personal Finance,Finance,0.0,47.961999011442984,0.0,47.961999011442984
2025-12-25,CR00001,Python Basics,Programming,1.0,203.1159282752863,472.28,203.1159282752863
2025-12-25,CR00048,AI Ethics,Artificial Intelligence,0.0,0.0,0.0,0.0
2025-12-25,CR00032,Ethical Hacking,Cybersecurity,1.0,0.0,0.0,0.0
2025-12-25,CR00011,Entrepreneurship 101,Business,0.0,106.91376075267588,0.0,106.91376075267588
2025-12-25,CR00051,HTML & CSS,Web Development,0.0,13.610263511155221,0.0,13.610263511155221
2025-12-25,CR00022,Data Visualization,Data Science,0.0,5.804987253793044,0.0,5.804987253793044
2025-12-25,CR00039,Project Planning,Project Management,0.0,143.14685737116562,0.0,143.14685737116562
2025-12-25,CR00058,Social Media Strategy,Digital Marketing,0.0,0.0,0.0,0.0
2025-12-25,CR00037,Scrum Essentials,Project Management,0.0,0.0,0.0,0.0
2025-12-25,CR00054,Backend Development with Node.js,Web Development,2.0,0.0,0.0,0.0
2025-12-25,CR00053,React for Beginners,Web Development,0.0,0.0,0.0,0.0
2025-12-25,CR00027,Neural Networks,Machine Learning,0.0,0.0,0.0,0.0
2025-12-25,CR00021,Data Analysis with Python,Data Science,1.0,0.7943144289332338,0.0,0.7943144289332338
2025-12-25,CR00012,Business Strategy,Business,0.0,225.43694008979483,0.0,225.43694008979483
2025-12-25,CR00036,Agile Project Management,Project Management,0.0,4.177184370946769,0.0,4.177184370946769
2025-12-25,CR00005,Full Stack Development,Programming,0.0,0.0,0.0,0.0
2025-12-25,CR00002,Java Programming,Programming,0.0,0.0,0.0,0.0
2025-12-25,CR00047,Natural Language Processing,Artificial Intelligence,0.0,23.61424256897601,0.0,23.61424256897601
2025-12-25,CR00013,Finance for Startups,Business,0.0,0.0,0.0,0.0
2025-12-25,CR00016,Digital Marketing,Marketing,0.0,0.0,0.0,0.0
2025-12-25,CR00029,Natural Language Processing,Machine Learning,1.0,0.0,0.0,0.0
2025-12-25,CR00024,Big Data Analytics,Data Science,0.0,59.18047749592216,0.0,59.18047749592216
2025-12-25,CR00049,Deep Learning,Artificial Intelligence,0.0,174.6045335638188,0.0,174.6045335638188
2025-12-25,CR00015,Leadership Essentials,Business,0.0,111.81782296039759,0.0,111.81782296039759
2025-12-25,CR00006,Graphic Design Basics,Design,0.0,129.73109881072054,0.0,129.73109881072054
2025-12-25,CR00030,Reinforcement Learning,Machine Learning,3.0,0.0,0.0,0.0
2025-12-25,CR00045,Financial Modeling,Finance,1.0,0.0,0.0,0.0
2025-12-25,CR00056,Google Ads Mastery,Digital Marketing,1.0,88.64061684914188,212.39,88.64061684914188
2025-12-25,CR00023,Machine Learning Fundamentals,Data Science,1.0,1.3508611388044685,0.0,1.3508611388044685
2025-12-25,CR00019,Content Marketing,Marketing,1.0,0.14331625209801757,0.0,0.14331625209801757
2025-12-25,CR00033,Cybersecurity Fundamentals,Cybersecurity,0.0,0.0,0.0,0.0
2025-12-25,CR00004,Advanced Python,Programming,0.0,0.0,0.0,0.0
2025-12-25,CR00026,Intro to Machine Learning,Machine Learning,1.0,0.0,0.0,0.0
2025-12-25,CR00018,Social Media Marketing,Marketing,0.0,0.0,0.0,0.0
2025-12-25,CR00009,Web Design Fundamentals,Design,0.0,0.645862493834791,0.0,0.645862493834791
2025-12-25,CR00050,Computer Vision,Artificial Intelligence,0.0,204.55490066539522,0.0,204.55490066539522
2025-12-25,CR00042,Investment Strategies,Finance,2.0,0.0,0.0,0.0
2025-12-25,CR00034,Data Encryption,Cybersecurity,0.0,159.1358578201245,0.0,159.1358578201245
2025-12-26,CR00012,Business Strategy,Business,0.0,221.42443835571584,0.0,221.42443835571584
2025-12-26,CR00036,Agile Project Management,Project Management,0.0,2.1365494799452165,0.0,2.1365494799452165
2025-12-26,CR00030,Reinforcement Learning,Machine Learning,2.0,0.0,0.0,0.0
2025-12-26,CR00017,SEO Mastery,Marketing,0.0,1.3239938423529338,0.0,1.3239938423529338
2025-12-26,CR00026,Intro to Machine Learning,Machine Learning,0.0,0.0,0.0,0.0
2025-12-26,CR00050,Computer Vision,Artificial Intelligence,0.0,208.19123799198337,0.0,208.19123799198337
2025-12-26,CR00018,Social Media Marketing,Marketing,0.0,0.0,0.0,0.0
2025-12-26,CR00002,Java Programming,Programming,0.0,0.0,0.0,0.0
2025-12-26,CR00049,Deep Learning,Artificial Intelligence,0.0,190.23959300618165,0.0,190.23959300618165
2025-12-26,CR00008,Photoshop Mastery,Design,0.0,0.0,0.0,0.0
2025-12-26,CR00029,Natural Language Processing,Machine Learning,0.0,0.0,0.0,0.0
2025-12-26,CR00016,Digital Marketing,Marketing,0.0,0.0,0.0,0.0
2025-12-26,CR00013,Finance for Startups,Business,1.0,0.0,0.0,0.0
2025-12-26,CR00010,3D Modeling,Design,2.0,0.0,0.0,0.0
2025-12-26,CR00027,Neural Networks,Machine Learning,0.0,0.0,0.0,0.0
2025-12-26,CR00021,Data Analysis with Python,Data Science,1.0,0.0,0.0,0.0
2025-12-26,CR00038,Risk Management,Project Management,1.0,135.08268061882293,342.61,135.08268061882293
2025-12-26,CR00044,Personal Finance,Finance,0.0,45.41820596741466,0.0,45.41820596741466
2025-12-26,CR00005,Full Stack Development,Programming,0.0,0.0,0.0,0.0
2025-12-26,CR00015,Leadership Essentials,Business,1.0,122.87896579457593,285.05,122.87896579457593
2025-12-26,CR00001,Python Basics,Programming,0.0,196.64432196465003,0.0,196.64432196465003
2025-12-26,CR00048,AI Ethics,Artificial Intelligence,0.0,0.0,0.0,0.0
2025-12-26,CR00032,Ethical Hacking,Cybersecurity,1.0,0.0,0.0,0.0
2025-12-26,CR00011,Entrepreneurship 101,Business,0.0,126.41662424808558,0.0,126.41662424808558
2025-12-26,CR00004,Advanced Python,Programming,0.0,0.0,0.0,0.0
2025-12-26,CR00051,HTML & CSS,Web Development,1.0,12.06982208575397,37.89,12.06982208575397
2025-12-26,CR00022,Data Visualization,Data Science,1.0,3.475004314650377,0.0,3.475004314650377
2025-12-26,CR00039,Project Planning,Project Management,1.0,173.95440180990687,346.71,173.95440180990687
2025-12-26,CR00023,Machine Learning Fundamentals,Data Science,1.0,0.7699966323261194,0.0,0.7699966323261194
2025-12-26,CR00058,Social Media Strategy,Digital Marketing,1.0,0.0,0.0,0.0
2025-12-26,CR00037,Scrum Essentials,Project Management,0.0,0.0,0.0,0.0
2025-12-26,CR00006,Graphic Design Basics,Design,0.0,139.2372286641037,0.0,139.2372286641037
2025-12-26,CR00047,Natural Language Processing,Artificial Intelligence,0.0,21.782590423301897,0.0,21.782590423301897
2025-12-26,CR00042,Investment Strategies,Finance,0.0,0.0,0.0,0.0
2025-12-26,CR00054,Backend Development with Node.js,Web Development,0.0,0.08390914570888697,0.0,0.08390914570888697
2025-12-26,CR00053,React for Beginners,Web Development,0.0,0.0,0.0,0.0
2025-12-26,CR00028,Deep Learning,Machine Learning,1.0,0.0,0.78,0.0
2025-12-26,CR00060,Content Creation,Digital Marketing,2.0,0.0,0.0,0.0
2025-12-26,CR00055,Full-Stack Web Development,Web Development,0.0,19.67558579007892,0.0,19.67558579007892
2025-12-26,CR00041,Financial Accounting,Finance,1.0,24.476734955861374,53.86,24.476734955861374
2025-12-26,CR00035,Cyber Threat Intelligence,Cybersecurity,0.0,0.0,0.0,0.0
2025-12-26,CR00034,Data Encryption,Cybersecurity,0.0,144.7278963681753,0.0,144.7278963681753
2025-12-26,CR00031,Network Security,Cybersecurity,0.0,0.0,0.0,0.0
2025-12-26,CR00059,Affiliate Marketing,Digital Marketing,2.0,0.0,0.0,0.0
2025-12-26,CR00009,Web Design Fundamentals,Design,1.0,0.0,0.0,0.0
2025-12-26,CR00043,Corporate Finance,Finance,0.0,0.0,0.0,0.0
2025-12-26,CR00003,C++ for Beginners,Programming,0.0,0.0,0.0,0.0
2025-12-26,CR00057,SEO for E-commerce,Digital Marketing,0.0,61.00389684470311,0.0,61.00389684470311
2025-12-26,CR00045,Financial Modeling,Finance,0.0,0.0,0.0,0.0
2025-12-26,CR00020,Email Marketing,Marketing,0.0,0.0,0.0,0.0
2025-12-26,CR00019,Content Marketing,Marketing,1.0,0.0,0.0,0.0
2025-12-26,CR00033,Cybersecurity Fundamentals,Cybersecurity,0.0,0.0,0.0,0.0
2025-12-26,CR00046,AI for Beginners,Artificial Intelligence,0.0,89.47393559468978,0.0,89.47393559468978
2025-12-26,CR00040,Leadership in Projects,Project Management,1.0,141.54826921494703,327.99,141.54826921494703
2025-12-26,CR00052,JavaScript Mastery,Web Development,0.0,0.1915505787503946,0.0,0.1915505787503946
2025-12-26,CR00056,Google Ads Mastery,Digital Marketing,0.0,87.11018353509752,0.0,87.11018353509752
2025-12-26,CR00025,Statistical Analysis,Data Science,0.0,113.31252983500198,0.0,113.31252983500198
2025-12-26,CR00014,Sales Mastery,Business,0.0,0.0,0.0,0.0
2025-12-26,CR00024,Big Data Analytics,Data Science,1.0,52.078438354121666,117.68,52.078438354121666
2025-12-26,CR00007,UI/UX Design,Design,0.0,0.0,0.0,0.0
2025-12-27,CR00016,Digital Marketing,Marketing,1.0,0.0,0.0,0.0
2025-12-27,CR00005,Full Stack Development,Programming,0.0,0.0,0.0,0.0
2025-12-27,CR00035,Cyber Threat Intelligence,Cybersecurity,1.0,0.0,0.0,0.0
2025-12-27,CR00015,Leadership Essentials,Business,0.0,107.84534485058097,0.0,107.84534485058097
2025-12-27,CR00034,Data Encryption,Cybersecurity,0.0,178.0573354011142,0.0,178.0573354011142
2025-12-27,CR00039,Project Planning,Project Management,0.0,166.07645049482727,0.0,166.07645049482727
2025-12-27,CR00023,Machine Learning Fundamentals,Data Science,0.0,0.0,0.0,0.0
2025-12-27,CR00037,Scrum Essentials,Project Management,0.0,0.0,0.0,0.0
2025-12-27,CR00058,Social Media Strategy,Digital Marketing,0.0,0.0,0.0,0.0
2025-12-27,CR00006,Graphic Design Basics,Design,2.0,144.40007462340276,552.74,144.40007462340276
2025-12-27,CR00049,Deep Learning,Artificial Intelligence,0.0,179.8877919669181,0.0,179.8877919669181
2025-12-27,CR00007,UI/UX Design,Design,0.0,0.0,0.0,0.0
2025-12-27,CR00025,Statistical Analysis,Data Science,0.0,106.34131292349406,0.0,106.34131292349406
2025-12-27,CR00003,C++ for Beginners,Programming,0.0,0.0,0.0,0.0
2025-12-27,CR00022,Data Visualization,Data Science,0.0,2.7339186823680137,0.0,2.7339186823680137
2025-12-27,CR00038,Risk Management,Project Management,3.0,157.64955064235673,1027.83,157.64955064235673
2025-12-27,CR00051,HTML & CSS,Web Development,0.0,10.8496527297922,0.0,10.8496527297922
2025-12-27,CR00032,Ethical Hacking,Cybersecurity,2.0,0.0,0.0,0.0
2025-12-27,CR00047,Natural Language Processing,Artificial Intelligence,1.0,21.845822708009404,89.59,21.845822708009404
2025-12-27,CR00001,Python Basics,Programming,0.0,206.96890484550656,0.0,206.96890484550656
2025-12-27,CR00014,Sales Mastery,Business,0.0,0.0,0.0,0.0
2025-12-27,CR00060,Content Creation,Digital Marketing,0.0,0.0,0.0,0.0
2025-12-27,CR00011,Entrepreneurship 101,Business,1.0,142.9987310922736,326.02,142.9987310922736
2025-12-27,CR00019,Content Marketing,Marketing,0.0,0.0,0.0,0.0
2025-12-27,CR00004,Advanced Python,Programming,0.0,0.0,0.0,0.0
2025-12-27,CR00009,Web Design Fundamentals,Design,0.0,0.0,0.0,0.0
2025-12-27,CR00056,Google Ads Mastery,Digital Marketing,1.0,88.79770085460575,212.39,88.79770085460575
2025-12-27,CR00029,Natural Language Processing,Machine Learning,0.0,0.0,0.0,0.0
2025-12-27,CR00010,3D Modeling,Design,0.0,0.0,0.0,0.0
2025-12-27,CR00020,Email Marketing,Marketing,0.0,0.0,0.0,0.0
2025-12-27,CR00002,Java Programming,Programming,0.0,0.0,0.0,0.0
2025-12-27,CR00040,Leadership in Projects,Project Management,0.0,135.2940210375002,0.0,135.2940210375002
2025-12-27,CR00033,Cybersecurity Fundamentals,Cybersecurity,0.0,0.0,0.0,0.0
2025-12-27,CR00031,Network Security,Cybersecurity,0.0,0.0,0.0,0.0
2025-12-27,CR00046,AI for Beginners,Artificial Intelligence,0.0,99.19345103327029,0.0,99.19345103327029
2025-12-27,CR00048,AI Ethics,Artificial Intelligence,0.0,0.0,0.0,0.0
2025-12-27,CR00013,Finance for Startups,Business,0.0,0.0,0.0,0.0
2025-12-27,CR00055,Full-Stack Web Development,Web Development,0.0,20.268201215886272,0.0,20.268201215886272
2025-12-27,CR00008,Photoshop Mastery,Design,0.0,0.0,0.0,0.0
2025-12-27,CR00018,Social Media Marketing,Marketing,0.0,0.0,0.0,0.0
2025-12-27,CR00050,Computer Vision,Artificial Intelligence,0.0,231.28054315409256,0.0,231.28054315409256
2025-12-27,CR00043,Corporate Finance,Finance,0.0,0.0,0.0,0.0
2025-12-27,CR00052,JavaScript Mastery,Web Development,1.0,0.3282637748294803,0.0,0.3282637748294803
2025-12-27,CR00042,Investment Strategies,Finance,0.0,0.0,0.0,0.0
2025-12-27,CR00024,Big Data Analytics,Data Science,0.0,57.44493542435296,0.0,57.44493542435296
2025-12-27,CR00017,SEO Mastery,Marketing,0.0,0.8157737732534045,0.0,0.8157737732534045
2025-12-27,CR00057,SEO for E-commerce,Digital Marketing,0.0,82.68944650663563,0.0,82.68944650663563
2025-12-27,CR00045,Financial Modeling,Finance,1.0,0.0,0.0,0.0
2025-12-27,CR00036,Agile Project Management,Project Management,0.0,2.999828232744022,0.0,2.999828232744022
2025-12-27,CR00012,Business Strategy,Business,0.0,221.38747587775296,0.0,221.38747587775296
2025-12-27,CR00030,Reinforcement Learning,Machine Learning,2.0,0.0,0.0,0.0
2025-12-27,CR00028,Deep Learning,Machine Learning,0.0,0.0,0.0,0.0
2025-12-27,CR00053,React for Beginners,Web Development,1.0,0.0,0.0,0.0
2025-12-27,CR00041,Financial Accounting,Finance,0.0,23.38490395554213,0.0,23.38490395554213
2025-12-27,CR00027,Neural Networks,Machine Learning,1.0,0.0,0.0,0.0
2025-12-27,CR00059,Affiliate Marketing,Digital Marketing,0.0,0.0,0.0,0.0
2025-12-27,CR00054,Backend Development with Node.js,Web Development,1.0,0.0,0.0,0.0
2025-12-27,CR00044,Personal Finance,Finance,2.0,37.802527084759575,238.08,37.802527084759575
2025-12-27,CR00026,Intro to Machine Learning,Machine Learning,0.0,0.0,0.0,0.0
2025-12-27,CR00021,Data Analysis with Python,Data Science,0.0,0.0,0.0,0.0
2025-12-28,CR00038,Risk Management,Project Management,1.0,143.25042293641835,342.61,143.25042293641835
2025-12-28,CR00009,Web Design Fundamentals,Design,0.0,0.0,0.0,0.0
2025-12-28,CR00055,Full-Stack Web Development,Web Development,2.0,21.140397429624816,114.64,21.140397429624816
2025-12-28,CR00051,HTML & CSS,Web Development,0.0,11.339518273004217,0.0,11.339518273004217
2025-12-28,CR00010,3D Modeling,Design,2.0,0.0,0.0,0.0
2025-12-28,CR00026,Intro to Machine Learning,Machine Learning,0.0,0.0,0.0,0.0
2025-12-28,CR00054,Backend Development with Node.js,Web Development,0.0,0.0,0.0,0.0
2025-12-28,CR00040,Leadership in Projects,Project Management,1.0,151.70600500517827,327.99,151.70600500517827
2025-12-28,CR00039,Project Planning,Project Management,0.0,155.63410225501033,0.0,155.63410225501033
2025-12-28,CR00048,AI Ethics,Artificial Intelligence,0.0,0.0,0.0,0.0
2025-12-28,CR00044,Personal Finance,Finance,0.0,39.73243004163314,0.0,39.73243004163314
2025-12-28,CR00011,Entrepreneurship 101,Business,1.0,132.23623230765293,326.02,132.23623230765293
2025-12-28,CR00045,Financial Modeling,Finance,1.0,0.0,0.0,0.0
2025-12-28,CR00042,Investment Strategies,Finance,0.0,0.0,0.0,0.0
2025-12-28,CR00030,Reinforcement Learning,Machine Learning,1.0,0.0,0.0,0.0
2025-12-28,CR00006,Graphic Design Basics,Design,1.0,137.80254379666343,276.37,137.80254379666343
2025-12-28,CR00004,Advanced Python,Programming,0.0,0.0,0.0,0.0
2025-12-28,CR00015,Leadership Essentials,Business,0.0,104.15736178308232,0.0,104.15736178308232
2025-12-28,CR00060,Content Creation,Digital Marketing,0.0,0.0,0.0,0.0
2025-12-28,CR00018,Social Media Marketing,Marketing,1.0,0.0,0.0,0.0
2025-12-28,CR00033,Cybersecurity Fundamentals,Cybersecurity,0.0,0.0,0.0,0.0
2025-12-28,CR00059,Affiliate Marketing,Digital Marketing,2.0,0.0,0.0,0.0
2025-12-28,CR00043,Corporate Finance,Finance,0.0,0.0,0.0,0.0
2025-12-28,CR00031,Network Security,Cybersecurity,1.0,0.0,0.0,0.0
2025-12-28,CR00053,React for Beginners,Web Development,0.0,0.0,0.0,0.0
2025-12-28,CR00016,Digital Marketing,Marketing,1.0,0.0,0.0,0.0
2025-12-28,CR00025,Statistical Analysis,Data Science,0.0,105.4896320126187,0.0,105.4896320126187
2025-12-28,CR00032,Ethical Hacking,Cybersecurity,1.0,0.0,0.0,0.0
2025-12-28,CR00005,Full Stack Development,Programming,2.0,0.0,0.0,0.0
2025-12-28,CR00050,Computer Vision,Artificial Intelligence,1.0,197.93400416779744,490.9,197.93400416779744
2025-12-28,CR00056,Google Ads Mastery,Digital Marketing,0.0,96.11033138660176,0.0,96.11033138660176
2025-12-28,CR00017,SEO Mastery,Marketing,0.0,0.0,0.0,0.0
2025-12-28,CR00023,Machine Learning Fundamentals,Data Science,0.0,0.0,0.0,0.0
2025-12-28,CR00034,Data Encryption,Cybersecurity,0.0,163.40566570950642,0.0,163.40566570950642
2025-12-28,CR00001,Python Basics,Programming,0.0,221.4283441729891,0.0,221.4283441729891
2025-12-28,CR00014,Sales Mastery,Business,0.0,0.0,0.0,0.0
2025-12-28,CR00029,Natural Language Processing,Machine Learning,1.0,0.0,0.0,0.0
2025-12-28,CR00037,Scrum Essentials,Project Management,0.0,0.0,0.0,0.0
2025-12-28,CR00022,Data Visualization,Data Science,0.0,1.6422635084604877,0.0,1.6422635084604877
2025-12-28,CR00058,Social Media Strategy,Digital Marketing,1.0,0.0,0.0,0.0
2025-12-28,CR00024,Big Data Analytics,Data Science,0.0,53.87032103845274,0.0,53.87032103845274
2025-12-28,CR00047,Natural Language Processing,Artificial Intelligence,2.0,26.41779613675731,179.18,26.41779613675731
2025-12-28,CR00027,Neural Networks,Machine Learning,0.0,0.0,0.0,0.0
2025-12-28,CR00021,Data Analysis with Python,Data Science,0.0,0.0,0.0,0.0
2025-12-28,CR00012,Business Strategy,Business,1.0,239.85478816872458,487.92,239.85478816872458
2025-12-28,CR00036,Agile Project Management,Project Management,0.0,1.105594348625516,0.0,1.105594348625516
2025-12-28,CR00002,Java Programming,Programming,0.0,0.0,0.0,0.0
2025-12-28,CR00013,Finance for Startups,Business,3.0,0.0,0.0,0.0
2025-12-28,CR00008,Photoshop Mastery,Design,0.0,0.0,0.0,0.0
2025-12-28,CR00028,Deep Learning,Machine Learning,0.0,0.0,0.0,0.0
2025-12-28,CR00057,SEO for E-commerce,Digital Marketing,0.0,64.43218323472047,0.0,64.43218323472047
2025-12-28,CR00020,Email Marketing,Marketing,1.0,0.0,0.0,0.0
2025-12-28,CR00046,AI for Beginners,Artificial Intelligence,0.0,93.30005187018199,0.0,93.30005187018199
2025-12-28,CR00041,Financial Accounting,Finance,0.0,23.807454796051964,0.0,23.807454796051964
2025-12-28,CR00052,JavaScript Mastery,Web Development,0.0,0.0,0.0,0.0
2025-12-28,CR00035,Cyber Threat Intelligence,Cybersecurity,0.0,0.0,0.0,0.0
2025-12-28,CR00007,UI/UX Design,Design,0.0,0.0,0.0,0.0
2025-12-28,CR00003,C++ for Beginners,Programming,0.0,0.0,0.0,0.0
2025-12-28,CR00019,Content Marketing,Marketing,1.0,0.0,0.0,0.0
2025-12-28,CR00049,Deep Learning,Artificial Intelligence,0.0,205.34604996632277,0.0,205.34604996632277
2025-12-29,CR00030,Reinforcement Learning,Machine Learning,1.0,0.0,0.0,0.0
2025-12-29,CR00058,Social Media Strategy,Digital Marketing,0.0,2.8186624781964014,0.0,2.8186624781964014
2025-12-29,CR00026,Intro to Machine Learning,Machine Learning,0.0,2.030952066033791,0.0,2.030952066033791
2025-12-29,CR00025,Statistical Analysis,Data Science,3.0,120.43053722919512,898.71,120.43053722919512
2025-12-29,CR00024,Big Data Analytics,Data Science,1.0,61.2448066487746,117.68,61.2448066487746
2025-12-29,CR00023,Machine Learning Fundamentals,Data Science,0.0,7.741212127382219,0.0,7.741212127382219
2025-12-29,CR00022,Data Visualization,Data Science,0.0,9.692692551774464,0.0,9.692692551774464
2025-12-29,CR00021,Data Analysis with Python,Data Science,1.0,5.520421992232116,0.0,5.520421992232116
2025-12-29,CR00020,Email Marketing,Marketing,0.0,0.0,0.0,0.0
2025-12-29,CR00019,Content Marketing,Marketing,0.0,4.980012347293041,0.0,4.980012347293041
2025-12-29,CR00018,Social Media Marketing,Marketing,0.0,1.254051178000239,0.0,1.254051178000239
2025-12-29,CR00017,SEO Mastery,Marketing,1.0,6.86822212131203,0.0,6.86822212131203
2025-12-29,CR00016,Digital Marketing,Marketing,0.0,1.92323970120421,0.0,1.92323970120421
2025-12-29,CR00015,Leadership Essentials,Business,0.0,137.3865930476884,0.0,137.3865930476884
2025-12-29,CR00027,Neural Networks,Machine Learning,1.0,5.090178054790655,0.0,5.090178054790655
2025-12-29,CR00014,Sales Mastery,Business,0.0,5.874183133892494,0.0,5.874183133892494
2025-12-29,CR00012,Business Strategy,Business,0.0,273.0561217506108,0.0,273.0561217506108
2025-12-29,CR00011,Entrepreneurship 101,Business,0.0,134.22685370541637,0.0,134.22685370541637
2025-12-29,CR00010,3D Modeling,Design,0.0,4.236493505957455,0.0,4.236493505957455
2025-12-29,CR00009,Web Design Fundamentals,Design,0.0,5.92159499112357,0.0,5.92159499112357
2025-12-29,CR00008,Photoshop Mastery,Design,0.0,0.8185545188392922,0.0,0.8185545188392922
2025-12-29,CR00007,UI/UX Design,Design,1.0,0.5390098909291225,0.0,0.5390098909291225
2025-12-29,CR00006,Graphic Design Basics,Design,0.0,150.95658335624685,0.0,150.95658335624685
2025-12-29,CR00005,Full Stack Development,Programming,2.0,2.2335928827365024,0.0,2.2335928827365024
2025-12-29,CR00004,Advanced Python,Programming,0.0,3.8669216947173553,0.0,3.8669216947173553
2025-12-29,CR00003,C++ for Beginners,Programming,1.0,5.206722191912107,0.0,5.206722191912107
2025-12-29,CR00002,Java Programming,Programming,1.0,0.0,0.0,0.0
2025-12-29,CR00001,Python Basics,Programming,0.0,197.54636906015156,0.0,197.54636906015156
2025-12-29,CR00013,Finance for Startups,Business,1.0,4.732210034025627,0.0,4.732210034025627
2025-12-29,CR00059,Affiliate Marketing,Digital Marketing,0.0,0.0,0.0,0.0
2025-12-29,CR00028,Deep Learning,Machine Learning,0.0,5.49406386383945,0.0,5.49406386383945
2025-12-29,CR00031,Network Security,Cybersecurity,1.0,0.0,0.0,0.0
2025-12-29,CR00057,SEO for E-commerce,Digital Marketing,0.0,78.60077760722885,0.0,78.60077760722885
2025-12-29,CR00056,Google Ads Mastery,Digital Marketing,0.0,97.8797397626996,0.0,97.8797397626996
2025-12-29,CR00055,Full-Stack Web Development,Web Development,0.0,24.813983479290066,0.0,24.813983479290066
2025-12-29,CR00054,Backend Development with Node.js,Web Development,0.0,4.712056275985191,0.0,4.712056275985191
2025-12-29,CR00053,React for Beginners,Web Development,1.0,1.0711161545368526,0.0,1.0711161545368526
2025-12-29,CR00052,JavaScript Mastery,Web Development,0.0,6.659106709852992,0.0,6.659106709852992
2025-12-29,CR00051,HTML & CSS,Web Development,0.0,17.977223348719406,0.0,17.977223348719406
2025-12-29,CR00050,Computer Vision,Artificial Intelligence,1.0,253.2279484623591,490.9,253.2279484623591
2025-12-29,CR00049,Deep Learning,Artificial Intelligence,1.0,175.41884660786292,415.51,175.41884660786292
2025-12-29,CR00048,AI Ethics,Artificial Intelligence,1.0,2.086879575426721,0.0,2.086879575426721
2025-12-29,CR00047,Natural Language Processing,Artificial Intelligence,0.0,37.24929246133277,0.0,37.24929246133277
2025-12-29,CR00046,AI for Beginners,Artificial Intelligence,0.0,113.20746119327605,0.0,113.20746119327605
2025-12-29,CR00029,Natural Language Processing,Machine Learning,0.0,5.731825228867329,0.0,5.731825228867329
2025-12-29,CR00045,Financial Modeling,Finance,1.0,4.7219424951615,0.0,4.7219424951615
2025-12-29,CR00043,Corporate Finance,Finance,0.0,4.688599911190309,0.0,4.688599911190309
2025-12-29,CR00042,Investment Strategies,Finance,1.0,4.1259094946757955,0.0,4.1259094946757955
2025-12-29,CR00041,Financial Accounting,Finance,1.0,30.717418633763337,53.86,30.717418633763337
2025-12-29,CR00040,Leadership in Projects,Project Management,0.0,134.58218675402418,0.0,134.58218675402418
2025-12-29,CR00039,Project Planning,Project Management,0.0,165.63028524964295,0.0,165.63028524964295
2025-12-29,CR00038,Risk Management,Project Management,0.0,163.21045604132067,0.0,163.21045604132067
2025-12-29,CR00037,Scrum Essentials,Project Management,0.0,0.6512401621585155,0.0,0.6512401621585155
2025-12-29,CR00036,Agile Project Management,Project Management,1.0,7.740673525302228,0.0,7.740673525302228
2025-12-29,CR00035,Cyber Threat Intelligence,Cybersecurity,0.0,1.0448770453924539,0.0,1.0448770453924539
2025-12-29,CR00034,Data Encryption,Cybersecurity,1.0,174.9715708093685,394.26,174.9715708093685
2025-12-29,CR00033,Cybersecurity Fundamentals,Cybersecurity,0.0,0.0,0.0,0.0
2025-12-29,CR00032,Ethical Hacking,Cybersecurity,0.0,0.9141988658015308,0.0,0.9141988658015308
2025-12-29,CR00044,Personal Finance,Finance,0.0,44.635945533457594,0.0,44.635945533457594
2025-12-29,CR00060,Content Creation,Digital Marketing,3.0,1.6165054893310966,0.0,1.6165054893310966
